design,outcome,factor,metric,point,p02_5,median,p97_5,range_width,bootstrap_draws,range_label,replications_design,replications_benchmark
C-D1,mean_total_shift,topology,B_total_U,2.3919042786851497e-06,2.355588199909756e-06,2.39288414956932e-06,2.428703359964691e-06,7.311516005493488e-08,1000,2.5th-97.5th percentile range from distinct-pair replication-block bootstrap,30,30
C-D1,mean_total_shift,topology,B_factor_U,2.9683422614709887e-10,-9.736989872679594e-10,2.3208593184002966e-10,1.816901077631199e-09,2.7906000648991585e-09,1000,2.5th-97.5th percentile range from distinct-pair replication-block bootstrap,30,30
C-D1,mean_total_shift,topology,q_proportion,8.832155307448903e-08,-2.894148789541378e-07,6.9097424057323e-08,5.404854383824003e-07,8.299003173365381e-07,1000,2.5th-97.5th percentile range from distinct-pair replication-block bootstrap,30,30
C-D1,mean_total_shift,topology,rho_proportion,0.00024667876953497216,-0.0008791032451853937,0.00019192509488952488,0.001448267780023809,0.0023273710252092027,1000,2.5th-97.5th percentile range from distinct-pair replication-block bootstrap,30,30
C-D1,mean_total_shift,topology,tau_proportion,0.0007116992654152278,0.0007012452840344512,0.0007118085562404227,0.0007219286590928647,2.0683375058413544e-05,1000,2.5th-97.5th percentile range from distinct-pair replication-block bootstrap,30,30
C-D1,mean_total_shift,message_condition,B_total_U,2.3919042786851497e-06,2.355588199909756e-06,2.39288414956932e-06,2.428703359964691e-06,7.311516005493488e-08,1000,2.5th-97.5th percentile range from distinct-pair replication-block bootstrap,30,30
C-D1,mean_total_shift,message_condition,B_factor_U,2.390269520912098e-06,2.35389883314667e-06,2.3909205600073432e-06,2.426096136435522e-06,7.219730328885177e-08,1000,2.5th-97.5th percentile range from distinct-pair replication-block bootstrap,30,30
C-D1,mean_total_shift,message_condition,q_proportion,0.0007112128513406426,0.0007007737573268992,0.0007113878423218481,0.0007216502103036364,2.0876452976737142e-05,1000,2.5th-97.5th percentile range from distinct-pair replication-block bootstrap,30,30
C-D1,mean_total_shift,message_condition,rho_proportion,0.005572592941540986,0.005490513493629806,0.005572054827485349,0.005652121549193283,0.00016160805556347715,1000,2.5th-97.5th percentile range from distinct-pair replication-block bootstrap,30,30
C-D1,mean_total_shift,message_condition,tau_proportion,0.0007116992654152278,0.0007012452840344512,0.0007118085562404227,0.0007219286590928647,2.0683375058413544e-05,1000,2.5th-97.5th percentile range from distinct-pair replication-block bootstrap,30,30
C-D1,mean_total_shift,inoculation,B_total_U,2.3919042786851497e-06,2.355588199909756e-06,2.39288414956932e-06,2.428703359964691e-06,7.311516005493488e-08,1000,2.5th-97.5th percentile range from distinct-pair replication-block bootstrap,30,30
C-D1,mean_total_shift,inoculation,B_factor_U,1.1274221410318003e-09,-4.1566422062247184e-10,1.0929403955977813e-09,2.8691869643154002e-09,3.2848511849378722e-09,1000,2.5th-97.5th percentile range from distinct-pair replication-block bootstrap,30,30
C-D1,mean_total_shift,inoculation,q_proportion,3.3545887129993087e-07,-1.2362942950995398e-07,3.249523355553375e-07,8.526246099754774e-07,9.762540394854313e-07,1000,2.5th-97.5th percentile range from distinct-pair replication-block bootstrap,30,30
C-D1,mean_total_shift,inoculation,rho_proportion,0.0013158478608891028,-0.0005136322895003872,0.0012377744737775255,0.0033639333257830576,0.0038775656152834448,1000,2.5th-97.5th percentile range from distinct-pair replication-block bootstrap,30,30
C-D1,mean_total_shift,inoculation,tau_proportion,0.0007116992654152278,0.0007012452840344512,0.0007118085562404227,0.0007219286590928647,2.0683375058413544e-05,1000,2.5th-97.5th percentile range from distinct-pair replication-block bootstrap,30,30
C-D1,mean_total_shift,seeding_regime,B_total_U,2.3919042786851497e-06,2.355588199909756e-06,2.39288414956932e-06,2.428703359964691e-06,7.311516005493488e-08,1000,2.5th-97.5th percentile range from distinct-pair replication-block bootstrap,30,30
C-D1,mean_total_shift,seeding_regime,B_factor_U,2.1050140587557753e-10,-8.034172347623025e-10,1.780545239925816e-10,1.3271287001808516e-09,2.130545934943154e-09,1000,2.5th-97.5th percentile range from distinct-pair replication-block bootstrap,30,30
C-D1,mean_total_shift,seeding_regime,q_proportion,6.263365021148551e-08,-2.389983737556497e-07,5.298986461068889e-08,3.9428795071502593e-07,6.332863244706756e-07,1000,2.5th-97.5th percentile range from distinct-pair replication-block bootstrap,30,30
C-D1,mean_total_shift,seeding_regime,rho_proportion,7.184734646662856e-08,-2.742920953251296e-07,6.079949239586352e-08,4.522695778663149e-07,7.265616731914445e-07,1000,2.5th-97.5th percentile range from distinct-pair replication-block bootstrap,30,30
C-D1,mean_total_shift,seeding_regime,tau_proportion,0.0007116992654152278,0.0007012452840344512,0.0007118085562404227,0.0007219286590928647,2.0683375058413544e-05,1000,2.5th-97.5th percentile range from distinct-pair replication-block bootstrap,30,30
C-D10,mean_total_shift,topology,B_total_U,0.00022853334138815635,0.00022730102984865267,0.000228570855164436,0.0002299749097577213,2.6738799090686416e-06,1000,2.5th-97.5th percentile range from distinct-pair replication-block bootstrap,30,30
C-D10,mean_total_shift,topology,B_factor_U,1.059440284341967e-07,8.521200126012686e-08,1.0634749936017889e-07,1.2586384532443576e-07,4.06518440643089e-08,1000,2.5th-97.5th percentile range from distinct-pair replication-block bootstrap,30,30
C-D10,mean_total_shift,topology,q_proportion,3.152312067153288e-05,2.5378462651306524e-05,3.1656689484032805e-05,3.742463538901702e-05,1.2046172737710498e-05,1000,2.5th-97.5th percentile range from distinct-pair replication-block bootstrap,30,30
C-D10,mean_total_shift,topology,rho_proportion,0.08804288815661956,0.07470563020326172,0.08791361867385272,0.10673423579266123,0.0320286055893995,1000,2.5th-97.5th percentile range from distinct-pair replication-block bootstrap,30,30
C-D10,mean_total_shift,topology,tau_proportion,0.06799896326881726,0.06763148977416679,0.06801826817942877,0.06839515970338426,0.0007636699292174753,1000,2.5th-97.5th percentile range from distinct-pair replication-block bootstrap,30,30
C-D10,mean_total_shift,message_condition,B_total_U,0.00022853334138815635,0.00022730102984865267,0.000228570855164436,0.0002299749097577213,2.6738799090686416e-06,1000,2.5th-97.5th percentile range from distinct-pair replication-block bootstrap,30,30
C-D10,mean_total_shift,message_condition,B_factor_U,4.821542363431345e-05,4.7772774772081665e-05,4.8230200281819216e-05,4.8693299530782064e-05,9.20524758700399e-07,1000,2.5th-97.5th percentile range from distinct-pair replication-block bootstrap,30,30
C-D10,mean_total_shift,message_condition,q_proportion,0.014346260378399455,0.014233512578721953,0.01435092690329955,0.014474852241237839,0.00024133966251588604,1000,2.5th-97.5th percentile range from distinct-pair replication-block bootstrap,30,30
C-D10,mean_total_shift,message_condition,rho_proportion,0.11240779630384805,0.11156534886064122,0.11241262094302087,0.11325000004007267,0.0016846511794314512,1000,2.5th-97.5th percentile range from distinct-pair replication-block bootstrap,30,30
C-D10,mean_total_shift,message_condition,tau_proportion,0.06799896326881726,0.06763148977416679,0.06801826817942877,0.06839515970338426,0.0007636699292174753,1000,2.5th-97.5th percentile range from distinct-pair replication-block bootstrap,30,30
C-D10,mean_total_shift,inoculation,B_total_U,0.00022853334138815635,0.00022730102984865267,0.000228570855164436,0.0002299749097577213,2.6738799090686416e-06,1000,2.5th-97.5th percentile range from distinct-pair replication-block bootstrap,30,30
C-D10,mean_total_shift,inoculation,B_factor_U,5.608518533610183e-08,3.807498456360214e-08,5.545360679354862e-08,7.22097485370526e-08,3.4134763973450465e-08,1000,2.5th-97.5th percentile range from distinct-pair replication-block bootstrap,30,30
C-D10,mean_total_shift,inoculation,q_proportion,1.6687868975393373e-05,1.1320740623388125e-05,1.6509621318622698e-05,2.1531386789690555e-05,1.021064616630243e-05,1000,2.5th-97.5th percentile range from distinct-pair replication-block bootstrap,30,30
C-D10,mean_total_shift,inoculation,rho_proportion,0.06545868531953629,0.04423842035922343,0.06490345241286878,0.08712330008100139,0.04288487972177796,1000,2.5th-97.5th percentile range from distinct-pair replication-block bootstrap,30,30
C-D10,mean_total_shift,inoculation,tau_proportion,0.06799896326881726,0.06763148977416679,0.06801826817942877,0.06839515970338426,0.0007636699292174753,1000,2.5th-97.5th percentile range from distinct-pair replication-block bootstrap,30,30
C-D10,mean_total_shift,seeding_regime,B_total_U,0.00022853334138815635,0.00022730102984865267,0.000228570855164436,0.0002299749097577213,2.6738799090686416e-06,1000,2.5th-97.5th percentile range from distinct-pair replication-block bootstrap,30,30
C-D10,mean_total_shift,seeding_regime,B_factor_U,0.00018015588854007267,0.00017925578807332705,0.00018017664421342473,0.00018115484734396704,1.8990592706399944e-06,1000,2.5th-97.5th percentile range from distinct-pair replication-block bootstrap,30,30
C-D10,mean_total_shift,seeding_regime,q_proportion,0.0536044919007709,0.05332884662824692,0.053621816851493,0.0539028496552822,0.0005740030270352803,1000,2.5th-97.5th percentile range from distinct-pair replication-block bootstrap,30,30
C-D10,mean_total_shift,seeding_regime,rho_proportion,0.061489957694594456,0.061175180994954094,0.061511380244284916,0.061833839659546544,0.00065865866459245,1000,2.5th-97.5th percentile range from distinct-pair replication-block bootstrap,30,30
C-D10,mean_total_shift,seeding_regime,tau_proportion,0.06799896326881726,0.06763148977416679,0.06801826817942877,0.06839515970338426,0.0007636699292174753,1000,2.5th-97.5th percentile range from distinct-pair replication-block bootstrap,30,30
C-D5,mean_total_shift,topology,B_total_U,5.9231488817922564e-05,5.874221246052574e-05,5.925383029817964e-05,5.9747227739025435e-05,1.0050152784996921e-06,1000,2.5th-97.5th percentile range from distinct-pair replication-block bootstrap,30,30
C-D5,mean_total_shift,topology,B_factor_U,1.8733034393112415e-08,1.1867354847777946e-08,1.883807601531743e-08,2.6840600105391367e-08,1.497324525761342e-08,1000,2.5th-97.5th percentile range from distinct-pair replication-block bootstrap,30,30
C-D5,mean_total_shift,topology,q_proportion,5.573921555048672e-06,3.5279636945963588e-06,5.5997414028070115e-06,7.993907358590562e-06,4.465943663994203e-06,1000,2.5th-97.5th percentile range from distinct-pair replication-block bootstrap,30,30
C-D5,mean_total_shift,topology,rho_proportion,0.015567752862364618,0.009850565637654005,0.015715789013498592,0.022603968676893814,0.01275340303923981,1000,2.5th-97.5th percentile range from distinct-pair replication-block bootstrap,30,30
C-D5,mean_total_shift,topology,tau_proportion,0.01762403598539434,0.01747540647724957,0.017627925315648538,0.01776665398698241,0.0002912475097328407,1000,2.5th-97.5th percentile range from distinct-pair replication-block bootstrap,30,30
C-D5,mean_total_shift,message_condition,B_total_U,5.9231488817922564e-05,5.874221246052574e-05,5.925383029817964e-05,5.9747227739025435e-05,1.0050152784996921e-06,1000,2.5th-97.5th percentile range from distinct-pair replication-block bootstrap,30,30
C-D5,mean_total_shift,message_condition,B_factor_U,1.7166527818853414e-05,1.6997452731894698e-05,1.7169019620638513e-05,1.7340626132674432e-05,3.431734007797341e-07,1000,2.5th-97.5th percentile range from distinct-pair replication-block bootstrap,30,30
C-D5,mean_total_shift,message_condition,q_proportion,0.00510781528645622,0.005056971399295251,0.005108523816617741,0.005161118834164369,0.00010414743486911789,1000,2.5th-97.5th percentile range from distinct-pair replication-block bootstrap,30,30
C-D5,mean_total_shift,message_condition,rho_proportion,0.04002145821514137,0.03958346587493437,0.04003366278851209,0.04043718717431587,0.0008537212993814935,1000,2.5th-97.5th percentile range from distinct-pair replication-block bootstrap,30,30
C-D5,mean_total_shift,message_condition,tau_proportion,0.01762403598539434,0.01747540647724957,0.017627925315648538,0.01776665398698241,0.0002912475097328407,1000,2.5th-97.5th percentile range from distinct-pair replication-block bootstrap,30,30
C-D5,mean_total_shift,inoculation,B_total_U,5.9231488817922564e-05,5.874221246052574e-05,5.925383029817964e-05,5.9747227739025435e-05,1.0050152784996921e-06,1000,2.5th-97.5th percentile range from distinct-pair replication-block bootstrap,30,30
C-D5,mean_total_shift,inoculation,B_factor_U,1.4194721489752598e-08,7.96153444680908e-09,1.3812270958295235e-08,2.06804524809987e-08,1.271891803418962e-08,1000,2.5th-97.5th percentile range from distinct-pair replication-block bootstrap,30,30
C-D5,mean_total_shift,inoculation,q_proportion,4.22356903955372e-06,2.3764592762795604e-06,4.104198100717049e-06,6.163067375297418e-06,3.7866080990178577e-06,1000,2.5th-97.5th percentile range from distinct-pair replication-block bootstrap,30,30
C-D5,mean_total_shift,inoculation,rho_proportion,0.016567080979191712,0.00920523834129416,0.016176957810360215,0.0257256258191276,0.01652038747783344,1000,2.5th-97.5th percentile range from distinct-pair replication-block bootstrap,30,30
C-D5,mean_total_shift,inoculation,tau_proportion,0.01762403598539434,0.01747540647724957,0.017627925315648538,0.01776665398698241,0.0002912475097328407,1000,2.5th-97.5th percentile range from distinct-pair replication-block bootstrap,30,30
C-D5,mean_total_shift,seeding_regime,B_total_U,5.9231488817922564e-05,5.874221246052574e-05,5.925383029817964e-05,5.9747227739025435e-05,1.0050152784996921e-06,1000,2.5th-97.5th percentile range from distinct-pair replication-block bootstrap,30,30
C-D5,mean_total_shift,seeding_regime,B_factor_U,4.203203324318629e-05,4.1668166322052954e-05,4.204922699074068e-05,4.241307183357941e-05,7.449055115264569e-07,1000,2.5th-97.5th percentile range from distinct-pair replication-block bootstrap,30,30
C-D5,mean_total_shift,seeding_regime,q_proportion,0.012506423208343515,0.012397871974925126,0.012510120957849922,0.012612182857691041,0.00021431088276591473,1000,2.5th-97.5th percentile range from distinct-pair replication-block bootstrap,30,30
C-D5,mean_total_shift,seeding_regime,rho_proportion,0.014346175231271572,0.014224487625396985,0.014351508327892334,0.014465061086977498,0.00024057346158051253,1000,2.5th-97.5th percentile range from distinct-pair replication-block bootstrap,30,30
C-D5,mean_total_shift,seeding_regime,tau_proportion,0.01762403598539434,0.01747540647724957,0.017627925315648538,0.01776665398698241,0.0002912475097328407,1000,2.5th-97.5th percentile range from distinct-pair replication-block bootstrap,30,30
C-D50,mean_total_shift,topology,B_total_U,0.0033608356716367236,0.003350225888086227,0.0033609722179280413,0.003371356706166034,2.113081807980687e-05,1000,2.5th-97.5th percentile range from distinct-pair replication-block bootstrap,30,30
C-D50,mean_total_shift,topology,B_factor_U,1.2033229560317555e-06,9.980398311081676e-07,1.199001511212359e-06,1.4094435336983268e-06,4.114037025901593e-07,1000,2.5th-97.5th percentile range from distinct-pair replication-block bootstrap,30,30
C-D50,mean_total_shift,topology,q_proportion,0.00035804278268855035,0.0002967394364556836,0.00035661179038308944,0.00041905366796648097,0.00012231423151079734,1000,2.5th-97.5th percentile range from distinct-pair replication-block bootstrap,30,30
C-D50,mean_total_shift,topology,rho_proportion,1.0,1.0,1.0,1.0,0.0,1000,2.5th-97.5th percentile range from distinct-pair replication-block bootstrap,30,30
C-D50,mean_total_shift,topology,tau_proportion,1.0,1.0,1.0,1.0,0.0,1000,2.5th-97.5th percentile range from distinct-pair replication-block bootstrap,30,30
C-D50,mean_total_shift,message_condition,B_total_U,0.0033608356716367236,0.003350225888086227,0.0033609722179280413,0.003371356706166034,2.113081807980687e-05,1000,2.5th-97.5th percentile range from distinct-pair replication-block bootstrap,30,30
C-D50,mean_total_shift,message_condition,B_factor_U,0.0004289330920070968,0.00042555969013999625,0.00042907368646647267,0.0004319857463245755,6.426056184579256e-06,1000,2.5th-97.5th percentile range from distinct-pair replication-block bootstrap,30,30
C-D50,mean_total_shift,message_condition,q_proportion,0.12762691601586304,0.1269417341704595,0.12766594448944535,0.12827675043608414,0.0013350162656246278,1000,2.5th-97.5th percentile range from distinct-pair replication-block bootstrap,30,30
C-D50,mean_total_shift,message_condition,rho_proportion,1.0,1.0,1.0,1.0,0.0,1000,2.5th-97.5th percentile range from distinct-pair replication-block bootstrap,30,30
C-D50,mean_total_shift,message_condition,tau_proportion,1.0,1.0,1.0,1.0,0.0,1000,2.5th-97.5th percentile range from distinct-pair replication-block bootstrap,30,30
C-D50,mean_total_shift,inoculation,B_total_U,0.0033608356716367236,0.003350225888086227,0.0033609722179280413,0.003371356706166034,2.113081807980687e-05,1000,2.5th-97.5th percentile range from distinct-pair replication-block bootstrap,30,30
C-D50,mean_total_shift,inoculation,B_factor_U,8.568028071801664e-07,7.39356994893278e-07,8.514178008562772e-07,9.77816261590671e-07,2.38459266697393e-07,1000,2.5th-97.5th percentile range from distinct-pair replication-block bootstrap,30,30
C-D50,mean_total_shift,inoculation,q_proportion,0.00025493742952415886,0.00021991483196639243,0.00025333560856751283,0.00029117896334733177,7.126413138093933e-05,1000,2.5th-97.5th percentile range from distinct-pair replication-block bootstrap,30,30
C-D50,mean_total_shift,inoculation,rho_proportion,1.0,1.0,1.0,1.0,0.0,1000,2.5th-97.5th percentile range from distinct-pair replication-block bootstrap,30,30
C-D50,mean_total_shift,inoculation,tau_proportion,1.0,1.0,1.0,1.0,0.0,1000,2.5th-97.5th percentile range from distinct-pair replication-block bootstrap,30,30
C-D50,mean_total_shift,seeding_regime,B_total_U,0.0033608356716367236,0.003350225888086227,0.0033609722179280413,0.003371356706166034,2.113081807980687e-05,1000,2.5th-97.5th percentile range from distinct-pair replication-block bootstrap,30,30
C-D50,mean_total_shift,seeding_regime,B_factor_U,0.002929842453866415,0.0029216807929766456,0.002929805530487251,0.002938107970591527,1.6427177614881418e-05,1000,2.5th-97.5th percentile range from distinct-pair replication-block bootstrap,30,30
C-D50,mean_total_shift,seeding_regime,q_proportion,0.8717601037719244,0.8711054165533331,0.8717243831841548,0.8724699598773829,0.0013645433240497828,1000,2.5th-97.5th percentile range from distinct-pair replication-block bootstrap,30,30
C-D50,mean_total_shift,seeding_regime,rho_proportion,1.0,1.0,1.0,1.0,0.0,1000,2.5th-97.5th percentile range from distinct-pair replication-block bootstrap,30,30
C-D50,mean_total_shift,seeding_regime,tau_proportion,1.0,1.0,1.0,1.0,0.0,1000,2.5th-97.5th percentile range from distinct-pair replication-block bootstrap,30,30
CS-0,mean_total_shift,topology,B_total_U,0.00016458535334920954,0.00016359918645455932,0.00016459921289178116,0.00016566506363853106,2.0658771839717415e-06,1000,2.5th-97.5th percentile range from distinct-pair replication-block bootstrap,30,30
CS-0,mean_total_shift,topology,B_factor_U,3.216109134351207e-07,2.812354079149677e-07,3.2132284043174344e-07,3.664031022787918e-07,8.516769436382412e-08,1000,2.5th-97.5th percentile range from distinct-pair replication-block bootstrap,30,30
CS-0,mean_total_shift,topology,q_proportion,9.569373360004134e-05,8.366674469367055e-05,9.56078978543249e-05,0.00010909306197941052,2.542631728573997e-05,1000,2.5th-97.5th percentile range from distinct-pair replication-block bootstrap,30,30
CS-0,mean_total_shift,topology,rho_proportion,0.2672689919385477,0.2191983988478612,0.26833157512026307,0.3353925607518766,0.11619416190401544,1000,2.5th-97.5th percentile range from distinct-pair replication-block bootstrap,30,30
CS-0,mean_total_shift,topology,tau_proportion,0.048971556312081346,0.048698694309568656,0.04897103285815523,0.04927383890936555,0.0005751445997968924,1000,2.5th-97.5th percentile range from distinct-pair replication-block bootstrap,30,30
CS-0,mean_total_shift,message_condition,B_total_U,0.00016458535334920954,0.00016359918645455932,0.00016459921289178116,0.00016566506363853106,2.0658771839717415e-06,1000,2.5th-97.5th percentile range from distinct-pair replication-block bootstrap,30,30
CS-0,mean_total_shift,message_condition,B_factor_U,0.0001632321112920691,0.00016224401093241705,0.0001632448894743737,0.00016430986545381914,2.0658545214020854e-06,1000,2.5th-97.5th percentile range from distinct-pair replication-block bootstrap,30,30
CS-0,mean_total_shift,message_condition,q_proportion,0.04856890584375856,0.0482899415547439,0.048568681196892616,0.04886467536449965,0.0005747338097557494,1000,2.5th-97.5th percentile range from distinct-pair replication-block bootstrap,30,30
CS-0,mean_total_shift,message_condition,rho_proportion,0.38055378410712215,0.3778620807024362,0.3805507551826658,0.3833518444873389,0.005489763784902679,1000,2.5th-97.5th percentile range from distinct-pair replication-block bootstrap,30,30
CS-0,mean_total_shift,message_condition,tau_proportion,0.048971556312081346,0.048698694309568656,0.04897103285815523,0.04927383890936555,0.0005751445997968924,1000,2.5th-97.5th percentile range from distinct-pair replication-block bootstrap,30,30
CS-0,mean_total_shift,inoculation,B_total_U,0.00016458535334920954,0.00016359918645455932,0.00016459921289178116,0.00016566506363853106,2.0658771839717415e-06,1000,2.5th-97.5th percentile range from distinct-pair replication-block bootstrap,30,30
CS-0,mean_total_shift,inoculation,B_factor_U,2.212930000471565e-07,1.8574834697152386e-07,2.209137553043741e-07,2.559718628489832e-07,7.022351587745935e-08,1000,2.5th-97.5th percentile range from distinct-pair replication-block bootstrap,30,30
CS-0,mean_total_shift,inoculation,q_proportion,6.584463558118182e-05,5.5242333612288596e-05,6.572266762652346e-05,7.624100011037624e-05,2.0998666498087648e-05,1000,2.5th-97.5th percentile range from distinct-pair replication-block bootstrap,30,30
CS-0,mean_total_shift,inoculation,rho_proportion,0.2582776319039575,0.20642160542503668,0.2596065826821292,0.31733021050307864,0.11090860507804196,1000,2.5th-97.5th percentile range from distinct-pair replication-block bootstrap,30,30
CS-0,mean_total_shift,inoculation,tau_proportion,0.048971556312081346,0.048698694309568656,0.04897103285815523,0.04927383890936555,0.0005751445997968924,1000,2.5th-97.5th percentile range from distinct-pair replication-block bootstrap,30,30
CS-0,mean_total_shift,seeding_regime,B_total_U,0.00016458535334920954,0.00016359918645455932,0.00016459921289178116,0.00016566506363853106,2.0658771839717415e-06,1000,2.5th-97.5th percentile range from distinct-pair replication-block bootstrap,30,30
CS-0,mean_total_shift,seeding_regime,B_factor_U,8.103381436583885e-07,7.379874962214851e-07,8.085365235924858e-07,8.793714096628733e-07,1.4138391344138825e-07,1000,2.5th-97.5th percentile range from distinct-pair replication-block bootstrap,30,30
CS-0,mean_total_shift,seeding_regime,q_proportion,0.00024111209914162647,0.0002191493166698531,0.0002407034995446364,0.00026175990546273796,4.2610588792884864e-05,1000,2.5th-97.5th percentile range from distinct-pair replication-block bootstrap,30,30
CS-0,mean_total_shift,seeding_regime,rho_proportion,0.0002765807910896411,0.00025162784481089846,0.00027606784788358524,0.0003001820209013479,4.855417609044943e-05,1000,2.5th-97.5th percentile range from distinct-pair replication-block bootstrap,30,30
CS-0,mean_total_shift,seeding_regime,tau_proportion,0.048971556312081346,0.048698694309568656,0.04897103285815523,0.04927383890936555,0.0005751445997968924,1000,2.5th-97.5th percentile range from distinct-pair replication-block bootstrap,30,30
CS-15,mean_total_shift,topology,B_total_U,0.0002084105827184052,0.00020728291637887769,0.0002084260931262219,0.00020947726631721702,2.1943499383393324e-06,1000,2.5th-97.5th percentile range from distinct-pair replication-block bootstrap,30,30
CS-15,mean_total_shift,topology,B_factor_U,2.9966007913499714e-07,2.5516861487461253e-07,3.0047834350558256e-07,3.5159023761632097e-07,9.642162274170844e-08,1000,2.5th-97.5th percentile range from distinct-pair replication-block bootstrap,30,30
CS-15,mean_total_shift,topology,q_proportion,8.916237162796566e-05,7.595746204298942e-05,8.941309284462833e-05,0.00010443959220036624,2.8482130157376823e-05,1000,2.5th-97.5th percentile range from distinct-pair replication-block bootstrap,30,30
CS-15,mean_total_shift,topology,rho_proportion,0.24902714407044782,0.20057842677675666,0.25145297011116846,0.31457634080818747,0.11399791403143081,1000,2.5th-97.5th percentile range from distinct-pair replication-block bootstrap,30,30
CS-15,mean_total_shift,topology,tau_proportion,0.06201153614181602,0.061724231176862925,0.062010294562333486,0.06229537299601099,0.0005711418191480661,1000,2.5th-97.5th percentile range from distinct-pair replication-block bootstrap,30,30
CS-15,mean_total_shift,message_condition,B_total_U,0.0002084105827184052,0.00020728291637887769,0.0002084260931262219,0.00020947726631721702,2.1943499383393324e-06,1000,2.5th-97.5th percentile range from distinct-pair replication-block bootstrap,30,30
CS-15,mean_total_shift,message_condition,B_factor_U,0.0001594110262491174,0.00015851519809352202,0.000159429483805871,0.0001602363287603594,1.7211306668373687e-06,1000,2.5th-97.5th percentile range from distinct-pair replication-block bootstrap,30,30
CS-15,mean_total_shift,message_condition,q_proportion,0.04743196092401756,0.04719531590802184,0.04743105554772194,0.047656800200141604,0.000461484292119764,1000,2.5th-97.5th percentile range from distinct-pair replication-block bootstrap,30,30
CS-15,mean_total_shift,message_condition,rho_proportion,0.3716454365952252,0.3692002175938276,0.37165209283215006,0.3739427280883482,0.004742510494520624,1000,2.5th-97.5th percentile range from distinct-pair replication-block bootstrap,30,30
CS-15,mean_total_shift,message_condition,tau_proportion,0.06201153614181602,0.061724231176862925,0.062010294562333486,0.06229537299601099,0.0005711418191480661,1000,2.5th-97.5th percentile range from distinct-pair replication-block bootstrap,30,30
CS-15,mean_total_shift,inoculation,B_total_U,0.0002084105827184052,0.00020728291637887769,0.0002084260931262219,0.00020947726631721702,2.1943499383393324e-06,1000,2.5th-97.5th percentile range from distinct-pair replication-block bootstrap,30,30
CS-15,mean_total_shift,inoculation,B_factor_U,2.0776944381972882e-07,1.73533400058023e-07,2.0824220855228423e-07,2.451537088817472e-07,7.162030882372422e-08,1000,2.5th-97.5th percentile range from distinct-pair replication-block bootstrap,30,30
CS-15,mean_total_shift,inoculation,q_proportion,6.18207684395784e-05,5.169685894645254e-05,6.194242734318491e-05,7.283052793886616e-05,2.113366899241362e-05,1000,2.5th-97.5th percentile range from distinct-pair replication-block bootstrap,30,30
CS-15,mean_total_shift,inoculation,rho_proportion,0.2424938878334459,0.1887733195675376,0.24338887862647152,0.29921282767210905,0.11043950810457145,1000,2.5th-97.5th percentile range from distinct-pair replication-block bootstrap,30,30
CS-15,mean_total_shift,inoculation,tau_proportion,0.06201153614181602,0.061724231176862925,0.062010294562333486,0.06229537299601099,0.0005711418191480661,1000,2.5th-97.5th percentile range from distinct-pair replication-block bootstrap,30,30
CS-15,mean_total_shift,seeding_regime,B_total_U,0.0002084105827184052,0.00020728291637887769,0.0002084260931262219,0.00020947726631721702,2.1943499383393324e-06,1000,2.5th-97.5th percentile range from distinct-pair replication-block bootstrap,30,30
CS-15,mean_total_shift,seeding_regime,B_factor_U,4.8492126946333277e-05,4.793524947223082e-05,4.8488983217663266e-05,4.9080197568509876e-05,1.1449480962790582e-06,1000,2.5th-97.5th percentile range from distinct-pair replication-block bootstrap,30,30
CS-15,mean_total_shift,seeding_regime,q_proportion,0.014428592077730971,0.014281473733883976,0.014427105823080431,0.014588865862816498,0.0003073921289325227,1000,2.5th-97.5th percentile range from distinct-pair replication-block bootstrap,30,30
CS-15,mean_total_shift,seeding_regime,rho_proportion,0.01655110392790569,0.0163787692339297,0.016549950240146133,0.01673642757614916,0.0003576583422194614,1000,2.5th-97.5th percentile range from distinct-pair replication-block bootstrap,30,30
CS-15,mean_total_shift,seeding_regime,tau_proportion,0.06201153614181602,0.061724231176862925,0.062010294562333486,0.06229537299601099,0.0005711418191480661,1000,2.5th-97.5th percentile range from distinct-pair replication-block bootstrap,30,30
CS-30,mean_total_shift,topology,B_total_U,0.00038072146233215096,0.00037876264270364697,0.000380785115636325,0.00038277859639581437,4.015953692167401e-06,1000,2.5th-97.5th percentile range from distinct-pair replication-block bootstrap,30,30
CS-30,mean_total_shift,topology,B_factor_U,2.9864440056691625e-07,2.5131988643200153e-07,2.9882649660342117e-07,3.5615991389744314e-07,1.0484002746544161e-07,1000,2.5th-97.5th percentile range from distinct-pair replication-block bootstrap,30,30
CS-30,mean_total_shift,topology,q_proportion,8.886016150306948e-05,7.484607928155141e-05,8.892179301121211e-05,0.00010592071665454594,3.107463737299453e-05,1000,2.5th-97.5th percentile range from distinct-pair replication-block bootstrap,30,30
CS-30,mean_total_shift,topology,rho_proportion,0.24818308257973187,0.20538829672518574,0.2505511793694761,0.30496792729506017,0.09957963056987443,1000,2.5th-97.5th percentile range from distinct-pair replication-block bootstrap,30,30
CS-30,mean_total_shift,topology,tau_proportion,0.11328178451127305,0.11276331785140956,0.11330244315857527,0.11380986167320545,0.0010465438217958922,1000,2.5th-97.5th percentile range from distinct-pair replication-block bootstrap,30,30
CS-30,mean_total_shift,message_condition,B_total_U,0.00038072146233215096,0.00037876264270364697,0.000380785115636325,0.00038277859639581437,4.015953692167401e-06,1000,2.5th-97.5th percentile range from distinct-pair replication-block bootstrap,30,30
CS-30,mean_total_shift,message_condition,B_factor_U,0.00016021774630094895,0.00015935232403127924,0.00016023794430367055,0.000161170910885823,1.8185868545437492e-06,1000,2.5th-97.5th percentile range from distinct-pair replication-block bootstrap,30,30
CS-30,mean_total_shift,message_condition,q_proportion,0.047671996477865006,0.04741914216812581,0.04767103730885714,0.047950330685088666,0.0005311885169628563,1000,2.5th-97.5th percentile range from distinct-pair replication-block bootstrap,30,30
CS-30,mean_total_shift,message_condition,rho_proportion,0.37352619624484024,0.3708676970429411,0.3735882787299033,0.3762782219894976,0.0054105249465565275,1000,2.5th-97.5th percentile range from distinct-pair replication-block bootstrap,30,30
CS-30,mean_total_shift,message_condition,tau_proportion,0.11328178451127305,0.11276331785140956,0.11330244315857527,0.11380986167320545,0.0010465438217958922,1000,2.5th-97.5th percentile range from distinct-pair replication-block bootstrap,30,30
CS-30,mean_total_shift,inoculation,B_total_U,0.00038072146233215096,0.00037876264270364697,0.000380785115636325,0.00038277859639581437,4.015953692167401e-06,1000,2.5th-97.5th percentile range from distinct-pair replication-block bootstrap,30,30
CS-30,mean_total_shift,inoculation,B_factor_U,2.3147057631186056e-07,1.8957663478335992e-07,2.3177167213305378e-07,2.752949072809444e-07,8.571827249758448e-08,1000,2.5th-97.5th percentile range from distinct-pair replication-block bootstrap,30,30
CS-30,mean_total_shift,inoculation,q_proportion,6.887292296535719e-05,5.638368935736321e-05,6.892881489390407e-05,8.194364202359249e-05,2.555995266622928e-05,1000,2.5th-97.5th percentile range from distinct-pair replication-block bootstrap,30,30
CS-30,mean_total_shift,inoculation,rho_proportion,0.2701561833972697,0.21539429797535442,0.2714690726480432,0.33203595676137254,0.11664165878601812,1000,2.5th-97.5th percentile range from distinct-pair replication-block bootstrap,30,30
CS-30,mean_total_shift,inoculation,tau_proportion,0.11328178451127305,0.11276331785140956,0.11330244315857527,0.11380986167320545,0.0010465438217958922,1000,2.5th-97.5th percentile range from distinct-pair replication-block bootstrap,30,30
CS-30,mean_total_shift,seeding_regime,B_total_U,0.00038072146233215096,0.00037876264270364697,0.000380785115636325,0.00038277859639581437,4.015953692167401e-06,1000,2.5th-97.5th percentile range from distinct-pair replication-block bootstrap,30,30
CS-30,mean_total_shift,seeding_regime,B_factor_U,0.00021997360105432333,0.00021860537303896202,0.00022002146947947124,0.00022128357236775496,2.6781993287929365e-06,1000,2.5th-97.5th percentile range from distinct-pair replication-block bootstrap,30,30
CS-30,mean_total_shift,seeding_regime,q_proportion,0.06545205494893964,0.06507758485413909,0.06547111734501146,0.06582257882889533,0.0007449939747562473,1000,2.5th-97.5th percentile range from distinct-pair replication-block bootstrap,30,30
CS-30,mean_total_shift,seeding_regime,rho_proportion,0.07508035142436806,0.07463520305389462,0.07510630292571732,0.07547544481194325,0.0008402417580486293,1000,2.5th-97.5th percentile range from distinct-pair replication-block bootstrap,30,30
CS-30,mean_total_shift,seeding_regime,tau_proportion,0.11328178451127305,0.11276331785140956,0.11330244315857527,0.11380986167320545,0.0010465438217958922,1000,2.5th-97.5th percentile range from distinct-pair replication-block bootstrap,30,30
CS-45,mean_total_shift,topology,B_total_U,0.0006926847206098617,0.0006899778773700604,0.0006927277680232376,0.0006952977289678819,5.319851597821498e-06,1000,2.5th-97.5th percentile range from distinct-pair replication-block bootstrap,30,30
CS-45,mean_total_shift,topology,B_factor_U,3.521637716743568e-07,2.958316696561654e-07,3.5283050968642106e-07,4.162849629753441e-07,1.2045329331917872e-07,1000,2.5th-97.5th percentile range from distinct-pair replication-block bootstrap,30,30
CS-45,mean_total_shift,topology,q_proportion,0.00010478458516921578,8.804361653234229e-05,0.00010495576002011363,0.00012356201062831146,3.5518394095969164e-05,1000,2.5th-97.5th percentile range from distinct-pair replication-block bootstrap,30,30
CS-45,mean_total_shift,topology,rho_proportion,0.29265939780264877,0.24360440063803485,0.29493420510087376,0.36232058043779475,0.1187161797997599,1000,2.5th-97.5th percentile range from distinct-pair replication-block bootstrap,30,30
CS-45,mean_total_shift,topology,tau_proportion,0.2061049061266732,0.20537377516566824,0.20609753530034813,0.20684685894690705,0.0014730837812388098,1000,2.5th-97.5th percentile range from distinct-pair replication-block bootstrap,30,30
CS-45,mean_total_shift,message_condition,B_total_U,0.0006926847206098617,0.0006899778773700604,0.0006927277680232376,0.0006952977289678819,5.319851597821498e-06,1000,2.5th-97.5th percentile range from distinct-pair replication-block bootstrap,30,30
CS-45,mean_total_shift,message_condition,B_factor_U,0.0001640589409500528,0.00016305630894443302,0.00016407371361911246,0.0001651121661594261,2.0558572149930734e-06,1000,2.5th-97.5th percentile range from distinct-pair replication-block bootstrap,30,30
CS-45,mean_total_shift,message_condition,q_proportion,0.04881492491126657,0.048560957104478164,0.04881110147528017,0.04909170300694441,0.0005307459024662467,1000,2.5th-97.5th percentile range from distinct-pair replication-block bootstrap,30,30
CS-45,mean_total_shift,message_condition,rho_proportion,0.3824814266075288,0.3798570659111643,0.38240555031243995,0.3853066926983756,0.005449626787211281,1000,2.5th-97.5th percentile range from distinct-pair replication-block bootstrap,30,30
CS-45,mean_total_shift,message_condition,tau_proportion,0.2061049061266732,0.20537377516566824,0.20609753530034813,0.20684685894690705,0.0014730837812388098,1000,2.5th-97.5th percentile range from distinct-pair replication-block bootstrap,30,30
CS-45,mean_total_shift,inoculation,B_total_U,0.0006926847206098617,0.0006899778773700604,0.0006927277680232376,0.0006952977289678819,5.319851597821498e-06,1000,2.5th-97.5th percentile range from distinct-pair replication-block bootstrap,30,30
CS-45,mean_total_shift,inoculation,B_factor_U,2.65556340337229e-07,2.0638134893472684e-07,2.6635635838675194e-07,3.2667091231832025e-07,1.202895633835934e-07,1000,2.5th-97.5th percentile range from distinct-pair replication-block bootstrap,30,30
CS-45,mean_total_shift,inoculation,q_proportion,7.901497314443324e-05,6.136329454634763e-05,7.925589153279157e-05,9.706456780651045e-05,3.570127326016282e-05,1000,2.5th-97.5th percentile range from distinct-pair replication-block bootstrap,30,30
CS-45,mean_total_shift,inoculation,rho_proportion,0.3099386908070534,0.23496637937311854,0.3128041307651711,0.39708266207670184,0.1621162827035833,1000,2.5th-97.5th percentile range from distinct-pair replication-block bootstrap,30,30
CS-45,mean_total_shift,inoculation,tau_proportion,0.2061049061266732,0.20537377516566824,0.20609753530034813,0.20684685894690705,0.0014730837812388098,1000,2.5th-97.5th percentile range from distinct-pair replication-block bootstrap,30,30
CS-45,mean_total_shift,seeding_regime,B_total_U,0.0006926847206098617,0.0006899778773700604,0.0006927277680232376,0.0006952977289678819,5.319851597821498e-06,1000,2.5th-97.5th percentile range from distinct-pair replication-block bootstrap,30,30
CS-45,mean_total_shift,seeding_regime,B_factor_U,0.0005280080595477974,0.0005261473364188138,0.0005280250276260415,0.0005298496554940848,3.702319075270938e-06,1000,2.5th-97.5th percentile range from distinct-pair replication-block bootstrap,30,30
CS-45,mean_total_shift,seeding_regime,q_proportion,0.15710618165709306,0.15654498042162196,0.1571056449086341,0.15764071222011872,0.0010957317984967574,1000,2.5th-97.5th percentile range from distinct-pair replication-block bootstrap,30,30
CS-45,mean_total_shift,seeding_regime,rho_proportion,0.18021721913784233,0.17962457074185648,0.18022558913460657,0.18079054221166926,0.0011659714698127877,1000,2.5th-97.5th percentile range from distinct-pair replication-block bootstrap,30,30
CS-45,mean_total_shift,seeding_regime,tau_proportion,0.2061049061266732,0.20537377516566824,0.20609753530034813,0.20684685894690705,0.0014730837812388098,1000,2.5th-97.5th percentile range from distinct-pair replication-block bootstrap,30,30
CS-45-R,mean_total_shift,topology,B_total_U,0.000817777772479532,0.0008151549493533208,0.0008177272382233159,0.0008205243255312322,5.3693761779113804e-06,1000,2.5th-97.5th percentile range from distinct-pair replication-block bootstrap,30,30
CS-45-R,mean_total_shift,topology,B_factor_U,2.390009102149374e-07,1.9876842712656566e-07,2.3884771231654284e-07,2.804289685224614e-07,8.166054139589574e-08,1000,2.5th-97.5th percentile range from distinct-pair replication-block bootstrap,30,30
CS-45-R,mean_total_shift,topology,q_proportion,7.111353650282586e-05,5.9212232207400553e-05,7.102581680798208e-05,8.330539964189787e-05,2.4093167434497312e-05,1000,2.5th-97.5th percentile range from distinct-pair replication-block bootstrap,30,30
CS-45-R,mean_total_shift,topology,rho_proportion,0.19861742769630183,0.157721487778887,0.19936796207106455,0.24519522400848048,0.08747373622959348,1000,2.5th-97.5th percentile range from distinct-pair replication-block bootstrap,30,30
CS-45-R,mean_total_shift,topology,tau_proportion,0.24332572383144072,0.24234279779192713,0.2433275702226349,0.2442907498732188,0.0019479520812916706,1000,2.5th-97.5th percentile range from distinct-pair replication-block bootstrap,30,30
CS-45-R,mean_total_shift,message_condition,B_total_U,0.000817777772479532,0.0008151549493533208,0.0008177272382233159,0.0008205243255312322,5.3693761779113804e-06,1000,2.5th-97.5th percentile range from distinct-pair replication-block bootstrap,30,30
CS-45-R,mean_total_shift,message_condition,B_factor_U,0.0001889253146082653,0.0001878462773843858,0.00018893133156491857,0.00019002015731595,2.1738799315641983e-06,1000,2.5th-97.5th percentile range from distinct-pair replication-block bootstrap,30,30
CS-45-R,mean_total_shift,message_condition,q_proportion,0.056213791171842345,0.0558607958546168,0.05621334711306697,0.05658036782567637,0.0007195719710595683,1000,2.5th-97.5th percentile range from distinct-pair replication-block bootstrap,30,30
CS-45-R,mean_total_shift,message_condition,rho_proportion,0.44045404313346725,0.43722733370085176,0.4404035277244708,0.4438079891798197,0.006580655478967912,1000,2.5th-97.5th percentile range from distinct-pair replication-block bootstrap,30,30
CS-45-R,mean_total_shift,message_condition,tau_proportion,0.24332572383144072,0.24234279779192713,0.2433275702226349,0.2442907498732188,0.0019479520812916706,1000,2.5th-97.5th percentile range from distinct-pair replication-block bootstrap,30,30
CS-45-R,mean_total_shift,inoculation,B_total_U,0.000817777772479532,0.0008151549493533208,0.0008177272382233159,0.0008205243255312322,5.3693761779113804e-06,1000,2.5th-97.5th percentile range from distinct-pair replication-block bootstrap,30,30
CS-45-R,mean_total_shift,inoculation,B_factor_U,3.0699801683245555e-07,2.5408991592676064e-07,3.056375985252218e-07,3.610658779176371e-07,1.0697596199087644e-07,1000,2.5th-97.5th percentile range from distinct-pair replication-block bootstrap,30,30
CS-45-R,mean_total_shift,inoculation,q_proportion,9.134573862784187e-05,7.545494660241902e-05,9.098199393200755e-05,0.0001075095395393674,3.2054592936948376e-05,1000,2.5th-97.5th percentile range from distinct-pair replication-block bootstrap,30,30
CS-45-R,mean_total_shift,inoculation,rho_proportion,0.35830650210264864,0.27498636801728876,0.3590051083462277,0.45472828956458133,0.17974192154729257,1000,2.5th-97.5th percentile range from distinct-pair replication-block bootstrap,30,30
CS-45-R,mean_total_shift,inoculation,tau_proportion,0.24332572383144072,0.24234279779192713,0.2433275702226349,0.2442907498732188,0.0019479520812916706,1000,2.5th-97.5th percentile range from distinct-pair replication-block bootstrap,30,30
CS-45-R,mean_total_shift,seeding_regime,B_total_U,0.000817777772479532,0.0008151549493533208,0.0008177272382233159,0.0008205243255312322,5.3693761779113804e-06,1000,2.5th-97.5th percentile range from distinct-pair replication-block bootstrap,30,30
CS-45-R,mean_total_shift,seeding_regime,B_factor_U,0.0006283064589442195,0.0006264638033685302,0.0006282956899944349,0.0006301178622484427,3.654058879912518e-06,1000,2.5th-97.5th percentile range from distinct-pair replication-block bootstrap,30,30
CS-45-R,mean_total_shift,seeding_regime,q_proportion,0.18694947338446774,0.18622640029293805,0.1869476980915309,0.18761920698700266,0.0013928066940646078,1000,2.5th-97.5th percentile range from distinct-pair replication-block bootstrap,30,30
CS-45-R,mean_total_shift,seeding_regime,rho_proportion,0.21445059549705972,0.2136644152184671,0.2144439574588185,0.21523476915545914,0.001570353936992036,1000,2.5th-97.5th percentile range from distinct-pair replication-block bootstrap,30,30
CS-45-R,mean_total_shift,seeding_regime,tau_proportion,0.24332572383144072,0.24234279779192713,0.2433275702226349,0.2442907498732188,0.0019479520812916706,1000,2.5th-97.5th percentile range from distinct-pair replication-block bootstrap,30,30
D-A95,mean_total_shift,topology,B_total_U,0.0004680432328858112,0.00046556554033217996,0.00046803582190476907,0.00047049327302804646,4.927732695866492e-06,1000,2.5th-97.5th percentile range from distinct-pair replication-block bootstrap,30,30
D-A95,mean_total_shift,topology,B_factor_U,7.81120210083384e-07,6.899616164174239e-07,7.792073836867564e-07,8.804309268318626e-07,1.9046931041443869e-07,1000,2.5th-97.5th percentile range from distinct-pair replication-block bootstrap,30,30
D-A95,mean_total_shift,topology,q_proportion,0.00023241844779128379,0.0002049176796513637,0.0002317650550571719,0.0002619906292675812,5.707294961621753e-05,1000,2.5th-97.5th percentile range from distinct-pair replication-block bootstrap,30,30
D-A95,mean_total_shift,topology,rho_proportion,0.6491359665067092,0.5342592600921805,0.652536521291716,0.8057606046450474,0.2715013445528669,1000,2.5th-97.5th percentile range from distinct-pair replication-block bootstrap,30,30
D-A95,mean_total_shift,topology,tau_proportion,0.13926394463013855,0.13853487791148303,0.13925394408079683,0.14001763215282859,0.0014827542413455574,1000,2.5th-97.5th percentile range from distinct-pair replication-block bootstrap,30,30
D-A95,mean_total_shift,message_condition,B_total_U,0.0004680432328858112,0.00046556554033217996,0.00046803582190476907,0.00047049327302804646,4.927732695866492e-06,1000,2.5th-97.5th percentile range from distinct-pair replication-block bootstrap,30,30
D-A95,mean_total_shift,message_condition,B_factor_U,0.00046119463721719785,0.0004587415814626857,0.00046116797416930237,0.00046373171458484013,4.9901331221544314e-06,1000,2.5th-97.5th percentile range from distinct-pair replication-block bootstrap,30,30
D-A95,mean_total_shift,message_condition,q_proportion,0.1372261789260873,0.1364971711256785,0.13721631091080083,0.13796670919573517,0.0014695380700566751,1000,2.5th-97.5th percentile range from distinct-pair replication-block bootstrap,30,30
D-A95,mean_total_shift,message_condition,rho_proportion,1.0752134675810168,1.0678857415795795,1.0748674607254767,1.0830842909065181,0.015198549326938648,1000,2.5th-97.5th percentile range from distinct-pair replication-block bootstrap,30,30
D-A95,mean_total_shift,message_condition,tau_proportion,0.13926394463013855,0.13853487791148303,0.13925394408079683,0.14001763215282859,0.0014827542413455574,1000,2.5th-97.5th percentile range from distinct-pair replication-block bootstrap,30,30
D-A95,mean_total_shift,inoculation,B_total_U,0.0004680432328858112,0.00046556554033217996,0.00046803582190476907,0.00047049327302804646,4.927732695866492e-06,1000,2.5th-97.5th percentile range from distinct-pair replication-block bootstrap,30,30
D-A95,mean_total_shift,inoculation,B_factor_U,7.646709544879265e-07,6.749997065720465e-07,7.648540866020105e-07,8.517973682891625e-07,1.7679766171711591e-07,1000,2.5th-97.5th percentile range from distinct-pair replication-block bootstrap,30,30
D-A95,mean_total_shift,inoculation,q_proportion,0.00022752405330056868,0.00020055798616514845,0.0002275228742081918,0.0002535461956442589,5.2988209479110424e-05,1000,2.5th-97.5th percentile range from distinct-pair replication-block bootstrap,30,30
D-A95,mean_total_shift,inoculation,rho_proportion,0.89247017876207,0.7396471316370717,0.8940359466769946,1.070416212183726,0.3307690805466542,1000,2.5th-97.5th percentile range from distinct-pair replication-block bootstrap,30,30
D-A95,mean_total_shift,inoculation,tau_proportion,0.13926394463013855,0.13853487791148303,0.13925394408079683,0.14001763215282859,0.0014827542413455574,1000,2.5th-97.5th percentile range from distinct-pair replication-block bootstrap,30,30
D-A95,mean_total_shift,seeding_regime,B_total_U,0.0004680432328858112,0.00046556554033217996,0.00046803582190476907,0.00047049327302804646,4.927732695866492e-06,1000,2.5th-97.5th percentile range from distinct-pair replication-block bootstrap,30,30
D-A95,mean_total_shift,seeding_regime,B_factor_U,5.302804504042676e-06,5.0700846868967645e-06,5.300526488476422e-06,5.54524706606495e-06,4.751623791681853e-07,1000,2.5th-97.5th percentile range from distinct-pair replication-block bootstrap,30,30
D-A95,mean_total_shift,seeding_regime,q_proportion,0.0015778232029595826,0.001507153617248048,0.0015766792438353446,0.0016515511957433306,0.0001443975784952826,1000,2.5th-97.5th percentile range from distinct-pair replication-block bootstrap,30,30
D-A95,mean_total_shift,seeding_regime,rho_proportion,0.0018099282086122897,0.0017283238890896703,0.0018089116152107117,0.00189443958524005,0.00016611569615037963,1000,2.5th-97.5th percentile range from distinct-pair replication-block bootstrap,30,30
D-A95,mean_total_shift,seeding_regime,tau_proportion,0.13926394463013855,0.13853487791148303,0.13925394408079683,0.14001763215282859,0.0014827542413455574,1000,2.5th-97.5th percentile range from distinct-pair replication-block bootstrap,30,30
E-S,mean_total_shift,topology,B_total_U,0.003002707870231799,0.00299536613038357,0.0030025514694724193,0.0030098684395204367,1.4502309136866717e-05,1000,2.5th-97.5th percentile range from distinct-pair replication-block bootstrap,30,30
E-S,mean_total_shift,topology,B_factor_U,1.1388990928158478e-06,9.598274854100859e-07,1.135638834106722e-06,1.3452575933556497e-06,3.8543010794556384e-07,1000,2.5th-97.5th percentile range from distinct-pair replication-block bootstrap,30,30
E-S,mean_total_shift,topology,q_proportion,0.00033887378143103474,0.0002855987386899399,0.00033778805661046886,0.0003997591521790328,0.00011416041348909288,1000,2.5th-97.5th percentile range from distinct-pair replication-block bootstrap,30,30
E-S,mean_total_shift,topology,rho_proportion,0.9464617018291077,0.829171101171516,0.9502519132598353,1.0760008659312144,0.2468297647596983,1000,2.5th-97.5th percentile range from distinct-pair replication-block bootstrap,30,30
E-S,mean_total_shift,topology,tau_proportion,0.8934408473382702,0.8908203934537967,0.893374235031777,0.8961075142023712,0.005287120748574514,1000,2.5th-97.5th percentile range from distinct-pair replication-block bootstrap,30,30
E-S,mean_total_shift,message_condition,B_total_U,0.003002707870231799,0.00299536613038357,0.0030025514694724193,0.0030098684395204367,1.4502309136866717e-05,1000,2.5th-97.5th percentile range from distinct-pair replication-block bootstrap,30,30
E-S,mean_total_shift,message_condition,B_factor_U,3.845136838061208e-05,3.7547241590567414e-05,3.842011454049147e-05,3.933189039764553e-05,1.784648807078113e-06,1000,2.5th-97.5th percentile range from distinct-pair replication-block bootstrap,30,30
E-S,mean_total_shift,message_condition,q_proportion,0.01144101412190924,0.011181940432942784,0.011429399904825003,0.01170770291758335,0.0005257624846405663,1000,2.5th-97.5th percentile range from distinct-pair replication-block bootstrap,30,30
E-S,mean_total_shift,message_condition,rho_proportion,0.08964421047741379,0.08740276015434499,0.08953218629652515,0.09179629892798077,0.004393538773635783,1000,2.5th-97.5th percentile range from distinct-pair replication-block bootstrap,30,30
E-S,mean_total_shift,message_condition,tau_proportion,0.8934408473382702,0.8908203934537967,0.893374235031777,0.8961075142023712,0.005287120748574514,1000,2.5th-97.5th percentile range from distinct-pair replication-block bootstrap,30,30
E-S,mean_total_shift,inoculation,B_total_U,0.003002707870231799,0.00299536613038357,0.0030025514694724193,0.0030098684395204367,1.4502309136866717e-05,1000,2.5th-97.5th percentile range from distinct-pair replication-block bootstrap,30,30
E-S,mean_total_shift,inoculation,B_factor_U,9.215103576038001e-07,7.729432353932852e-07,9.203739338202084e-07,1.081861958637238e-06,3.0891872324395276e-07,1000,2.5th-97.5th percentile range from distinct-pair replication-block bootstrap,30,30
E-S,mean_total_shift,inoculation,q_proportion,0.0002741908405045658,0.00023010379529180044,0.0002738356266055842,0.000322001150558299,9.189735526649856e-05,1000,2.5th-97.5th percentile range from distinct-pair replication-block bootstrap,30,30
E-S,mean_total_shift,inoculation,rho_proportion,1.0755221036641949,0.9330675144801135,1.078318609444767,1.2329408654128853,0.2998733509327718,1000,2.5th-97.5th percentile range from distinct-pair replication-block bootstrap,30,30
E-S,mean_total_shift,inoculation,tau_proportion,0.8934408473382702,0.8908203934537967,0.893374235031777,0.8961075142023712,0.005287120748574514,1000,2.5th-97.5th percentile range from distinct-pair replication-block bootstrap,30,30
E-S,mean_total_shift,seeding_regime,B_total_U,0.003002707870231799,0.00299536613038357,0.0030025514694724193,0.0030098684395204367,1.4502309136866717e-05,1000,2.5th-97.5th percentile range from distinct-pair replication-block bootstrap,30,30
E-S,mean_total_shift,seeding_regime,B_factor_U,0.002962196092400767,0.002954754670170976,0.0029619969817312533,0.0029692202717643327,1.4465601593356692e-05,1000,2.5th-97.5th percentile range from distinct-pair replication-block bootstrap,30,30
E-S,mean_total_shift,seeding_regime,q_proportion,0.8813867685944253,0.878789278221732,0.8813049543798852,0.8839771196886443,0.005187841466912313,1000,2.5th-97.5th percentile range from distinct-pair replication-block bootstrap,30,30
E-S,mean_total_shift,seeding_regime,rho_proportion,1.0110427912230078,1.0085059799129303,1.0109716377667197,1.0135957346121272,0.0050897546991968134,1000,2.5th-97.5th percentile range from distinct-pair replication-block bootstrap,30,30
E-S,mean_total_shift,seeding_regime,tau_proportion,0.8934408473382702,0.8908203934537967,0.893374235031777,0.8961075142023712,0.005287120748574514,1000,2.5th-97.5th percentile range from distinct-pair replication-block bootstrap,30,30
E-SD,mean_total_shift,topology,B_total_U,6.148217537319391e-08,5.6637526816293984e-08,6.151739513895525e-08,6.634191945898472e-08,9.704392642690733e-09,1000,2.5th-97.5th percentile range from distinct-pair replication-block bootstrap,60,30
E-SD,mean_total_shift,topology,B_factor_U,1.2960113903488201e-09,3.2733633952158237e-10,1.2693075950720931e-09,2.3925365446792077e-09,2.0652002051576253e-09,1000,2.5th-97.5th percentile range from distinct-pair replication-block bootstrap,60,30
E-SD,mean_total_shift,topology,q_proportion,3.856217670165539e-07,9.733648969834642e-08,3.778299062906759e-07,7.109448201638426e-07,6.136083304654963e-07,1000,2.5th-97.5th percentile range from distinct-pair replication-block bootstrap,60,30
E-SD,mean_total_shift,topology,rho_proportion,0.0010770270639751832,0.0002769057481973914,0.00106700228536245,0.0019550824393981077,0.0016781766912007162,1000,2.5th-97.5th percentile range from distinct-pair replication-block bootstrap,60,30
E-SD,mean_total_shift,topology,tau_proportion,1.829371661699013e-05,1.687021541907737e-05,1.8304849929529554e-05,1.9741387907877663e-05,2.871172488800292e-06,1000,2.5th-97.5th percentile range from distinct-pair replication-block bootstrap,60,30
E-SD,mean_total_shift,message_condition,B_total_U,6.148217537319391e-08,5.6637526816293984e-08,6.151739513895525e-08,6.634191945898472e-08,9.704392642690733e-09,1000,2.5th-97.5th percentile range from distinct-pair replication-block bootstrap,60,30
E-SD,mean_total_shift,message_condition,B_factor_U,5.832215693004673e-08,5.4199135260657655e-08,5.8360953765274274e-08,6.245417960878825e-08,8.255044348130598e-09,1000,2.5th-97.5th percentile range from distinct-pair replication-block bootstrap,60,30
E-SD,mean_total_shift,message_condition,q_proportion,1.7353468788208825e-05,1.6118962388967398e-05,1.736695919939226e-05,1.858238226080155e-05,2.4634198718341527e-06,1000,2.5th-97.5th percentile range from distinct-pair replication-block bootstrap,60,30
E-SD,mean_total_shift,message_condition,rho_proportion,0.00013597029004486737,0.00012643789085884554,0.0001360314794855114,0.00014533721583750382,1.889932497865828e-05,1000,2.5th-97.5th percentile range from distinct-pair replication-block bootstrap,60,30
E-SD,mean_total_shift,message_condition,tau_proportion,1.829371661699013e-05,1.687021541907737e-05,1.8304849929529554e-05,1.9741387907877663e-05,2.871172488800292e-06,1000,2.5th-97.5th percentile range from distinct-pair replication-block bootstrap,60,30
E-SD,mean_total_shift,inoculation,B_total_U,6.148217537319391e-08,5.6637526816293984e-08,6.151739513895525e-08,6.634191945898472e-08,9.704392642690733e-09,1000,2.5th-97.5th percentile range from distinct-pair replication-block bootstrap,60,30
E-SD,mean_total_shift,inoculation,B_factor_U,1.7688849749485048e-09,8.084593821946715e-10,1.7519650443591458e-09,2.721449981762212e-09,1.9129905995675407e-09,1000,2.5th-97.5th percentile range from distinct-pair replication-block bootstrap,60,30
E-SD,mean_total_shift,inoculation,q_proportion,5.263229588631031e-07,2.410526833573586e-07,5.204326802585355e-07,8.09845711518555e-07,5.687930281611964e-07,1000,2.5th-97.5th percentile range from distinct-pair replication-block bootstrap,60,30
E-SD,mean_total_shift,inoculation,rho_proportion,0.0020645181833263393,0.0009414515023401961,0.002016456240474975,0.00330731486419723,0.0023658633618570337,1000,2.5th-97.5th percentile range from distinct-pair replication-block bootstrap,60,30
E-SD,mean_total_shift,inoculation,tau_proportion,1.829371661699013e-05,1.687021541907737e-05,1.8304849929529554e-05,1.9741387907877663e-05,2.871172488800292e-06,1000,2.5th-97.5th percentile range from distinct-pair replication-block bootstrap,60,30
E-SD,mean_total_shift,seeding_regime,B_total_U,6.148217537319391e-08,5.6637526816293984e-08,6.151739513895525e-08,6.634191945898472e-08,9.704392642690733e-09,1000,2.5th-97.5th percentile range from distinct-pair replication-block bootstrap,60,30
E-SD,mean_total_shift,seeding_regime,B_factor_U,9.512207785258776e-11,-3.398085996295944e-10,8.580507524067765e-11,6.147286196029016e-10,9.54537219232496e-10,1000,2.5th-97.5th percentile range from distinct-pair replication-block bootstrap,60,30
E-SD,mean_total_shift,seeding_regime,q_proportion,2.8303102902458603e-08,-1.014893861547635e-07,2.547780522716364e-08,1.827680523302029e-07,2.842574384849664e-07,1000,2.5th-97.5th percentile range from distinct-pair replication-block bootstrap,60,30
E-SD,mean_total_shift,seeding_regime,rho_proportion,3.246661871769191e-08,-1.1635457351176242e-07,2.9230006270395495e-08,2.0974732341333091e-07,3.261018969250933e-07,1000,2.5th-97.5th percentile range from distinct-pair replication-block bootstrap,60,30
E-SD,mean_total_shift,seeding_regime,tau_proportion,1.829371661699013e-05,1.687021541907737e-05,1.8304849929529554e-05,1.9741387907877663e-05,2.871172488800292e-06,1000,2.5th-97.5th percentile range from distinct-pair replication-block bootstrap,60,30
J-S06-D05,mean_total_shift,topology,B_total_U,1.0541267617763005e-08,9.66504701638266e-09,1.053382696245883e-08,1.1406294314523446e-08,1.7412472981407858e-09,1000,2.5th-97.5th percentile range from distinct-pair replication-block bootstrap,60,30
J-S06-D05,mean_total_shift,topology,B_factor_U,1.9871198182819376e-10,3.534134138069742e-11,1.9756584126850988e-10,3.9212895731316743e-10,3.5678761593247e-10,1000,2.5th-97.5th percentile range from distinct-pair replication-block bootstrap,60,30
J-S06-D05,mean_total_shift,topology,q_proportion,5.912576550683337e-08,1.0492364805970316e-08,5.874874445006561e-08,1.1665045309443948e-07,1.0615808828846916e-07,1000,2.5th-97.5th percentile range from distinct-pair replication-block bootstrap,60,30
J-S06-D05,mean_total_shift,topology,rho_proportion,0.00016513603503708922,2.8732359904362994e-05,0.00016337069454087542,0.0003126856582983916,0.0002839532983940286,1000,2.5th-97.5th percentile range from distinct-pair replication-block bootstrap,60,30
J-S06-D05,mean_total_shift,topology,tau_proportion,3.1365019440624473e-06,2.8804537787900234e-06,3.135940802301593e-06,3.3935867735487844e-06,5.131329947587609e-07,1000,2.5th-97.5th percentile range from distinct-pair replication-block bootstrap,60,30
J-S06-D05,mean_total_shift,message_condition,B_total_U,1.0541267617763005e-08,9.66504701638266e-09,1.053382696245883e-08,1.1406294314523446e-08,1.7412472981407858e-09,1000,2.5th-97.5th percentile range from distinct-pair replication-block bootstrap,60,30
J-S06-D05,mean_total_shift,message_condition,B_factor_U,1.0020758767633662e-08,9.265948095718162e-09,1.0017221898035839e-08,1.082568899968868e-08,1.559740903970517e-09,1000,2.5th-97.5th percentile range from distinct-pair replication-block bootstrap,60,30
J-S06-D05,mean_total_shift,message_condition,q_proportion,2.981627115006656e-06,2.75978564800557e-06,2.980010065290128e-06,3.219335269847556e-06,4.5954962184198623e-07,1000,2.5th-97.5th percentile range from distinct-pair replication-block bootstrap,60,30
J-S06-D05,mean_total_shift,message_condition,rho_proportion,2.3362055654749683e-05,2.1644042698760443e-05,2.3351762326367766e-05,2.522891786253891e-05,3.5848751637784673e-06,1000,2.5th-97.5th percentile range from distinct-pair replication-block bootstrap,60,30
J-S06-D05,mean_total_shift,message_condition,tau_proportion,3.1365019440624473e-06,2.8804537787900234e-06,3.135940802301593e-06,3.3935867735487844e-06,5.131329947587609e-07,1000,2.5th-97.5th percentile range from distinct-pair replication-block bootstrap,60,30
J-S06-D05,mean_total_shift,inoculation,B_total_U,1.0541267617763005e-08,9.66504701638266e-09,1.053382696245883e-08,1.1406294314523446e-08,1.7412472981407858e-09,1000,2.5th-97.5th percentile range from distinct-pair replication-block bootstrap,60,30
J-S06-D05,mean_total_shift,inoculation,B_factor_U,3.464776580764746e-10,1.8104077409722988e-10,3.4583111376509735e-10,5.278398031386868e-10,3.4679902904145696e-10,1000,2.5th-97.5th percentile range from distinct-pair replication-block bootstrap,60,30
J-S06-D05,mean_total_shift,inoculation,q_proportion,1.0309271024481252e-07,5.3935733910115976e-08,1.0302060909416589e-07,1.5683891899091474e-07,1.0290318508079877e-07,1000,2.5th-97.5th percentile range from distinct-pair replication-block bootstrap,60,30
J-S06-D05,mean_total_shift,inoculation,rho_proportion,0.00040438436379167716,0.0002068531310777768,0.00040341757541214663,0.0006447714124373421,0.00043791828135956534,1000,2.5th-97.5th percentile range from distinct-pair replication-block bootstrap,60,30
J-S06-D05,mean_total_shift,inoculation,tau_proportion,3.1365019440624473e-06,2.8804537787900234e-06,3.135940802301593e-06,3.3935867735487844e-06,5.131329947587609e-07,1000,2.5th-97.5th percentile range from distinct-pair replication-block bootstrap,60,30
J-S06-D05,mean_total_shift,seeding_regime,B_total_U,1.0541267617763005e-08,9.66504701638266e-09,1.053382696245883e-08,1.1406294314523446e-08,1.7412472981407858e-09,1000,2.5th-97.5th percentile range from distinct-pair replication-block bootstrap,60,30
J-S06-D05,mean_total_shift,seeding_regime,B_factor_U,-2.468078977497742e-11,-1.0037308154116573e-10,-2.85570331597045e-11,5.645086918255001e-11,1.5682395072371572e-10,1000,2.5th-97.5th percentile range from distinct-pair replication-block bootstrap,60,30
J-S06-D05,mean_total_shift,seeding_regime,q_proportion,-7.34364669575109e-09,-2.9934793930153865e-08,-8.50076175149915e-09,1.6808031654587287e-08,4.674282558474115e-08,1000,2.5th-97.5th percentile range from distinct-pair replication-block bootstrap,60,30
J-S06-D05,mean_total_shift,seeding_regime,rho_proportion,-8.423930693750105e-09,-3.4351018065515835e-08,-9.7470145843371e-09,1.9282856761436623e-08,5.363387482695246e-08,1000,2.5th-97.5th percentile range from distinct-pair replication-block bootstrap,60,30
J-S06-D05,mean_total_shift,seeding_regime,tau_proportion,3.1365019440624473e-06,2.8804537787900234e-06,3.135940802301593e-06,3.3935867735487844e-06,5.131329947587609e-07,1000,2.5th-97.5th percentile range from distinct-pair replication-block bootstrap,60,30
J-S06-D50,mean_total_shift,topology,B_total_U,1.2760842792860701e-06,1.2459694367059699e-06,1.2750784023576881e-06,1.3064059270663666e-06,6.043649036039675e-08,1000,2.5th-97.5th percentile range from distinct-pair replication-block bootstrap,30,30
J-S06-D50,mean_total_shift,topology,B_factor_U,4.191201715690078e-08,3.675105990435084e-08,4.183841273159436e-08,4.8019994709285346e-08,1.1268934804934508e-08,1000,2.5th-97.5th percentile range from distinct-pair replication-block bootstrap,30,30
J-S06-D50,mean_total_shift,topology,q_proportion,1.2470713016590205e-05,1.0913464748896787e-05,1.2448967409598769e-05,1.4306744683685539e-05,3.3932799347887516e-06,1000,2.5th-97.5th percentile range from distinct-pair replication-block bootstrap,30,30
J-S06-D50,mean_total_shift,topology,rho_proportion,0.03483023152414182,0.02837728014183214,0.03490205302985927,0.04384553952096649,0.015468259379134347,1000,2.5th-97.5th percentile range from distinct-pair replication-block bootstrap,30,30
J-S06-D50,mean_total_shift,topology,tau_proportion,0.00037969255386551475,0.00037037706337138927,0.0003793885728851891,0.0003887768550393178,1.839979166792853e-05,1000,2.5th-97.5th percentile range from distinct-pair replication-block bootstrap,30,30
J-S06-D50,mean_total_shift,message_condition,B_total_U,1.2760842792860701e-06,1.2459694367059699e-06,1.2750784023576881e-06,1.3064059270663666e-06,6.043649036039675e-08,1000,2.5th-97.5th percentile range from distinct-pair replication-block bootstrap,30,30
J-S06-D50,mean_total_shift,message_condition,B_factor_U,1.1260544774963607e-06,1.099602217930332e-06,1.126059324531326e-06,1.1521260859356788e-06,5.252386800534679e-08,1000,2.5th-97.5th percentile range from distinct-pair replication-block bootstrap,30,30
J-S06-D50,mean_total_shift,message_condition,q_proportion,0.0003350519297922035,0.0003269969611024674,0.00033508975707818124,0.00034274235346811995,1.574539236565256e-05,1000,2.5th-97.5th percentile range from distinct-pair replication-block bootstrap,30,30
J-S06-D50,mean_total_shift,message_condition,rho_proportion,0.0026252450521530987,0.0025635157232578006,0.0026242302446275447,0.0026844076150551142,0.00012089189179731365,1000,2.5th-97.5th percentile range from distinct-pair replication-block bootstrap,30,30
J-S06-D50,mean_total_shift,message_condition,tau_proportion,0.00037969255386551475,0.00037037706337138927,0.0003793885728851891,0.0003887768550393178,1.839979166792853e-05,1000,2.5th-97.5th percentile range from distinct-pair replication-block bootstrap,30,30
J-S06-D50,mean_total_shift,inoculation,B_total_U,1.2760842792860701e-06,1.2459694367059699e-06,1.2750784023576881e-06,1.3064059270663666e-06,6.043649036039675e-08,1000,2.5th-97.5th percentile range from distinct-pair replication-block bootstrap,30,30
J-S06-D50,mean_total_shift,inoculation,B_factor_U,3.7427099621065405e-08,3.212627836313072e-08,3.7178852452070944e-08,4.2626066397192405e-08,1.0499788034061683e-08,1000,2.5th-97.5th percentile range from distinct-pair replication-block bootstrap,30,30
J-S06-D50,mean_total_shift,inoculation,q_proportion,1.113624802810976e-05,9.550207691173843e-06,1.1060945870013406e-05,1.2711413514815149e-05,3.1612058236413055e-06,1000,2.5th-97.5th percentile range from distinct-pair replication-block bootstrap,30,30
J-S06-D50,mean_total_shift,inoculation,rho_proportion,0.043682279408306525,0.03562148912457557,0.04342184676402221,0.05360042910856997,0.0179789399839944,1000,2.5th-97.5th percentile range from distinct-pair replication-block bootstrap,30,30
J-S06-D50,mean_total_shift,inoculation,tau_proportion,0.00037969255386551475,0.00037037706337138927,0.0003793885728851891,0.0003887768550393178,1.839979166792853e-05,1000,2.5th-97.5th percentile range from distinct-pair replication-block bootstrap,30,30
J-S06-D50,mean_total_shift,seeding_regime,B_total_U,1.2760842792860701e-06,1.2459694367059699e-06,1.2750784023576881e-06,1.3064059270663666e-06,6.043649036039675e-08,1000,2.5th-97.5th percentile range from distinct-pair replication-block bootstrap,30,30
J-S06-D50,mean_total_shift,seeding_regime,B_factor_U,7.069068501177974e-08,6.233019458583814e-08,7.026569254960513e-08,7.955798011442025e-08,1.722778552858211e-08,1000,2.5th-97.5th percentile range from distinct-pair replication-block bootstrap,30,30
J-S06-D50,mean_total_shift,seeding_regime,q_proportion,2.103366302862212e-05,1.8542477757737963e-05,2.0912141162638713e-05,2.3666601637597777e-05,5.124123879859814e-06,1000,2.5th-97.5th percentile range from distinct-pair replication-block bootstrap,30,30
J-S06-D50,mean_total_shift,seeding_regime,rho_proportion,2.4127811008572017e-05,2.1274645113955545e-05,2.3992900528797104e-05,2.715014701250211e-05,5.875501898546565e-06,1000,2.5th-97.5th percentile range from distinct-pair replication-block bootstrap,30,30
J-S06-D50,mean_total_shift,seeding_regime,tau_proportion,0.00037969255386551475,0.00037037706337138927,0.0003793885728851891,0.0003887768550393178,1.839979166792853e-05,1000,2.5th-97.5th percentile range from distinct-pair replication-block bootstrap,30,30
J-S06-D95,mean_total_shift,topology,B_total_U,5.124806545862816e-06,5.0381311469735596e-06,5.123502146167944e-06,5.212611140073922e-06,1.7447999310036275e-07,1000,2.5th-97.5th percentile range from distinct-pair replication-block bootstrap,30,30
J-S06-D95,mean_total_shift,topology,B_factor_U,1.1653034810005267e-07,1.0066972958852786e-07,1.163536929666856e-07,1.3568787967120466e-07,3.50181500826768e-08,1000,2.5th-97.5th percentile range from distinct-pair replication-block bootstrap,30,30
J-S06-D95,mean_total_shift,topology,q_proportion,3.4673027629257014e-05,2.9986785481345495e-05,3.46220273069751e-05,4.032746794713008e-05,1.0340682465784588e-05,1000,2.5th-97.5th percentile range from distinct-pair replication-block bootstrap,30,30
J-S06-D95,mean_total_shift,topology,rho_proportion,0.09684045959227712,0.07958626191146029,0.09733780564354731,0.1201192733233873,0.040533011411927014,1000,2.5th-97.5th percentile range from distinct-pair replication-block bootstrap,30,30
J-S06-D95,mean_total_shift,topology,tau_proportion,0.0015248607925442068,0.001497874053757222,0.001524214979087355,0.0015520304916295956,5.415643787237364e-05,1000,2.5th-97.5th percentile range from distinct-pair replication-block bootstrap,30,30
J-S06-D95,mean_total_shift,message_condition,B_total_U,5.124806545862816e-06,5.0381311469735596e-06,5.123502146167944e-06,5.212611140073922e-06,1.7447999310036275e-07,1000,2.5th-97.5th percentile range from distinct-pair replication-block bootstrap,30,30
J-S06-D95,mean_total_shift,message_condition,B_factor_U,4.4069058201333844e-06,4.324951120028963e-06,4.405598630668294e-06,4.486564158423705e-06,1.6161303839474143e-07,1000,2.5th-97.5th percentile range from distinct-pair replication-block bootstrap,30,30
J-S06-D95,mean_total_shift,message_condition,q_proportion,0.001311252989048175,0.0012874118903117508,0.0013110479521225731,0.0013346441506242798,4.7232260312529044e-05,1000,2.5th-97.5th percentile range from distinct-pair replication-block bootstrap,30,30
J-S06-D95,mean_total_shift,message_condition,rho_proportion,0.010274110117063365,0.010061516533116712,0.010270195674119818,0.010477150304489017,0.0004156337713723049,1000,2.5th-97.5th percentile range from distinct-pair replication-block bootstrap,30,30
J-S06-D95,mean_total_shift,message_condition,tau_proportion,0.0015248607925442068,0.001497874053757222,0.001524214979087355,0.0015520304916295956,5.415643787237364e-05,1000,2.5th-97.5th percentile range from distinct-pair replication-block bootstrap,30,30
J-S06-D95,mean_total_shift,inoculation,B_total_U,5.124806545862816e-06,5.0381311469735596e-06,5.123502146167944e-06,5.212611140073922e-06,1.7447999310036275e-07,1000,2.5th-97.5th percentile range from distinct-pair replication-block bootstrap,30,30
J-S06-D95,mean_total_shift,inoculation,B_factor_U,1.3044169324581282e-07,1.1661502359910914e-07,1.3040095762960132e-07,1.436726124981736e-07,2.7057588899064465e-08,1000,2.5th-97.5th percentile range from distinct-pair replication-block bootstrap,30,30
J-S06-D95,mean_total_shift,inoculation,q_proportion,3.881227944188293e-05,3.466716507343531e-05,3.880549333648137e-05,4.2761283447183686e-05,8.094118373748379e-06,1000,2.5th-97.5th percentile range from distinct-pair replication-block bootstrap,30,30
J-S06-D95,mean_total_shift,inoculation,rho_proportion,0.1522423738025684,0.13063816724014182,0.15257590597266354,0.17970922506583464,0.04907105782569282,1000,2.5th-97.5th percentile range from distinct-pair replication-block bootstrap,30,30
J-S06-D95,mean_total_shift,inoculation,tau_proportion,0.0015248607925442068,0.001497874053757222,0.001524214979087355,0.0015520304916295956,5.415643787237364e-05,1000,2.5th-97.5th percentile range from distinct-pair replication-block bootstrap,30,30
J-S06-D95,mean_total_shift,seeding_regime,B_total_U,5.124806545862816e-06,5.0381311469735596e-06,5.123502146167944e-06,5.212611140073922e-06,1.7447999310036275e-07,1000,2.5th-97.5th percentile range from distinct-pair replication-block bootstrap,30,30
J-S06-D95,mean_total_shift,seeding_regime,B_factor_U,4.7092868438364466e-07,4.398319819537156e-07,4.7011284371730854e-07,5.001920535983203e-07,6.036007164460471e-08,1000,2.5th-97.5th percentile range from distinct-pair replication-block bootstrap,30,30
J-S06-D95,mean_total_shift,seeding_regime,q_proportion,0.00014012249642491532,0.0001306126135263254,0.00013984141346274893,0.00014889561411412716,1.8283000587801767e-05,1000,2.5th-97.5th percentile range from distinct-pair replication-block bootstrap,30,30
J-S06-D95,mean_total_shift,seeding_regime,rho_proportion,0.00016073515617270678,0.00014991848506051456,0.00016042986564457655,0.00017086178965841485,2.094330459790028e-05,1000,2.5th-97.5th percentile range from distinct-pair replication-block bootstrap,30,30
J-S06-D95,mean_total_shift,seeding_regime,tau_proportion,0.0015248607925442068,0.001497874053757222,0.001524214979087355,0.0015520304916295956,5.415643787237364e-05,1000,2.5th-97.5th percentile range from distinct-pair replication-block bootstrap,30,30
J-S14-D50,mean_total_shift,topology,B_total_U,7.836776282002254e-06,7.639004662262048e-06,7.82852975961308e-06,8.03676170923003e-06,3.9775704696798254e-07,1000,2.5th-97.5th percentile range from distinct-pair replication-block bootstrap,30,30
J-S14-D50,mean_total_shift,topology,B_factor_U,2.9669587983217163e-07,2.6497137470138423e-07,2.969569761747373e-07,3.323352968445902e-07,6.736392214320598e-08,1000,2.5th-97.5th percentile range from distinct-pair replication-block bootstrap,30,30
J-S14-D50,mean_total_shift,topology,q_proportion,8.828038881403596e-05,7.87777354103164e-05,8.829266026766705e-05,9.891140750435531e-05,2.0133672094038902e-05,1000,2.5th-97.5th percentile range from distinct-pair replication-block bootstrap,30,30
J-S14-D50,mean_total_shift,topology,rho_proportion,0.2465637993067107,0.20390268076335188,0.24715307633098388,0.30749906763301277,0.10359638686966088,1000,2.5th-97.5th percentile range from distinct-pair replication-block bootstrap,30,30
J-S14-D50,mean_total_shift,topology,tau_proportion,0.0023317939487906445,0.0022730558528340768,0.002329683588226483,0.0023895570406419304,0.00011650118780785366,1000,2.5th-97.5th percentile range from distinct-pair replication-block bootstrap,30,30
J-S14-D50,mean_total_shift,message_condition,B_total_U,7.836776282002254e-06,7.639004662262048e-06,7.82852975961308e-06,8.03676170923003e-06,3.9775704696798254e-07,1000,2.5th-97.5th percentile range from distinct-pair replication-block bootstrap,30,30
J-S14-D50,mean_total_shift,message_condition,B_factor_U,6.661610359117876e-06,6.47690511897872e-06,6.658980613841917e-06,6.838972498621335e-06,3.620673796426149e-07,1000,2.5th-97.5th percentile range from distinct-pair replication-block bootstrap,30,30
J-S14-D50,mean_total_shift,message_condition,q_proportion,0.0019821291517873227,0.0019295053815499446,0.0019810614569942173,0.0020326587852975368,0.00010315340374759214,1000,2.5th-97.5th percentile range from distinct-pair replication-block bootstrap,30,30
J-S14-D50,mean_total_shift,message_condition,rho_proportion,0.015530651477474856,0.015092568246179416,0.015516552489350818,0.015934277867875334,0.0008417096216959182,1000,2.5th-97.5th percentile range from distinct-pair replication-block bootstrap,30,30
J-S14-D50,mean_total_shift,message_condition,tau_proportion,0.0023317939487906445,0.0022730558528340768,0.002329683588226483,0.0023895570406419304,0.00011650118780785366,1000,2.5th-97.5th percentile range from distinct-pair replication-block bootstrap,30,30
J-S14-D50,mean_total_shift,inoculation,B_total_U,7.836776282002254e-06,7.639004662262048e-06,7.82852975961308e-06,8.03676170923003e-06,3.9775704696798254e-07,1000,2.5th-97.5th percentile range from distinct-pair replication-block bootstrap,30,30
J-S14-D50,mean_total_shift,inoculation,B_factor_U,2.0343589322491415e-07,1.7445148898083072e-07,2.0280006212671994e-07,2.3602504462329533e-07,6.157355564246461e-08,1000,2.5th-97.5th percentile range from distinct-pair replication-block bootstrap,30,30
J-S14-D50,mean_total_shift,inoculation,q_proportion,6.053134193432345e-05,5.1838739769963854e-05,6.033127857780684e-05,7.021346219786028e-05,1.8374722427896426e-05,1000,2.5th-97.5th percentile range from distinct-pair replication-block bootstrap,30,30
J-S14-D50,mean_total_shift,inoculation,rho_proportion,0.23743607224449273,0.1925035675619505,0.23666240208640588,0.2895402617872876,0.09703669422533709,1000,2.5th-97.5th percentile range from distinct-pair replication-block bootstrap,30,30
J-S14-D50,mean_total_shift,inoculation,tau_proportion,0.0023317939487906445,0.0022730558528340768,0.002329683588226483,0.0023895570406419304,0.00011650118780785366,1000,2.5th-97.5th percentile range from distinct-pair replication-block bootstrap,30,30
J-S14-D50,mean_total_shift,seeding_regime,B_total_U,7.836776282002254e-06,7.639004662262048e-06,7.82852975961308e-06,8.03676170923003e-06,3.9775704696798254e-07,1000,2.5th-97.5th percentile range from distinct-pair replication-block bootstrap,30,30
J-S14-D50,mean_total_shift,seeding_regime,B_factor_U,6.750341498274683e-07,6.154852166672313e-07,6.724258870611522e-07,7.41029258330496e-07,1.255440416632647e-07,1000,2.5th-97.5th percentile range from distinct-pair replication-block bootstrap,30,30
J-S14-D50,mean_total_shift,seeding_regime,q_proportion,0.00020085306625501487,0.00018309759630295294,0.00020009472267325538,0.0002205919597237925,3.749436342083957e-05,1000,2.5th-97.5th percentile range from distinct-pair replication-block bootstrap,30,30
J-S14-D50,mean_total_shift,seeding_regime,rho_proportion,0.00023039947043454446,0.00020999473738651003,0.00022953376848332664,0.0002529482046199433,4.2953467233433266e-05,1000,2.5th-97.5th percentile range from distinct-pair replication-block bootstrap,30,30
J-S14-D50,mean_total_shift,seeding_regime,tau_proportion,0.0023317939487906445,0.0022730558528340768,0.002329683588226483,0.0023895570406419304,0.00011650118780785366,1000,2.5th-97.5th percentile range from distinct-pair replication-block bootstrap,30,30
J-S14-D95,mean_total_shift,topology,B_total_U,3.2892096872360166e-05,3.2459082884300235e-05,3.289089884774247e-05,3.336128662658541e-05,9.022037422851746e-07,1000,2.5th-97.5th percentile range from distinct-pair replication-block bootstrap,30,30
J-S14-D95,mean_total_shift,topology,B_factor_U,7.624816525434615e-07,6.79484570333769e-07,7.653135409684751e-07,8.514509519021896e-07,1.7196638156842054e-07,1000,2.5th-97.5th percentile range from distinct-pair replication-block bootstrap,30,30
J-S14-D95,mean_total_shift,topology,q_proportion,0.0002268726373557365,0.00020235264077573427,0.00022775970264661246,0.00025341450651140664,5.1061865735672364e-05,1000,2.5th-97.5th percentile range from distinct-pair replication-block bootstrap,30,30
J-S14-D95,mean_total_shift,topology,rho_proportion,0.6336467269418067,0.5206277031674839,0.6353754543511712,0.7900082026885158,0.26938049952103194,1000,2.5th-97.5th percentile range from distinct-pair replication-block bootstrap,30,30
J-S14-D95,mean_total_shift,topology,tau_proportion,0.009786880432729324,0.009649352573032186,0.009784194327979834,0.009932380543486627,0.0002830279704544407,1000,2.5th-97.5th percentile range from distinct-pair replication-block bootstrap,30,30
J-S14-D95,mean_total_shift,message_condition,B_total_U,3.2892096872360166e-05,3.2459082884300235e-05,3.289089884774247e-05,3.336128662658541e-05,9.022037422851746e-07,1000,2.5th-97.5th percentile range from distinct-pair replication-block bootstrap,30,30
J-S14-D95,mean_total_shift,message_condition,B_factor_U,2.693349297649319e-05,2.6546369747447486e-05,2.6931275973855107e-05,2.73389248628688e-05,7.925551154213139e-07,1000,2.5th-97.5th percentile range from distinct-pair replication-block bootstrap,30,30
J-S14-D95,mean_total_shift,message_condition,q_proportion,0.008013927370443734,0.007894214386069243,0.008012710724373585,0.008136373612636222,0.0002421592265669792,1000,2.5th-97.5th percentile range from distinct-pair replication-block bootstrap,30,30
J-S14-D95,mean_total_shift,message_condition,rho_proportion,0.06279182809249785,0.061701761383023336,0.06277416790135595,0.06385067045639777,0.002148909073374429,1000,2.5th-97.5th percentile range from distinct-pair replication-block bootstrap,30,30
J-S14-D95,mean_total_shift,message_condition,tau_proportion,0.009786880432729324,0.009649352573032186,0.009784194327979834,0.009932380543486627,0.0002830279704544407,1000,2.5th-97.5th percentile range from distinct-pair replication-block bootstrap,30,30
J-S14-D95,mean_total_shift,inoculation,B_total_U,3.2892096872360166e-05,3.2459082884300235e-05,3.289089884774247e-05,3.336128662658541e-05,9.022037422851746e-07,1000,2.5th-97.5th percentile range from distinct-pair replication-block bootstrap,30,30
J-S14-D95,mean_total_shift,inoculation,B_factor_U,8.017635177936855e-07,7.196883909193958e-07,8.02650928235868e-07,8.832961285770824e-07,1.6360773765768658e-07,1000,2.5th-97.5th percentile range from distinct-pair replication-block bootstrap,30,30
J-S14-D95,mean_total_shift,inoculation,q_proportion,0.00023856076170580143,0.0002137757324210209,0.0002386719793590364,0.0002630408247940853,4.926509237306438e-05,1000,2.5th-97.5th percentile range from distinct-pair replication-block bootstrap,30,30
J-S14-D95,mean_total_shift,inoculation,rho_proportion,0.9357620109023437,0.8031710458848306,0.9404332140779664,1.1034280802685332,0.30025703438370266,1000,2.5th-97.5th percentile range from distinct-pair replication-block bootstrap,30,30
J-S14-D95,mean_total_shift,inoculation,tau_proportion,0.009786880432729324,0.009649352573032186,0.009784194327979834,0.009932380543486627,0.0002830279704544407,1000,2.5th-97.5th percentile range from distinct-pair replication-block bootstrap,30,30
J-S14-D95,mean_total_shift,seeding_regime,B_total_U,3.2892096872360166e-05,3.2459082884300235e-05,3.289089884774247e-05,3.336128662658541e-05,9.022037422851746e-07,1000,2.5th-97.5th percentile range from distinct-pair replication-block bootstrap,30,30
J-S14-D95,mean_total_shift,seeding_regime,B_factor_U,4.3943587255304035e-06,4.232112362453264e-06,4.392442005226413e-06,4.561157328246956e-06,3.29044965793692e-07,1000,2.5th-97.5th percentile range from distinct-pair replication-block bootstrap,30,30
J-S14-D95,mean_total_shift,seeding_regime,q_proportion,0.0013075196632242228,0.0012587912272106366,0.0013069130275141414,0.001357664749654814,9.887352244417752e-05,1000,2.5th-97.5th percentile range from distinct-pair replication-block bootstrap,30,30
J-S14-D95,mean_total_shift,seeding_regime,rho_proportion,0.001499861782578553,0.0014440985041925124,0.0014995130595159348,0.0015576004219980616,0.00011350191780554924,1000,2.5th-97.5th percentile range from distinct-pair replication-block bootstrap,30,30
J-S14-D95,mean_total_shift,seeding_regime,tau_proportion,0.009786880432729324,0.009649352573032186,0.009784194327979834,0.009932380543486627,0.0002830279704544407,1000,2.5th-97.5th percentile range from distinct-pair replication-block bootstrap,30,30
J-S18-D05,mean_total_shift,topology,B_total_U,1.0162076515870838e-07,9.361318413526031e-08,1.0165620925135782e-07,1.0933920240934737e-07,1.5726018274087067e-08,1000,2.5th-97.5th percentile range from distinct-pair replication-block bootstrap,60,30
J-S18-D05,mean_total_shift,topology,B_factor_U,2.1370247800265532e-09,5.508211832474685e-10,2.1374052707306286e-09,3.904950039652516e-09,3.3541288564050476e-09,1000,2.5th-97.5th percentile range from distinct-pair replication-block bootstrap,60,30
J-S18-D05,mean_total_shift,topology,q_proportion,6.358611336048526e-07,1.638927549242448e-07,6.357079102212589e-07,1.1611842164019962e-06,9.972914614777514e-07,1000,2.5th-97.5th percentile range from distinct-pair replication-block bootstrap,60,30
J-S18-D05,mean_total_shift,topology,rho_proportion,0.0017759361851401075,0.0005050328062065746,0.0017806705093561487,0.003280118519227107,0.0027750857130205324,1000,2.5th-97.5th percentile range from distinct-pair replication-block bootstrap,60,30
J-S18-D05,mean_total_shift,topology,tau_proportion,3.02367551071663e-05,2.787311177889389e-05,3.0239922452595774e-05,3.2521037415574114e-05,4.6479256366802245e-06,1000,2.5th-97.5th percentile range from distinct-pair replication-block bootstrap,60,30
J-S18-D05,mean_total_shift,message_condition,B_total_U,1.0162076515870838e-07,9.361318413526031e-08,1.0165620925135782e-07,1.0933920240934737e-07,1.5726018274087067e-08,1000,2.5th-97.5th percentile range from distinct-pair replication-block bootstrap,60,30
J-S18-D05,mean_total_shift,message_condition,B_factor_U,9.59607646161335e-08,8.877272874113056e-08,9.603720999650293e-08,1.0281960959906072e-07,1.4046880857930153e-08,1000,2.5th-97.5th percentile range from distinct-pair replication-block bootstrap,60,30
J-S18-D05,mean_total_shift,message_condition,q_proportion,2.855264999297056e-05,2.638616723873679e-05,2.856356154690112e-05,3.058993249608439e-05,4.203765257347603e-06,1000,2.5th-97.5th percentile range from distinct-pair replication-block bootstrap,60,30
J-S18-D05,mean_total_shift,message_condition,rho_proportion,0.0002237196579240517,0.00020668318318398918,0.00022385369754724906,0.00023987216725565157,3.3188984071662396e-05,1000,2.5th-97.5th percentile range from distinct-pair replication-block bootstrap,60,30
J-S18-D05,mean_total_shift,message_condition,tau_proportion,3.02367551071663e-05,2.787311177889389e-05,3.0239922452595774e-05,3.2521037415574114e-05,4.6479256366802245e-06,1000,2.5th-97.5th percentile range from distinct-pair replication-block bootstrap,60,30
J-S18-D05,mean_total_shift,inoculation,B_total_U,1.0162076515870838e-07,9.361318413526031e-08,1.0165620925135782e-07,1.0933920240934737e-07,1.5726018274087067e-08,1000,2.5th-97.5th percentile range from distinct-pair replication-block bootstrap,60,30
J-S18-D05,mean_total_shift,inoculation,B_factor_U,3.2668589160750133e-09,1.7200478299285086e-09,3.256448276733623e-09,4.92763350350296e-09,3.2075856735744518e-09,1000,2.5th-97.5th percentile range from distinct-pair replication-block bootstrap,60,30
J-S18-D05,mean_total_shift,inoculation,q_proportion,9.720376820697266e-07,5.115614491304562e-07,9.701929052019388e-07,1.465911785066451e-06,9.543503359359948e-07,1000,2.5th-97.5th percentile range from distinct-pair replication-block bootstrap,60,30
J-S18-D05,mean_total_shift,inoculation,rho_proportion,0.0038128480540658015,0.0019891260709326846,0.0037704354311880297,0.005938661930148705,0.00394953585921602,1000,2.5th-97.5th percentile range from distinct-pair replication-block bootstrap,60,30
J-S18-D05,mean_total_shift,inoculation,tau_proportion,3.02367551071663e-05,2.787311177889389e-05,3.0239922452595774e-05,3.2521037415574114e-05,4.6479256366802245e-06,1000,2.5th-97.5th percentile range from distinct-pair replication-block bootstrap,60,30
J-S18-D05,mean_total_shift,seeding_regime,B_total_U,1.0162076515870838e-07,9.361318413526031e-08,1.0165620925135782e-07,1.0933920240934737e-07,1.5726018274087067e-08,1000,2.5th-97.5th percentile range from distinct-pair replication-block bootstrap,60,30
J-S18-D05,mean_total_shift,seeding_regime,B_factor_U,2.561168464778729e-10,-4.994710650038204e-10,2.4284263916308506e-10,1.063198477251833e-09,1.5626695422556535e-09,1000,2.5th-97.5th percentile range from distinct-pair replication-block bootstrap,60,30
J-S18-D05,mean_total_shift,seeding_regime,q_proportion,7.620629852251724e-08,-1.4904023573158423e-07,7.229869205265785e-08,3.1607821617841573e-07,4.6511845190999996e-07,1000,2.5th-97.5th percentile range from distinct-pair replication-block bootstrap,60,30
J-S18-D05,mean_total_shift,seeding_regime,rho_proportion,8.741659338708948e-08,-1.708945922644028e-07,8.297230703541655e-08,3.6249319178955614e-07,5.33387784053959e-07,1000,2.5th-97.5th percentile range from distinct-pair replication-block bootstrap,60,30
J-S18-D05,mean_total_shift,seeding_regime,tau_proportion,3.02367551071663e-05,2.787311177889389e-05,3.0239922452595774e-05,3.2521037415574114e-05,4.6479256366802245e-06,1000,2.5th-97.5th percentile range from distinct-pair replication-block bootstrap,60,30
J-S18-D50,mean_total_shift,topology,B_total_U,1.3474721409360826e-05,1.3119489646404708e-05,1.3467339630321745e-05,1.3805426444829787e-05,6.859367984250788e-07,1000,2.5th-97.5th percentile range from distinct-pair replication-block bootstrap,30,30
J-S18-D50,mean_total_shift,topology,B_factor_U,5.44588049371224e-07,4.861739360906988e-07,5.437416734517388e-07,6.084138969157493e-07,1.222399608250505e-07,1000,2.5th-97.5th percentile range from distinct-pair replication-block bootstrap,30,30
J-S18-D50,mean_total_shift,topology,q_proportion,0.00016203947546950732,0.00014440051098294247,0.00016181805667474242,0.00018135831555098742,3.695780456804495e-05,1000,2.5th-97.5th percentile range from distinct-pair replication-block bootstrap,30,30
J-S18-D50,mean_total_shift,topology,rho_proportion,0.45257014888765446,0.3797827213120125,0.4546072214314675,0.5566297132591252,0.17684699194711273,1000,2.5th-97.5th percentile range from distinct-pair replication-block bootstrap,30,30
J-S18-D50,mean_total_shift,topology,tau_proportion,0.0040093365834809325,0.0039016607050455007,0.004006914416367002,0.004110067272809694,0.0002084065677641937,1000,2.5th-97.5th percentile range from distinct-pair replication-block bootstrap,30,30
J-S18-D50,mean_total_shift,message_condition,B_total_U,1.3474721409360826e-05,1.3119489646404708e-05,1.3467339630321745e-05,1.3805426444829787e-05,6.859367984250788e-07,1000,2.5th-97.5th percentile range from distinct-pair replication-block bootstrap,30,30
J-S18-D50,mean_total_shift,message_condition,B_factor_U,1.1050665779135652e-05,1.0747562158491038e-05,1.1042408366069242e-05,1.131516645542076e-05,5.676042969297226e-07,1000,2.5th-97.5th percentile range from distinct-pair replication-block bootstrap,30,30
J-S18-D50,mean_total_shift,message_condition,q_proportion,0.003288070842735964,0.0031981472913405343,0.003285154716526315,0.003365034008454635,0.0001668867171141005,1000,2.5th-97.5th percentile range from distinct-pair replication-block bootstrap,30,30
J-S18-D50,mean_total_shift,message_condition,rho_proportion,0.025763145779745096,0.02500588561126888,0.025736596581594547,0.02640890867618806,0.0014030230649191774,1000,2.5th-97.5th percentile range from distinct-pair replication-block bootstrap,30,30
J-S18-D50,mean_total_shift,message_condition,tau_proportion,0.0040093365834809325,0.0039016607050455007,0.004006914416367002,0.004110067272809694,0.0002084065677641937,1000,2.5th-97.5th percentile range from distinct-pair replication-block bootstrap,30,30
J-S18-D50,mean_total_shift,inoculation,B_total_U,1.3474721409360826e-05,1.3119489646404708e-05,1.3467339630321745e-05,1.3805426444829787e-05,6.859367984250788e-07,1000,2.5th-97.5th percentile range from distinct-pair replication-block bootstrap,30,30
J-S18-D50,mean_total_shift,inoculation,B_factor_U,3.9698063614672424e-07,3.4707295092480953e-07,3.944125563109004e-07,4.4866697339812855e-07,1.0159402247331902e-07,1000,2.5th-97.5th percentile range from distinct-pair replication-block bootstrap,30,30
J-S18-D50,mean_total_shift,inoculation,q_proportion,0.00011811962111000656,0.0001030122716606694,0.00011734619560142045,0.00013352205356568134,3.050978190501193e-05,1000,2.5th-97.5th percentile range from distinct-pair replication-block bootstrap,30,30
J-S18-D50,mean_total_shift,inoculation,rho_proportion,0.4633278892412034,0.38729493137131,0.4644145424899903,0.553709002357817,0.16641407098650696,1000,2.5th-97.5th percentile range from distinct-pair replication-block bootstrap,30,30
J-S18-D50,mean_total_shift,inoculation,tau_proportion,0.0040093365834809325,0.0039016607050455007,0.004006914416367002,0.004110067272809694,0.0002084065677641937,1000,2.5th-97.5th percentile range from distinct-pair replication-block bootstrap,30,30
J-S18-D50,mean_total_shift,seeding_regime,B_total_U,1.3474721409360826e-05,1.3119489646404708e-05,1.3467339630321745e-05,1.3805426444829787e-05,6.859367984250788e-07,1000,2.5th-97.5th percentile range from distinct-pair replication-block bootstrap,30,30
J-S18-D50,mean_total_shift,seeding_regime,B_factor_U,1.4824869447075322e-06,1.3525280558214676e-06,1.4799205105570505e-06,1.616674224887301e-06,2.641461690658333e-07,1000,2.5th-97.5th percentile range from distinct-pair replication-block bootstrap,30,30
J-S18-D50,mean_total_shift,seeding_regime,q_proportion,0.0004411066441655454,0.0004030774887579274,0.0004404286115737773,0.000480769133973048,7.76916452151206e-05,1000,2.5th-97.5th percentile range from distinct-pair replication-block bootstrap,30,30
J-S18-D50,mean_total_shift,seeding_regime,rho_proportion,0.0005059954478955494,0.0004624736706507222,0.000505181883029243,0.0005518585288972475,8.93848582465253e-05,1000,2.5th-97.5th percentile range from distinct-pair replication-block bootstrap,30,30
J-S18-D50,mean_total_shift,seeding_regime,tau_proportion,0.0040093365834809325,0.0039016607050455007,0.004006914416367002,0.004110067272809694,0.0002084065677641937,1000,2.5th-97.5th percentile range from distinct-pair replication-block bootstrap,30,30
J-S18-D95,mean_total_shift,topology,B_total_U,5.646046457619609e-05,5.561775993880095e-05,5.645327954854635e-05,5.728398105198851e-05,1.6662211131875543e-06,1000,2.5th-97.5th percentile range from distinct-pair replication-block bootstrap,30,30
J-S18-D95,mean_total_shift,topology,B_factor_U,1.3021317274222677e-06,1.1584040819058796e-06,1.3011408981956958e-06,1.444514166648429e-06,2.8611008474254937e-07,1000,2.5th-97.5th percentile range from distinct-pair replication-block bootstrap,30,30
J-S18-D95,mean_total_shift,topology,q_proportion,0.00038744284298438514,0.0003443089976941948,0.0003873075297461229,0.00043009393769192876,8.578493999773394e-05,1000,2.5th-97.5th percentile range from distinct-pair replication-block bootstrap,30,30
J-S18-D95,mean_total_shift,topology,rho_proportion,1.082113260530122,0.9006042711942913,1.083715232375161,1.3261014576476515,0.4254971864533602,1000,2.5th-97.5th percentile range from distinct-pair replication-block bootstrap,30,30
J-S18-D95,mean_total_shift,topology,tau_proportion,0.016799531453645843,0.016541234140963382,0.016797906273254844,0.017034665968638923,0.0004934318276755417,1000,2.5th-97.5th percentile range from distinct-pair replication-block bootstrap,30,30
J-S18-D95,mean_total_shift,message_condition,B_total_U,5.646046457619609e-05,5.561775993880095e-05,5.645327954854635e-05,5.728398105198851e-05,1.6662211131875543e-06,1000,2.5th-97.5th percentile range from distinct-pair replication-block bootstrap,30,30
J-S18-D95,mean_total_shift,message_condition,B_factor_U,4.413508331846481e-05,4.335313897463185e-05,4.412209257045382e-05,4.48564158290649e-05,1.5032768544330513e-06,1000,2.5th-97.5th percentile range from distinct-pair replication-block bootstrap,30,30
J-S18-D95,mean_total_shift,message_condition,q_proportion,0.013132175336906927,0.012901385752480203,0.013126241360537836,0.013358513149857079,0.0004571273973768761,1000,2.5th-97.5th percentile range from distinct-pair replication-block bootstrap,30,30
J-S18-D95,mean_total_shift,message_condition,rho_proportion,0.10289502987970577,0.10089538158879133,0.10282824299170507,0.10478199018205032,0.003886608593258997,1000,2.5th-97.5th percentile range from distinct-pair replication-block bootstrap,30,30
J-S18-D95,mean_total_shift,message_condition,tau_proportion,0.016799531453645843,0.016541234140963382,0.016797906273254844,0.017034665968638923,0.0004934318276755417,1000,2.5th-97.5th percentile range from distinct-pair replication-block bootstrap,30,30
J-S18-D95,mean_total_shift,inoculation,B_total_U,5.646046457619609e-05,5.561775993880095e-05,5.645327954854635e-05,5.728398105198851e-05,1.6662211131875543e-06,1000,2.5th-97.5th percentile range from distinct-pair replication-block bootstrap,30,30
J-S18-D95,mean_total_shift,inoculation,B_factor_U,1.3067867053912628e-06,1.1676670086909282e-06,1.308376514849997e-06,1.4560729649635994e-06,2.884059562726712e-07,1000,2.5th-97.5th percentile range from distinct-pair replication-block bootstrap,30,30
J-S18-D95,mean_total_shift,inoculation,q_proportion,0.0003888279086120444,0.0003478160517942345,0.0003889891136204519,0.0004319890446711285,8.417299287689396e-05,1000,2.5th-97.5th percentile range from distinct-pair replication-block bootstrap,30,30
J-S18-D95,mean_total_shift,inoculation,rho_proportion,1.525189570389065,1.2731810339688527,1.5268868120848458,1.8590840867518903,0.5859030527830376,1000,2.5th-97.5th percentile range from distinct-pair replication-block bootstrap,30,30
J-S18-D95,mean_total_shift,inoculation,tau_proportion,0.016799531453645843,0.016541234140963382,0.016797906273254844,0.017034665968638923,0.0004934318276755417,1000,2.5th-97.5th percentile range from distinct-pair replication-block bootstrap,30,30
J-S18-D95,mean_total_shift,seeding_regime,B_total_U,5.646046457619609e-05,5.561775993880095e-05,5.645327954854635e-05,5.728398105198851e-05,1.6662211131875543e-06,1000,2.5th-97.5th percentile range from distinct-pair replication-block bootstrap,30,30
J-S18-D95,mean_total_shift,seeding_regime,B_factor_U,9.716462824918782e-06,9.309294211958217e-06,9.711211665832889e-06,1.0091769265041755e-05,7.824750530835375e-07,1000,2.5th-97.5th percentile range from distinct-pair replication-block bootstrap,30,30
J-S18-D95,mean_total_shift,seeding_regime,q_proportion,0.0028910853651427934,0.002773751853598095,0.002889827753838027,0.003002545648925697,0.0002287937953276021,1000,2.5th-97.5th percentile range from distinct-pair replication-block bootstrap,30,30
J-S18-D95,mean_total_shift,seeding_regime,rho_proportion,0.003316377237996634,0.0031801188392766096,0.003314894760728411,0.0034454122254349876,0.00026529338615837806,1000,2.5th-97.5th percentile range from distinct-pair replication-block bootstrap,30,30
J-S18-D95,mean_total_shift,seeding_regime,tau_proportion,0.016799531453645843,0.016541234140963382,0.016797906273254844,0.017034665968638923,0.0004934318276755417,1000,2.5th-97.5th percentile range from distinct-pair replication-block bootstrap,30,30
NC-NoOp,mean_total_shift,topology,B_total_U,0.0033608356716367236,0.003350225888086227,0.0033609722179280413,0.003371356706166034,2.113081807980687e-05,1000,2.5th-97.5th percentile range from distinct-pair replication-block bootstrap,30,30
NC-NoOp,mean_total_shift,topology,B_factor_U,1.2033229560317555e-06,9.980398311081676e-07,1.199001511212359e-06,1.4094435336983268e-06,4.114037025901593e-07,1000,2.5th-97.5th percentile range from distinct-pair replication-block bootstrap,30,30
NC-NoOp,mean_total_shift,topology,q_proportion,0.00035804278268855035,0.0002967394364556836,0.00035661179038308944,0.00041905366796648097,0.00012231423151079734,1000,2.5th-97.5th percentile range from distinct-pair replication-block bootstrap,30,30
NC-NoOp,mean_total_shift,topology,rho_proportion,1.0,1.0,1.0,1.0,0.0,1000,2.5th-97.5th percentile range from distinct-pair replication-block bootstrap,30,30
NC-NoOp,mean_total_shift,topology,tau_proportion,1.0,1.0,1.0,1.0,0.0,1000,2.5th-97.5th percentile range from distinct-pair replication-block bootstrap,30,30
NC-NoOp,mean_total_shift,message_condition,B_total_U,0.0033608356716367236,0.003350225888086227,0.0033609722179280413,0.003371356706166034,2.113081807980687e-05,1000,2.5th-97.5th percentile range from distinct-pair replication-block bootstrap,30,30
NC-NoOp,mean_total_shift,message_condition,B_factor_U,0.0004289330920070968,0.00042555969013999625,0.00042907368646647267,0.0004319857463245755,6.426056184579256e-06,1000,2.5th-97.5th percentile range from distinct-pair replication-block bootstrap,30,30
NC-NoOp,mean_total_shift,message_condition,q_proportion,0.12762691601586304,0.1269417341704595,0.12766594448944535,0.12827675043608414,0.0013350162656246278,1000,2.5th-97.5th percentile range from distinct-pair replication-block bootstrap,30,30
NC-NoOp,mean_total_shift,message_condition,rho_proportion,1.0,1.0,1.0,1.0,0.0,1000,2.5th-97.5th percentile range from distinct-pair replication-block bootstrap,30,30
NC-NoOp,mean_total_shift,message_condition,tau_proportion,1.0,1.0,1.0,1.0,0.0,1000,2.5th-97.5th percentile range from distinct-pair replication-block bootstrap,30,30
NC-NoOp,mean_total_shift,inoculation,B_total_U,0.0033608356716367236,0.003350225888086227,0.0033609722179280413,0.003371356706166034,2.113081807980687e-05,1000,2.5th-97.5th percentile range from distinct-pair replication-block bootstrap,30,30
NC-NoOp,mean_total_shift,inoculation,B_factor_U,8.568028071801664e-07,7.39356994893278e-07,8.514178008562772e-07,9.77816261590671e-07,2.38459266697393e-07,1000,2.5th-97.5th percentile range from distinct-pair replication-block bootstrap,30,30
NC-NoOp,mean_total_shift,inoculation,q_proportion,0.00025493742952415886,0.00021991483196639243,0.00025333560856751283,0.00029117896334733177,7.126413138093933e-05,1000,2.5th-97.5th percentile range from distinct-pair replication-block bootstrap,30,30
NC-NoOp,mean_total_shift,inoculation,rho_proportion,1.0,1.0,1.0,1.0,0.0,1000,2.5th-97.5th percentile range from distinct-pair replication-block bootstrap,30,30
NC-NoOp,mean_total_shift,inoculation,tau_proportion,1.0,1.0,1.0,1.0,0.0,1000,2.5th-97.5th percentile range from distinct-pair replication-block bootstrap,30,30
NC-NoOp,mean_total_shift,seeding_regime,B_total_U,0.0033608356716367236,0.003350225888086227,0.0033609722179280413,0.003371356706166034,2.113081807980687e-05,1000,2.5th-97.5th percentile range from distinct-pair replication-block bootstrap,30,30
NC-NoOp,mean_total_shift,seeding_regime,B_factor_U,0.002929842453866415,0.0029216807929766456,0.002929805530487251,0.002938107970591527,1.6427177614881418e-05,1000,2.5th-97.5th percentile range from distinct-pair replication-block bootstrap,30,30
NC-NoOp,mean_total_shift,seeding_regime,q_proportion,0.8717601037719244,0.8711054165533331,0.8717243831841548,0.8724699598773829,0.0013645433240497828,1000,2.5th-97.5th percentile range from distinct-pair replication-block bootstrap,30,30
NC-NoOp,mean_total_shift,seeding_regime,rho_proportion,1.0,1.0,1.0,1.0,0.0,1000,2.5th-97.5th percentile range from distinct-pair replication-block bootstrap,30,30
NC-NoOp,mean_total_shift,seeding_regime,tau_proportion,1.0,1.0,1.0,1.0,0.0,1000,2.5th-97.5th percentile range from distinct-pair replication-block bootstrap,30,30
PC-M01,mean_total_shift,topology,B_total_U,8.040186822155756e-05,7.984643615494144e-05,8.042021644971234e-05,8.103747598956531e-05,1.1910398346238766e-06,1000,2.5th-97.5th percentile range from distinct-pair replication-block bootstrap,30,30
PC-M01,mean_total_shift,topology,B_factor_U,1.4790431300415136e-07,1.274409967548623e-07,1.482200930889888e-07,1.706065594171076e-07,4.31655626622453e-08,1000,2.5th-97.5th percentile range from distinct-pair replication-block bootstrap,30,30
PC-M01,mean_total_shift,topology,q_proportion,4.400819541769565e-05,3.7902108911448135e-05,4.4143754653023395e-05,5.069978553318553e-05,1.2797676621737391e-05,1000,2.5th-97.5th percentile range from distinct-pair replication-block bootstrap,30,30
PC-M01,mean_total_shift,topology,rho_proportion,0.12291323145026761,0.10154763409006225,0.12329639039733778,0.15549334068844697,0.05394570659838473,1000,2.5th-97.5th percentile range from distinct-pair replication-block bootstrap,30,30
PC-M01,mean_total_shift,topology,tau_proportion,0.023923177470442026,0.02377968639978047,0.023925972986962456,0.0240965583826522,0.00031687198287172827,1000,2.5th-97.5th percentile range from distinct-pair replication-block bootstrap,30,30
PC-M01,mean_total_shift,message_condition,B_total_U,8.040186822155756e-05,7.984643615494144e-05,8.042021644971234e-05,8.103747598956531e-05,1.1910398346238766e-06,1000,2.5th-97.5th percentile range from distinct-pair replication-block bootstrap,30,30
PC-M01,mean_total_shift,message_condition,B_factor_U,7.319597605777213e-05,7.272175628952677e-05,7.320133353846344e-05,7.370688933833163e-05,9.851330488048614e-07,1000,2.5th-97.5th percentile range from distinct-pair replication-block bootstrap,30,30
PC-M01,mean_total_shift,message_condition,q_proportion,0.021779099964779225,0.021652597666328793,0.021779977342740557,0.021912867842412496,0.0002602701760837031,1000,2.5th-97.5th percentile range from distinct-pair replication-block bootstrap,30,30
PC-M01,mean_total_shift,message_condition,rho_proportion,0.17064660531382148,0.16954010416759605,0.1706657756585292,0.17180112803040687,0.0022610238628108237,1000,2.5th-97.5th percentile range from distinct-pair replication-block bootstrap,30,30
PC-M01,mean_total_shift,message_condition,tau_proportion,0.023923177470442026,0.02377968639978047,0.023925972986962456,0.0240965583826522,0.00031687198287172827,1000,2.5th-97.5th percentile range from distinct-pair replication-block bootstrap,30,30
PC-M01,mean_total_shift,inoculation,B_total_U,8.040186822155756e-05,7.984643615494144e-05,8.042021644971234e-05,8.103747598956531e-05,1.1910398346238766e-06,1000,2.5th-97.5th percentile range from distinct-pair replication-block bootstrap,30,30
PC-M01,mean_total_shift,inoculation,B_factor_U,1.0519126676219699e-07,8.804073898940292e-08,1.046598011388404e-07,1.2252221067812776e-07,3.4481471688724836e-08,1000,2.5th-97.5th percentile range from distinct-pair replication-block bootstrap,30,30
PC-M01,mean_total_shift,inoculation,q_proportion,3.1299140166222094e-05,2.6106388049795964e-05,3.115142680397664e-05,3.6449264947212176e-05,1.0342876897416212e-05,1000,2.5th-97.5th percentile range from distinct-pair replication-block bootstrap,30,30
PC-M01,mean_total_shift,inoculation,rho_proportion,0.12277185121322512,0.09804272081285947,0.12333512123876193,0.15093089856017777,0.0528881777473183,1000,2.5th-97.5th percentile range from distinct-pair replication-block bootstrap,30,30
PC-M01,mean_total_shift,inoculation,tau_proportion,0.023923177470442026,0.02377968639978047,0.023925972986962456,0.0240965583826522,0.00031687198287172827,1000,2.5th-97.5th percentile range from distinct-pair replication-block bootstrap,30,30
PC-M01,mean_total_shift,seeding_regime,B_total_U,8.040186822155756e-05,7.984643615494144e-05,8.042021644971234e-05,8.103747598956531e-05,1.1910398346238766e-06,1000,2.5th-97.5th percentile range from distinct-pair replication-block bootstrap,30,30
PC-M01,mean_total_shift,seeding_regime,B_factor_U,6.952796584019164e-06,6.7747680695651675e-06,6.956958170360812e-06,7.142982046470117e-06,3.682139769049497e-07,1000,2.5th-97.5th percentile range from distinct-pair replication-block bootstrap,30,30
PC-M01,mean_total_shift,seeding_regime,q_proportion,0.0020687701700789077,0.0020184169104917192,0.002070129000764266,0.00212323660458948,0.00010481969409776096,1000,2.5th-97.5th percentile range from distinct-pair replication-block bootstrap,30,30
PC-M01,mean_total_shift,seeding_regime,rho_proportion,0.002373095718796685,0.0023148079986702198,0.0023747833947123475,0.0024359634581184015,0.00012115545944818172,1000,2.5th-97.5th percentile range from distinct-pair replication-block bootstrap,30,30
PC-M01,mean_total_shift,seeding_regime,tau_proportion,0.023923177470442026,0.02377968639978047,0.023925972986962456,0.0240965583826522,0.00031687198287172827,1000,2.5th-97.5th percentile range from distinct-pair replication-block bootstrap,30,30
PC-M05,mean_total_shift,topology,B_total_U,2.962449512623758e-05,2.9429625624903563e-05,2.9627675866268434e-05,2.981805632245768e-05,3.8843069755411564e-07,1000,2.5th-97.5th percentile range from distinct-pair replication-block bootstrap,30,30
PC-M05,mean_total_shift,topology,B_factor_U,1.5634931604632984e-08,1.2212253303863748e-08,1.565586905959927e-08,1.9443558989866555e-08,7.231305686002807e-09,1000,2.5th-97.5th percentile range from distinct-pair replication-block bootstrap,30,30
PC-M05,mean_total_shift,topology,q_proportion,4.652096422500416e-06,3.6358863597739102e-06,4.6551239334688615e-06,5.775057947067059e-06,2.1391715872931485e-06,1000,2.5th-97.5th percentile range from distinct-pair replication-block bootstrap,30,30
PC-M05,mean_total_shift,topology,rho_proportion,0.01299313000409541,0.009862007544088698,0.012980470892936236,0.017130145589911886,0.007268138045823188,1000,2.5th-97.5th percentile range from distinct-pair replication-block bootstrap,30,30
PC-M05,mean_total_shift,topology,tau_proportion,0.00881462172525992,0.008756115472229571,0.008815049664429652,0.00887375181692633,0.00011763634469675807,1000,2.5th-97.5th percentile range from distinct-pair replication-block bootstrap,30,30
PC-M05,mean_total_shift,message_condition,B_total_U,2.962449512623758e-05,2.9429625624903563e-05,2.9627675866268434e-05,2.981805632245768e-05,3.8843069755411564e-07,1000,2.5th-97.5th percentile range from distinct-pair replication-block bootstrap,30,30
PC-M05,mean_total_shift,message_condition,B_factor_U,6.40658575178239e-06,6.3578780354906055e-06,6.408058571086049e-06,6.457176109894227e-06,9.929807440362184e-08,1000,2.5th-97.5th percentile range from distinct-pair replication-block bootstrap,30,30
PC-M05,mean_total_shift,message_condition,q_proportion,0.0019062478436092025,0.0018924311424326535,0.0019065581527862633,0.0019206447065806763,2.8213564148022808e-05,1000,2.5th-97.5th percentile range from distinct-pair replication-block bootstrap,30,30
PC-M05,mean_total_shift,message_condition,rho_proportion,0.014936095794810793,0.014798478216200402,0.014937292496217792,0.015081956976469005,0.0002834787602686035,1000,2.5th-97.5th percentile range from distinct-pair replication-block bootstrap,30,30
PC-M05,mean_total_shift,message_condition,tau_proportion,0.00881462172525992,0.008756115472229571,0.008815049664429652,0.00887375181692633,0.00011763634469675807,1000,2.5th-97.5th percentile range from distinct-pair replication-block bootstrap,30,30
PC-M05,mean_total_shift,inoculation,B_total_U,2.962449512623758e-05,2.9429625624903563e-05,2.9627675866268434e-05,2.981805632245768e-05,3.8843069755411564e-07,1000,2.5th-97.5th percentile range from distinct-pair replication-block bootstrap,30,30
PC-M05,mean_total_shift,inoculation,B_factor_U,8.517661154161949e-09,5.143973561026442e-09,8.444187199682369e-09,1.2081588415664701e-08,6.937614854638259e-09,1000,2.5th-97.5th percentile range from distinct-pair replication-block bootstrap,30,30
PC-M05,mean_total_shift,inoculation,q_proportion,2.534387868483274e-06,1.530120089203585e-06,2.509066124018859e-06,3.5974077261933716e-06,2.067287636989787e-06,1000,2.5th-97.5th percentile range from distinct-pair replication-block bootstrap,30,30
PC-M05,mean_total_shift,inoculation,rho_proportion,0.00994121527471942,0.006318116637973772,0.009821024680310793,0.013951033750617443,0.007632917112643671,1000,2.5th-97.5th percentile range from distinct-pair replication-block bootstrap,30,30
PC-M05,mean_total_shift,inoculation,tau_proportion,0.00881462172525992,0.008756115472229571,0.008815049664429652,0.00887375181692633,0.00011763634469675807,1000,2.5th-97.5th percentile range from distinct-pair replication-block bootstrap,30,30
PC-M05,mean_total_shift,seeding_regime,B_total_U,2.962449512623758e-05,2.9429625624903563e-05,2.9627675866268434e-05,2.981805632245768e-05,3.8843069755411564e-07,1000,2.5th-97.5th percentile range from distinct-pair replication-block bootstrap,30,30
PC-M05,mean_total_shift,seeding_regime,B_factor_U,2.31937567816964e-05,2.3043834405200586e-05,2.3196159257980243e-05,2.3345531983777198e-05,3.0169757857661123e-07,1000,2.5th-97.5th percentile range from distinct-pair replication-block bootstrap,30,30
PC-M05,mean_total_shift,seeding_regime,q_proportion,0.006901187397359736,0.006856798137612827,0.006901727239694061,0.006947005550595298,9.02074129824704e-05,1000,2.5th-97.5th percentile range from distinct-pair replication-block bootstrap,30,30
PC-M05,mean_total_shift,seeding_regime,rho_proportion,0.00791638361000892,0.007867649085970069,0.007917197848305163,0.007967148094046222,9.949900807615375e-05,1000,2.5th-97.5th percentile range from distinct-pair replication-block bootstrap,30,30
PC-M05,mean_total_shift,seeding_regime,tau_proportion,0.00881462172525992,0.008756115472229571,0.008815049664429652,0.00887375181692633,0.00011763634469675807,1000,2.5th-97.5th percentile range from distinct-pair replication-block bootstrap,30,30
S-A06,mean_total_shift,topology,B_total_U,0.000525973352268962,0.0005241752757950742,0.0005259590606954594,0.00052768611321322,3.510837418145866e-06,1000,2.5th-97.5th percentile range from distinct-pair replication-block bootstrap,30,30
S-A06,mean_total_shift,topology,B_factor_U,1.686623526897276e-07,1.396748850137056e-07,1.6820138486688618e-07,1.9792029961108873e-07,5.824541459738314e-08,1000,2.5th-97.5th percentile range from distinct-pair replication-block bootstrap,30,30
S-A06,mean_total_shift,topology,q_proportion,5.0184647262919944e-05,4.165163134521826e-05,5.007440566658161e-05,5.8824372412171045e-05,1.717274106695279e-05,1000,2.5th-97.5th percentile range from distinct-pair replication-block bootstrap,30,30
S-A06,mean_total_shift,topology,rho_proportion,0.14016382870807348,0.12006343726231845,0.1409809769384716,0.16690425854566346,0.046840821283345005,1000,2.5th-97.5th percentile range from distinct-pair replication-block bootstrap,30,30
S-A06,mean_total_shift,topology,tau_proportion,0.15650076458894926,0.15598647360401152,0.15649085150978434,0.15702256074111406,0.0010360871371025426,1000,2.5th-97.5th percentile range from distinct-pair replication-block bootstrap,30,30
S-A06,mean_total_shift,message_condition,B_total_U,0.000525973352268962,0.0005241752757950742,0.0005259590606954594,0.00052768611321322,3.510837418145866e-06,1000,2.5th-97.5th percentile range from distinct-pair replication-block bootstrap,30,30
S-A06,mean_total_shift,message_condition,B_factor_U,7.876165291011463e-06,7.708267902834363e-06,7.870488106633246e-06,8.035148749256084e-06,3.268808464217203e-07,1000,2.5th-97.5th percentile range from distinct-pair replication-block bootstrap,30,30
S-A06,mean_total_shift,message_condition,q_proportion,0.0023435139532352613,0.002293144684917894,0.002341965246178193,0.0023903495640835324,9.720487916563833e-05,1000,2.5th-97.5th percentile range from distinct-pair replication-block bootstrap,30,30
S-A06,mean_total_shift,message_condition,rho_proportion,0.01836222347442745,0.01794004425756182,0.018343089055736787,0.018740115300542093,0.0008000710429802715,1000,2.5th-97.5th percentile range from distinct-pair replication-block bootstrap,30,30
S-A06,mean_total_shift,message_condition,tau_proportion,0.15650076458894926,0.15598647360401152,0.15649085150978434,0.15702256074111406,0.0010360871371025426,1000,2.5th-97.5th percentile range from distinct-pair replication-block bootstrap,30,30
S-A06,mean_total_shift,inoculation,B_total_U,0.000525973352268962,0.0005241752757950742,0.0005259590606954594,0.00052768611321322,3.510837418145866e-06,1000,2.5th-97.5th percentile range from distinct-pair replication-block bootstrap,30,30
S-A06,mean_total_shift,inoculation,B_factor_U,2.223238473367894e-07,1.916846436845528e-07,2.2176428048447718e-07,2.526442551043659e-07,6.095961141981309e-08,1000,2.5th-97.5th percentile range from distinct-pair replication-block bootstrap,30,30
S-A06,mean_total_shift,inoculation,q_proportion,6.615135908400958e-05,5.712242130367821e-05,6.595232546778552e-05,7.513143168258028e-05,1.8009010378902066e-05,1000,2.5th-97.5th percentile range from distinct-pair replication-block bootstrap,30,30
S-A06,mean_total_shift,inoculation,rho_proportion,0.2594807643878782,0.230519944904385,0.2593008855505941,0.29161150311599315,0.061091558211608166,1000,2.5th-97.5th percentile range from distinct-pair replication-block bootstrap,30,30
S-A06,mean_total_shift,inoculation,tau_proportion,0.15650076458894926,0.15598647360401152,0.15649085150978434,0.15702256074111406,0.0010360871371025426,1000,2.5th-97.5th percentile range from distinct-pair replication-block bootstrap,30,30
S-A06,mean_total_shift,seeding_regime,B_total_U,0.000525973352268962,0.0005241752757950742,0.0005259590606954594,0.00052768611321322,3.510837418145866e-06,1000,2.5th-97.5th percentile range from distinct-pair replication-block bootstrap,30,30
S-A06,mean_total_shift,seeding_regime,B_factor_U,0.0005177062007779242,0.0005159976920701976,0.0005177039463362326,0.0005193661333202249,3.368441250027306e-06,1000,2.5th-97.5th percentile range from distinct-pair replication-block bootstrap,30,30
S-A06,mean_total_shift,seeding_regime,q_proportion,0.1540409146293671,0.15353292093840562,0.15403602408658523,0.15456399081391486,0.001031069875509244,1000,2.5th-97.5th percentile range from distinct-pair replication-block bootstrap,30,30
S-A06,mean_total_shift,seeding_regime,rho_proportion,0.17670103731848263,0.1762057690170213,0.17669220853404116,0.17718691320288585,0.0009811441858645353,1000,2.5th-97.5th percentile range from distinct-pair replication-block bootstrap,30,30
S-A06,mean_total_shift,seeding_regime,tau_proportion,0.15650076458894926,0.15598647360401152,0.15649085150978434,0.15702256074111406,0.0010360871371025426,1000,2.5th-97.5th percentile range from distinct-pair replication-block bootstrap,30,30
S-A18,mean_total_shift,topology,B_total_U,0.004764187324306784,0.004754723374272253,0.004764151171400027,0.004774906964145644,2.0183589873391458e-05,1000,2.5th-97.5th percentile range from distinct-pair replication-block bootstrap,30,30
S-A18,mean_total_shift,topology,B_factor_U,1.8330043365829576e-06,1.6080790643476579e-06,1.8216723804516024e-06,2.062045711524507e-06,4.539666471768493e-07,1000,2.5th-97.5th percentile range from distinct-pair replication-block bootstrap,30,30
S-A18,mean_total_shift,topology,q_proportion,0.0005454013571839668,0.0004788596608247819,0.0005422396905826506,0.0006131188433166219,0.00013425918249184002,1000,2.5th-97.5th percentile range from distinct-pair replication-block bootstrap,30,30
S-A18,mean_total_shift,topology,rho_proportion,1.5232854383728593,1.3456926266545322,1.5236827976892091,1.7524238725177521,0.40673124586321996,1000,2.5th-97.5th percentile range from distinct-pair replication-block bootstrap,30,30
S-A18,mean_total_shift,topology,tau_proportion,1.417560330162358,1.4143704686521938,1.4175790922982014,1.4208975302655942,0.006527061613400331,1000,2.5th-97.5th percentile range from distinct-pair replication-block bootstrap,30,30
S-A18,mean_total_shift,message_condition,B_total_U,0.004764187324306784,0.004754723374272253,0.004764151171400027,0.004774906964145644,2.0183589873391458e-05,1000,2.5th-97.5th percentile range from distinct-pair replication-block bootstrap,30,30
S-A18,mean_total_shift,message_condition,B_factor_U,5.634308920667484e-05,5.5002706493646943e-05,5.6332164305233267e-05,5.7781456712345834e-05,2.7787502186988903e-06,1000,2.5th-97.5th percentile range from distinct-pair replication-block bootstrap,30,30
S-A18,mean_total_shift,message_condition,q_proportion,0.01676460699408008,0.016345272987035128,0.01676095045039945,0.017208710765071272,0.0008634377780361441,1000,2.5th-97.5th percentile range from distinct-pair replication-block bootstrap,30,30
S-A18,mean_total_shift,message_condition,rho_proportion,0.1313563589673856,0.12779396866771606,0.13133604896753415,0.13489515402507612,0.007101185357360068,1000,2.5th-97.5th percentile range from distinct-pair replication-block bootstrap,30,30
S-A18,mean_total_shift,message_condition,tau_proportion,1.417560330162358,1.4143704686521938,1.4175790922982014,1.4208975302655942,0.006527061613400331,1000,2.5th-97.5th percentile range from distinct-pair replication-block bootstrap,30,30
S-A18,mean_total_shift,inoculation,B_total_U,0.004764187324306784,0.004754723374272253,0.004764151171400027,0.004774906964145644,2.0183589873391458e-05,1000,2.5th-97.5th percentile range from distinct-pair replication-block bootstrap,30,30
S-A18,mean_total_shift,inoculation,B_factor_U,1.3272681629471009e-06,1.1310680301252534e-06,1.3251186354721177e-06,1.5344837277673913e-06,4.034156976421379e-07,1000,2.5th-97.5th percentile range from distinct-pair replication-block bootstrap,30,30
S-A18,mean_total_shift,inoculation,q_proportion,0.0003949220648151246,0.00033591754768063996,0.0003940858926394403,0.0004564698190466594,0.00012055227136601945,1000,2.5th-97.5th percentile range from distinct-pair replication-block bootstrap,30,30
S-A18,mean_total_shift,inoculation,rho_proportion,1.549094087722808,1.4053443027577213,1.5437329792437366,1.7016059530899974,0.29626165033227614,1000,2.5th-97.5th percentile range from distinct-pair replication-block bootstrap,30,30
S-A18,mean_total_shift,inoculation,tau_proportion,1.417560330162358,1.4143704686521938,1.4175790922982014,1.4208975302655942,0.006527061613400331,1000,2.5th-97.5th percentile range from distinct-pair replication-block bootstrap,30,30
S-A18,mean_total_shift,seeding_regime,B_total_U,0.004764187324306784,0.004754723374272253,0.004764151171400027,0.004774906964145644,2.0183589873391458e-05,1000,2.5th-97.5th percentile range from distinct-pair replication-block bootstrap,30,30
S-A18,mean_total_shift,seeding_regime,B_factor_U,0.00470468396260058,0.004695165146749896,0.004704851595193051,0.0047151435584999,1.9978411750003373e-05,1000,2.5th-97.5th percentile range from distinct-pair replication-block bootstrap,30,30
S-A18,mean_total_shift,seeding_regime,q_proportion,1.399855399746279,1.3968914068393228,1.3998481217462087,1.4029135771107684,0.006022170271445582,1000,2.5th-97.5th percentile range from distinct-pair replication-block bootstrap,30,30
S-A18,mean_total_shift,seeding_regime,rho_proportion,1.6057805280253095,1.6030013001720422,1.6058649854252114,1.6087697784649135,0.005768478292871304,1000,2.5th-97.5th percentile range from distinct-pair replication-block bootstrap,30,30
S-A18,mean_total_shift,seeding_regime,tau_proportion,1.417560330162358,1.4143704686521938,1.4175790922982014,1.4208975302655942,0.006527061613400331,1000,2.5th-97.5th percentile range from distinct-pair replication-block bootstrap,30,30
C-D1,mean_signed_shift,topology,B_total_U,7.643131753517968e-07,7.422836096285542e-07,7.637608516401683e-07,7.859166412488413e-07,4.363303162028716e-08,1000,2.5th-97.5th percentile range from distinct-pair replication-block bootstrap,30,30
C-D1,mean_signed_shift,topology,B_factor_U,1.2913889349313363e-09,-1.2742969244292544e-10,1.2701479453613915e-09,2.8443961593786716e-09,2.9718258518215973e-09,1000,2.5th-97.5th percentile range from distinct-pair replication-block bootstrap,30,30
C-D1,mean_signed_shift,topology,q_proportion,5.723132993315809e-07,-5.638027266615896e-08,5.625654987681228e-07,1.2593440153472937e-06,1.3157242880134528e-06,1000,2.5th-97.5th percentile range from distinct-pair replication-block bootstrap,30,30
C-D1,mean_signed_shift,topology,rho_proportion,0.0010924954186320457,-0.00011947221544855708,0.0010461983601547284,0.002438976078756238,0.002558448294204795,1000,2.5th-97.5th percentile range from distinct-pair replication-block bootstrap,30,30
C-D1,mean_signed_shift,topology,tau_proportion,0.0003387256799838091,0.0003294716253237206,0.00033845650554255725,0.0003479599772281879,1.8488351904467307e-05,1000,2.5th-97.5th percentile range from distinct-pair replication-block bootstrap,30,30
C-D1,mean_signed_shift,message_condition,B_total_U,7.643131753517968e-07,7.422836096285542e-07,7.637608516401683e-07,7.859166412488413e-07,4.363303162028716e-08,1000,2.5th-97.5th percentile range from distinct-pair replication-block bootstrap,30,30
C-D1,mean_signed_shift,message_condition,B_factor_U,7.573142172623859e-07,7.364081575610904e-07,7.567912750395513e-07,7.779821936487727e-07,4.157403608768231e-08,1000,2.5th-97.5th percentile range from distinct-pair replication-block bootstrap,30,30
C-D1,mean_signed_shift,message_condition,q_proportion,0.00033562390584924355,0.0003267422613032097,0.0003354898328652025,0.00034456862559529525,1.7826364292085567e-05,1000,2.5th-97.5th percentile range from distinct-pair replication-block bootstrap,30,30
C-D1,mean_signed_shift,message_condition,rho_proportion,0.002687062757580952,0.0026200600025557607,0.0026849606210593395,0.002756950198112769,0.00013689019555700828,1000,2.5th-97.5th percentile range from distinct-pair replication-block bootstrap,30,30
C-D1,mean_signed_shift,message_condition,tau_proportion,0.0003387256799838091,0.0003294716253237206,0.00033845650554255725,0.0003479599772281879,1.8488351904467307e-05,1000,2.5th-97.5th percentile range from distinct-pair replication-block bootstrap,30,30
C-D1,mean_signed_shift,inoculation,B_total_U,7.643131753517968e-07,7.422836096285542e-07,7.637608516401683e-07,7.859166412488413e-07,4.363303162028716e-08,1000,2.5th-97.5th percentile range from distinct-pair replication-block bootstrap,30,30
C-D1,mean_signed_shift,inoculation,B_factor_U,5.11169377074759e-09,3.1058967798689662e-09,5.055475360341644e-09,7.555974094336317e-09,4.450077314467351e-09,1000,2.5th-97.5th percentile range from distinct-pair replication-block bootstrap,30,30
C-D1,mean_signed_shift,inoculation,q_proportion,2.2653828354699297e-06,1.3769710592602838e-06,2.2423758956105026e-06,3.3435485493791286e-06,1.966577490118845e-06,1000,2.5th-97.5th percentile range from distinct-pair replication-block bootstrap,30,30
C-D1,mean_signed_shift,inoculation,rho_proportion,0.0031286889945849475,0.0018586377389758631,0.0031179620084653115,0.004811452493048675,0.002952814754072812,1000,2.5th-97.5th percentile range from distinct-pair replication-block bootstrap,30,30
C-D1,mean_signed_shift,inoculation,tau_proportion,0.0003387256799838091,0.0003294716253237206,0.00033845650554255725,0.0003479599772281879,1.8488351904467307e-05,1000,2.5th-97.5th percentile range from distinct-pair replication-block bootstrap,30,30
C-D1,mean_signed_shift,seeding_regime,B_total_U,7.643131753517968e-07,7.422836096285542e-07,7.637608516401683e-07,7.859166412488413e-07,4.363303162028716e-08,1000,2.5th-97.5th percentile range from distinct-pair replication-block bootstrap,30,30
C-D1,mean_signed_shift,seeding_regime,B_factor_U,5.958753837330172e-10,-7.40005861685054e-10,6.15143265176933e-10,1.9654459984852222e-09,2.7054518601702764e-09,1000,2.5th-97.5th percentile range from distinct-pair replication-block bootstrap,30,30
C-D1,mean_signed_shift,seeding_regime,q_proportion,2.6407799976453063e-07,-3.2841460517192454e-07,2.7210992318360694e-07,8.721608730213312e-07,1.2005754781932558e-06,1000,2.5th-97.5th percentile range from distinct-pair replication-block bootstrap,30,30
C-D1,mean_signed_shift,seeding_regime,rho_proportion,3.022011462538918e-07,-3.75826269457669e-07,3.1137262765844785e-07,9.972051697914e-07,1.373031439249069e-06,1000,2.5th-97.5th percentile range from distinct-pair replication-block bootstrap,30,30
C-D1,mean_signed_shift,seeding_regime,tau_proportion,0.0003387256799838091,0.0003294716253237206,0.00033845650554255725,0.0003479599772281879,1.8488351904467307e-05,1000,2.5th-97.5th percentile range from distinct-pair replication-block bootstrap,30,30
C-D10,mean_signed_shift,topology,B_total_U,9.561950520382896e-05,9.474764858912484e-05,9.561847400961616e-05,9.664076993671608e-05,1.8931213475912402e-06,1000,2.5th-97.5th percentile range from distinct-pair replication-block bootstrap,30,30
C-D10,mean_signed_shift,topology,B_factor_U,7.218528523226446e-08,5.2071715139783064e-08,7.172979349418068e-08,9.521586055357564e-08,4.314414541379257e-08,1000,2.5th-97.5th percentile range from distinct-pair replication-block bootstrap,30,30
C-D10,mean_signed_shift,topology,q_proportion,3.1990826030010184e-05,2.3022426868628773e-05,3.1816123171022516e-05,4.2188912966565964e-05,1.916648609793719e-05,1000,2.5th-97.5th percentile range from distinct-pair replication-block bootstrap,30,30
C-D10,mean_signed_shift,topology,rho_proportion,0.06106765458160714,0.044178590883852044,0.06071502178959227,0.08346561043216891,0.039287019548316864,1000,2.5th-97.5th percentile range from distinct-pair replication-block bootstrap,30,30
C-D10,mean_signed_shift,topology,tau_proportion,0.042376322905822585,0.04201839515127679,0.04237314960619136,0.04280135170142061,0.0007829565501438207,1000,2.5th-97.5th percentile range from distinct-pair replication-block bootstrap,30,30
C-D10,mean_signed_shift,message_condition,B_total_U,9.561950520382896e-05,9.474764858912484e-05,9.561847400961616e-05,9.664076993671608e-05,1.8931213475912402e-06,1000,2.5th-97.5th percentile range from distinct-pair replication-block bootstrap,30,30
C-D10,mean_signed_shift,message_condition,B_factor_U,1.969832112556294e-05,1.9315418538719335e-05,1.9697355646832715e-05,2.006111266097128e-05,7.456941222519457e-07,1000,2.5th-97.5th percentile range from distinct-pair replication-block bootstrap,30,30
C-D10,mean_signed_shift,message_condition,q_proportion,0.008729834095460427,0.008577671482179822,0.00872914301783628,0.008879344122937647,0.00030167264075782463,1000,2.5th-97.5th percentile range from distinct-pair replication-block bootstrap,30,30
C-D10,mean_signed_shift,message_condition,rho_proportion,0.06989255434119422,0.06887551911089158,0.06988300858986879,0.07088684339042797,0.002011324279536389,1000,2.5th-97.5th percentile range from distinct-pair replication-block bootstrap,30,30
C-D10,mean_signed_shift,message_condition,tau_proportion,0.042376322905822585,0.04201839515127679,0.04237314960619136,0.04280135170142061,0.0007829565501438207,1000,2.5th-97.5th percentile range from distinct-pair replication-block bootstrap,30,30
C-D10,mean_signed_shift,inoculation,B_total_U,9.561950520382896e-05,9.474764858912484e-05,9.561847400961616e-05,9.664076993671608e-05,1.8931213475912402e-06,1000,2.5th-97.5th percentile range from distinct-pair replication-block bootstrap,30,30
C-D10,mean_signed_shift,inoculation,B_factor_U,1.5203427651114848e-07,1.1502586426597023e-07,1.5203871460010143e-07,1.8236142242787877e-07,6.733555816190853e-08,1000,2.5th-97.5th percentile range from distinct-pair replication-block bootstrap,30,30
C-D10,mean_signed_shift,inoculation,q_proportion,6.737802690419651e-05,5.091264572487027e-05,6.746350534405336e-05,8.093064654704259e-05,3.0018000822172316e-05,1000,2.5th-97.5th percentile range from distinct-pair replication-block bootstrap,30,30
C-D10,mean_signed_shift,inoculation,rho_proportion,0.09305486381875887,0.07331114567928489,0.09311035121345336,0.1126788343530513,0.039367688673766416,1000,2.5th-97.5th percentile range from distinct-pair replication-block bootstrap,30,30
C-D10,mean_signed_shift,inoculation,tau_proportion,0.042376322905822585,0.04201839515127679,0.04237314960619136,0.04280135170142061,0.0007829565501438207,1000,2.5th-97.5th percentile range from distinct-pair replication-block bootstrap,30,30
C-D10,mean_signed_shift,seeding_regime,B_total_U,9.561950520382896e-05,9.474764858912484e-05,9.561847400961616e-05,9.664076993671608e-05,1.8931213475912402e-06,1000,2.5th-97.5th percentile range from distinct-pair replication-block bootstrap,30,30
C-D10,mean_signed_shift,seeding_regime,B_factor_U,7.56969645165226e-05,7.504848629812212e-05,7.569602444696476e-05,7.644096559211063e-05,1.3924792939885069e-06,1000,2.5th-97.5th percentile range from distinct-pair replication-block bootstrap,30,30
C-D10,mean_signed_shift,seeding_regime,q_proportion,0.03354711995742795,0.033267734107460575,0.03354618500596722,0.033867542652238805,0.0005998085447782298,1000,2.5th-97.5th percentile range from distinct-pair replication-block bootstrap,30,30
C-D10,mean_signed_shift,seeding_regime,rho_proportion,0.03839008972232153,0.038062974679350985,0.038392185486812856,0.03876987246350735,0.0007068977841563628,1000,2.5th-97.5th percentile range from distinct-pair replication-block bootstrap,30,30
C-D10,mean_signed_shift,seeding_regime,tau_proportion,0.042376322905822585,0.04201839515127679,0.04237314960619136,0.04280135170142061,0.0007829565501438207,1000,2.5th-97.5th percentile range from distinct-pair replication-block bootstrap,30,30
C-D5,mean_signed_shift,topology,B_total_U,2.1112562808369886e-05,2.0769556337391612e-05,2.111652989503671e-05,2.1462388872111143e-05,6.928325347195316e-07,1000,2.5th-97.5th percentile range from distinct-pair replication-block bootstrap,30,30
C-D5,mean_signed_shift,topology,B_factor_U,1.7385898756623306e-08,9.148063050608259e-09,1.735827869086601e-08,2.8629747835537262e-08,1.9481684784929e-08,1000,2.5th-97.5th percentile range from distinct-pair replication-block bootstrap,30,30
C-D5,mean_signed_shift,topology,q_proportion,7.705022716318201e-06,4.0682510673217575e-06,7.682848242157748e-06,1.268809495859644e-05,8.619843891274682e-06,1000,2.5th-97.5th percentile range from distinct-pair replication-block bootstrap,30,30
C-D5,mean_signed_shift,topology,rho_proportion,0.014708206200807705,0.007733796289048824,0.014663395723479593,0.02400356753277235,0.016269771243723526,1000,2.5th-97.5th percentile range from distinct-pair replication-block bootstrap,30,30
C-D5,mean_signed_shift,topology,tau_proportion,0.009356592852366242,0.009212840111647417,0.009358562797872293,0.009504284887794614,0.00029144477614719694,1000,2.5th-97.5th percentile range from distinct-pair replication-block bootstrap,30,30
C-D5,mean_signed_shift,message_condition,B_total_U,2.1112562808369886e-05,2.0769556337391612e-05,2.111652989503671e-05,2.1462388872111143e-05,6.928325347195316e-07,1000,2.5th-97.5th percentile range from distinct-pair replication-block bootstrap,30,30
C-D5,mean_signed_shift,message_condition,B_factor_U,6.041249116918754e-06,5.916649495737031e-06,6.0406013251088275e-06,6.175139653355378e-06,2.5849015761834667e-07,1000,2.5th-97.5th percentile range from distinct-pair replication-block bootstrap,30,30
C-D5,mean_signed_shift,message_condition,q_proportion,0.002677339971456088,0.002622925138419035,0.00267681817009511,0.0027338658120909516,0.00011094067367191677,1000,2.5th-97.5th percentile range from distinct-pair replication-block bootstrap,30,30
C-D5,mean_signed_shift,message_condition,rho_proportion,0.021435244633360544,0.021033894622731843,0.021425926470609927,0.021840808459996183,0.0008069138372643406,1000,2.5th-97.5th percentile range from distinct-pair replication-block bootstrap,30,30
C-D5,mean_signed_shift,message_condition,tau_proportion,0.009356592852366242,0.009212840111647417,0.009358562797872293,0.009504284887794614,0.00029144477614719694,1000,2.5th-97.5th percentile range from distinct-pair replication-block bootstrap,30,30
C-D5,mean_signed_shift,inoculation,B_total_U,2.1112562808369886e-05,2.0769556337391612e-05,2.111652989503671e-05,2.1462388872111143e-05,6.928325347195316e-07,1000,2.5th-97.5th percentile range from distinct-pair replication-block bootstrap,30,30
C-D5,mean_signed_shift,inoculation,B_factor_U,5.064087376715482e-08,3.92254019886905e-08,5.009089727187429e-08,6.440453141540887e-08,2.5179129426718365e-08,1000,2.5th-97.5th percentile range from distinct-pair replication-block bootstrap,30,30
C-D5,mean_signed_shift,inoculation,q_proportion,2.2442847977674122e-05,1.739818708990337e-05,2.2212506345355923e-05,2.8578429165012576e-05,1.1180242075109207e-05,1000,2.5th-97.5th percentile range from distinct-pair replication-block bootstrap,30,30
C-D5,mean_signed_shift,inoculation,rho_proportion,0.03099550785654574,0.023663058739330944,0.030865184311748575,0.04004270069740147,0.016379641958070526,1000,2.5th-97.5th percentile range from distinct-pair replication-block bootstrap,30,30
C-D5,mean_signed_shift,inoculation,tau_proportion,0.009356592852366242,0.009212840111647417,0.009358562797872293,0.009504284887794614,0.00029144477614719694,1000,2.5th-97.5th percentile range from distinct-pair replication-block bootstrap,30,30
C-D5,mean_signed_shift,seeding_regime,B_total_U,2.1112562808369886e-05,2.0769556337391612e-05,2.111652989503671e-05,2.1462388872111143e-05,6.928325347195316e-07,1000,2.5th-97.5th percentile range from distinct-pair replication-block bootstrap,30,30
C-D5,mean_signed_shift,seeding_regime,B_factor_U,1.5003286918927356e-05,1.475296967971167e-05,1.5008343597403113e-05,1.5257848789912384e-05,5.048791102007145e-07,1000,2.5th-97.5th percentile range from distinct-pair replication-block bootstrap,30,30
C-D5,mean_signed_shift,seeding_regime,q_proportion,0.0066491050102161645,0.006542371287691978,0.006652118878032229,0.00675821606236648,0.00021584477467450226,1000,2.5th-97.5th percentile range from distinct-pair replication-block bootstrap,30,30
C-D5,mean_signed_shift,seeding_regime,rho_proportion,0.007608991121719733,0.007487635374757768,0.0076118389963027045,0.00773520965880721,0.00024757428404944236,1000,2.5th-97.5th percentile range from distinct-pair replication-block bootstrap,30,30
C-D5,mean_signed_shift,seeding_regime,tau_proportion,0.009356592852366242,0.009212840111647417,0.009358562797872293,0.009504284887794614,0.00029144477614719694,1000,2.5th-97.5th percentile range from distinct-pair replication-block bootstrap,30,30
C-D50,mean_signed_shift,topology,B_total_U,0.0022564370536899666,0.002247394441932916,0.002256436679813797,0.002265484471418477,1.8090029485561248e-05,1000,2.5th-97.5th percentile range from distinct-pair replication-block bootstrap,30,30
C-D50,mean_signed_shift,topology,B_factor_U,1.1820543252696956e-06,9.909856328495902e-07,1.1811493878143067e-06,1.3880341552102984e-06,3.9704852236070814e-07,1000,2.5th-97.5th percentile range from distinct-pair replication-block bootstrap,30,30
C-D50,mean_signed_shift,topology,q_proportion,0.0005238587636808544,0.00043811194658689245,0.0005232814292976866,0.0006146243433545509,0.00017651239676765842,1000,2.5th-97.5th percentile range from distinct-pair replication-block bootstrap,30,30
C-D50,mean_signed_shift,topology,rho_proportion,1.0,1.0,1.0,1.0,0.0,1000,2.5th-97.5th percentile range from distinct-pair replication-block bootstrap,30,30
C-D50,mean_signed_shift,topology,tau_proportion,1.0,1.0,1.0,1.0,0.0,1000,2.5th-97.5th percentile range from distinct-pair replication-block bootstrap,30,30
C-D50,mean_signed_shift,message_condition,B_total_U,0.0022564370536899666,0.002247394441932916,0.002256436679813797,0.002265484471418477,1.8090029485561248e-05,1000,2.5th-97.5th percentile range from distinct-pair replication-block bootstrap,30,30
C-D50,mean_signed_shift,message_condition,B_factor_U,0.0002818371901161563,0.0002790774484420421,0.000281950652063301,0.00028449013812925346,5.412689687211362e-06,1000,2.5th-97.5th percentile range from distinct-pair replication-block bootstrap,30,30
C-D50,mean_signed_shift,message_condition,q_proportion,0.12490363498297727,0.12391013681957605,0.1249356760769299,0.12579528597771383,0.0018851491581377833,1000,2.5th-97.5th percentile range from distinct-pair replication-block bootstrap,30,30
C-D50,mean_signed_shift,message_condition,rho_proportion,1.0,1.0,1.0,1.0,0.0,1000,2.5th-97.5th percentile range from distinct-pair replication-block bootstrap,30,30
C-D50,mean_signed_shift,message_condition,tau_proportion,1.0,1.0,1.0,1.0,0.0,1000,2.5th-97.5th percentile range from distinct-pair replication-block bootstrap,30,30
C-D50,mean_signed_shift,inoculation,B_total_U,0.0022564370536899666,0.002247394441932916,0.002256436679813797,0.002265484471418477,1.8090029485561248e-05,1000,2.5th-97.5th percentile range from distinct-pair replication-block bootstrap,30,30
C-D50,mean_signed_shift,inoculation,B_factor_U,1.6338133255158232e-06,1.4292588315888398e-06,1.6338051157092156e-06,1.8313453380411466e-06,4.020865064523068e-07,1000,2.5th-97.5th percentile range from distinct-pair replication-block bootstrap,30,30
C-D50,mean_signed_shift,inoculation,q_proportion,0.0007240677610944376,0.000632275200326026,0.0007242423506981853,0.0008114930622945258,0.0001792178619684998,1000,2.5th-97.5th percentile range from distinct-pair replication-block bootstrap,30,30
C-D50,mean_signed_shift,inoculation,rho_proportion,1.0,1.0,1.0,1.0,0.0,1000,2.5th-97.5th percentile range from distinct-pair replication-block bootstrap,30,30
C-D50,mean_signed_shift,inoculation,tau_proportion,1.0,1.0,1.0,1.0,0.0,1000,2.5th-97.5th percentile range from distinct-pair replication-block bootstrap,30,30
C-D50,mean_signed_shift,seeding_regime,B_total_U,0.0022564370536899666,0.002247394441932916,0.002256436679813797,0.002265484471418477,1.8090029485561248e-05,1000,2.5th-97.5th percentile range from distinct-pair replication-block bootstrap,30,30
C-D50,mean_signed_shift,seeding_regime,B_factor_U,0.001971783995923025,0.001964172286037691,0.0019717672994909166,0.001979192825329973,1.5020539292281976e-05,1000,2.5th-97.5th percentile range from distinct-pair replication-block bootstrap,30,30
C-D50,mean_signed_shift,seeding_regime,q_proportion,0.8738484384922476,0.8729513892291962,0.8738252242222981,0.8748206563409008,0.0018692671117045423,1000,2.5th-97.5th percentile range from distinct-pair replication-block bootstrap,30,30
C-D50,mean_signed_shift,seeding_regime,rho_proportion,1.0,1.0,1.0,1.0,0.0,1000,2.5th-97.5th percentile range from distinct-pair replication-block bootstrap,30,30
C-D50,mean_signed_shift,seeding_regime,tau_proportion,1.0,1.0,1.0,1.0,0.0,1000,2.5th-97.5th percentile range from distinct-pair replication-block bootstrap,30,30
CS-0,mean_signed_shift,topology,B_total_U,7.02710941447598e-05,6.962446052030799e-05,7.027265058488525e-05,7.091781859611113e-05,1.293358075803142e-06,1000,2.5th-97.5th percentile range from distinct-pair replication-block bootstrap,30,30
CS-0,mean_signed_shift,topology,B_factor_U,2.2216527433564577e-07,1.829298586057545e-07,2.2296052773569966e-07,2.644208513733166e-07,8.149099276756209e-08,1000,2.5th-97.5th percentile range from distinct-pair replication-block bootstrap,30,30
CS-0,mean_signed_shift,topology,q_proportion,9.845844091787866e-05,8.078921531663487e-05,9.87843479724759e-05,0.00011691793715451436,3.6128721837879485e-05,1000,2.5th-97.5th percentile range from distinct-pair replication-block bootstrap,30,30
CS-0,mean_signed_shift,topology,rho_proportion,0.1879484466883169,0.14492049866113024,0.18902216290742724,0.24230285552201744,0.0973823568608872,1000,2.5th-97.5th percentile range from distinct-pair replication-block bootstrap,30,30
CS-0,mean_signed_shift,topology,tau_proportion,0.03114250141826248,0.030870319937188053,0.031140166404950795,0.03143018998143908,0.000559870044251027,1000,2.5th-97.5th percentile range from distinct-pair replication-block bootstrap,30,30
CS-0,mean_signed_shift,message_condition,B_total_U,7.02710941447598e-05,6.962446052030799e-05,7.027265058488525e-05,7.091781859611113e-05,1.293358075803142e-06,1000,2.5th-97.5th percentile range from distinct-pair replication-block bootstrap,30,30
CS-0,mean_signed_shift,message_condition,B_factor_U,6.940197152035289e-05,6.874484928618091e-05,6.940157566066025e-05,7.005285413299906e-05,1.3080048468181458e-06,1000,2.5th-97.5th percentile range from distinct-pair replication-block bootstrap,30,30
CS-0,mean_signed_shift,message_condition,q_proportion,0.030757326647716313,0.030485493830142034,0.030758613111979298,0.031035197279658252,0.000549703449516218,1000,2.5th-97.5th percentile range from distinct-pair replication-block bootstrap,30,30
CS-0,mean_signed_shift,message_condition,rho_proportion,0.24624845107116483,0.24386430134942597,0.24619241447239748,0.24856508677816294,0.0047007854287369755,1000,2.5th-97.5th percentile range from distinct-pair replication-block bootstrap,30,30
CS-0,mean_signed_shift,message_condition,tau_proportion,0.03114250141826248,0.030870319937188053,0.031140166404950795,0.03143018998143908,0.000559870044251027,1000,2.5th-97.5th percentile range from distinct-pair replication-block bootstrap,30,30
CS-0,mean_signed_shift,inoculation,B_total_U,7.02710941447598e-05,6.962446052030799e-05,7.027265058488525e-05,7.091781859611113e-05,1.293358075803142e-06,1000,2.5th-97.5th percentile range from distinct-pair replication-block bootstrap,30,30
CS-0,mean_signed_shift,inoculation,B_factor_U,5.294065509840462e-07,4.4554461928481666e-07,5.279017707641671e-07,6.119081908135636e-07,1.6636357152874692e-07,1000,2.5th-97.5th percentile range from distinct-pair replication-block bootstrap,30,30
CS-0,mean_signed_shift,inoculation,q_proportion,0.00023462057145281505,0.0001970120602935688,0.00023410710714786214,0.00027115454292491896,7.414248263135016e-05,1000,2.5th-97.5th percentile range from distinct-pair replication-block bootstrap,30,30
CS-0,mean_signed_shift,inoculation,rho_proportion,0.32403123583099885,0.26666280295455647,0.32442623287906996,0.3894058643847796,0.12274306143022312,1000,2.5th-97.5th percentile range from distinct-pair replication-block bootstrap,30,30
CS-0,mean_signed_shift,inoculation,tau_proportion,0.03114250141826248,0.030870319937188053,0.031140166404950795,0.03143018998143908,0.000559870044251027,1000,2.5th-97.5th percentile range from distinct-pair replication-block bootstrap,30,30
CS-0,mean_signed_shift,seeding_regime,B_total_U,7.02710941447598e-05,6.962446052030799e-05,7.027265058488525e-05,7.091781859611113e-05,1.293358075803142e-06,1000,2.5th-97.5th percentile range from distinct-pair replication-block bootstrap,30,30
CS-0,mean_signed_shift,seeding_regime,B_factor_U,1.1755079908730013e-07,8.641729834732364e-08,1.164337657859257e-07,1.5594414890856927e-07,6.952685056124563e-08,1000,2.5th-97.5th percentile range from distinct-pair replication-block bootstrap,30,30
CS-0,mean_signed_shift,seeding_regime,q_proportion,5.209575817551326e-05,3.83412488895948e-05,5.1600366961993264e-05,6.949492009071039e-05,3.115367120111559e-05,1000,2.5th-97.5th percentile range from distinct-pair replication-block bootstrap,30,30
CS-0,mean_signed_shift,seeding_regime,rho_proportion,5.961646880710817e-05,4.389069878086895e-05,5.9032085934518467e-05,7.94293324084176e-05,3.5538633627548654e-05,1000,2.5th-97.5th percentile range from distinct-pair replication-block bootstrap,30,30
CS-0,mean_signed_shift,seeding_regime,tau_proportion,0.03114250141826248,0.030870319937188053,0.031140166404950795,0.03143018998143908,0.000559870044251027,1000,2.5th-97.5th percentile range from distinct-pair replication-block bootstrap,30,30
CS-15,mean_signed_shift,topology,B_total_U,9.702707163084393e-05,9.607449746155538e-05,9.705076571235584e-05,9.789742081358289e-05,1.8229233520275116e-06,1000,2.5th-97.5th percentile range from distinct-pair replication-block bootstrap,30,30
CS-15,mean_signed_shift,topology,B_factor_U,1.9483640957969914e-07,1.5183883493571004e-07,1.9553742728547112e-07,2.491117821603893e-07,9.727294722467924e-08,1000,2.5th-97.5th percentile range from distinct-pair replication-block bootstrap,30,30
CS-15,mean_signed_shift,topology,q_proportion,8.634692878362454e-05,6.7218591458614e-05,8.666378624976626e-05,0.00011063900103422114,4.342040957560714e-05,1000,2.5th-97.5th percentile range from distinct-pair replication-block bootstrap,30,30
CS-15,mean_signed_shift,topology,rho_proportion,0.16482864231747182,0.12519375488065,0.16568582222483366,0.21487421794801195,0.08968046306736197,1000,2.5th-97.5th percentile range from distinct-pair replication-block bootstrap,30,30
CS-15,mean_signed_shift,topology,tau_proportion,0.04300012334586286,0.04263647825315513,0.0430065614684848,0.043359712333080995,0.0007232340799258677,1000,2.5th-97.5th percentile range from distinct-pair replication-block bootstrap,30,30
CS-15,mean_signed_shift,message_condition,B_total_U,9.702707163084393e-05,9.607449746155538e-05,9.705076571235584e-05,9.789742081358289e-05,1.8229233520275116e-06,1000,2.5th-97.5th percentile range from distinct-pair replication-block bootstrap,30,30
CS-15,mean_signed_shift,message_condition,B_factor_U,6.900388836408184e-05,6.825904881393617e-05,6.901234874445163e-05,6.964360178954892e-05,1.3845529756127543e-06,1000,2.5th-97.5th percentile range from distinct-pair replication-block bootstrap,30,30
CS-15,mean_signed_shift,message_condition,q_proportion,0.03058090552592164,0.030266735538228964,0.030582574255171517,0.03085372565827197,0.0005869901200430058,1000,2.5th-97.5th percentile range from distinct-pair replication-block bootstrap,30,30
CS-15,mean_signed_shift,message_condition,rho_proportion,0.24483599320459662,0.24234527425660216,0.2448829028849404,0.2471416924471796,0.0047964181905774395,1000,2.5th-97.5th percentile range from distinct-pair replication-block bootstrap,30,30
CS-15,mean_signed_shift,message_condition,tau_proportion,0.04300012334586286,0.04263647825315513,0.0430065614684848,0.043359712333080995,0.0007232340799258677,1000,2.5th-97.5th percentile range from distinct-pair replication-block bootstrap,30,30
CS-15,mean_signed_shift,inoculation,B_total_U,9.702707163084393e-05,9.607449746155538e-05,9.705076571235584e-05,9.789742081358289e-05,1.8229233520275116e-06,1000,2.5th-97.5th percentile range from distinct-pair replication-block bootstrap,30,30
CS-15,mean_signed_shift,inoculation,B_factor_U,5.073301905622526e-07,4.3250581079731004e-07,5.068540493996272e-07,5.878758572458893e-07,1.5537004644857928e-07,1000,2.5th-97.5th percentile range from distinct-pair replication-block bootstrap,30,30
CS-15,mean_signed_shift,inoculation,q_proportion,0.00022483684609442666,0.00019150863190558505,0.00022493171401329485,0.00026016362799995667,6.865499609437161e-05,1000,2.5th-97.5th percentile range from distinct-pair replication-block bootstrap,30,30
CS-15,mean_signed_shift,inoculation,rho_proportion,0.31051906765546766,0.2615837083970852,0.31123980776499727,0.3611182676592614,0.09953455926217619,1000,2.5th-97.5th percentile range from distinct-pair replication-block bootstrap,30,30
CS-15,mean_signed_shift,inoculation,tau_proportion,0.04300012334586286,0.04263647825315513,0.0430065614684848,0.043359712333080995,0.0007232340799258677,1000,2.5th-97.5th percentile range from distinct-pair replication-block bootstrap,30,30
CS-15,mean_signed_shift,seeding_regime,B_total_U,9.702707163084393e-05,9.607449746155538e-05,9.705076571235584e-05,9.789742081358289e-05,1.8229233520275116e-06,1000,2.5th-97.5th percentile range from distinct-pair replication-block bootstrap,30,30
CS-15,mean_signed_shift,seeding_regime,B_factor_U,2.732101666662022e-05,2.6877007063632e-05,2.7330614598248e-05,2.7810436867777305e-05,9.334298041453038e-07,1000,2.5th-97.5th percentile range from distinct-pair replication-block bootstrap,30,30
CS-15,mean_signed_shift,seeding_regime,q_proportion,0.012108034045063202,0.011915057368336314,0.012109281781220976,0.012320477503222607,0.0004054201348862932,1000,2.5th-97.5th percentile range from distinct-pair replication-block bootstrap,30,30
CS-15,mean_signed_shift,seeding_regime,rho_proportion,0.013855988649421407,0.01363552799653691,0.013858294158478881,0.014096652223713646,0.000461124227176736,1000,2.5th-97.5th percentile range from distinct-pair replication-block bootstrap,30,30
CS-15,mean_signed_shift,seeding_regime,tau_proportion,0.04300012334586286,0.04263647825315513,0.0430065614684848,0.043359712333080995,0.0007232340799258677,1000,2.5th-97.5th percentile range from distinct-pair replication-block bootstrap,30,30
CS-30,mean_signed_shift,topology,B_total_U,0.00018796708118135397,0.00018662485631163733,0.00018798920287034992,0.00018928526580865948,2.6604094970221525e-06,1000,2.5th-97.5th percentile range from distinct-pair replication-block bootstrap,30,30
CS-30,mean_signed_shift,topology,B_factor_U,2.1947453676122502e-07,1.7467746623456822e-07,2.1931422840088223e-07,2.749956745937877e-07,1.003182083592195e-07,1000,2.5th-97.5th percentile range from distinct-pair replication-block bootstrap,30,30
CS-30,mean_signed_shift,topology,q_proportion,9.726596910927201e-05,7.74897806640819e-05,9.705323507913278e-05,0.00012144887895683461,4.395909829275271e-05,1000,2.5th-97.5th percentile range from distinct-pair replication-block bootstrap,30,30
CS-30,mean_signed_shift,topology,rho_proportion,0.18567212358124918,0.15345285256962657,0.1867994114245652,0.22573987677062776,0.0722870242010012,1000,2.5th-97.5th percentile range from distinct-pair replication-block bootstrap,30,30
CS-30,mean_signed_shift,topology,tau_proportion,0.08330260348896955,0.08274461071148634,0.08330668605224459,0.08390368309299552,0.0011590723815091825,1000,2.5th-97.5th percentile range from distinct-pair replication-block bootstrap,30,30
CS-30,mean_signed_shift,message_condition,B_total_U,0.00018796708118135397,0.00018662485631163733,0.00018798920287034992,0.00018928526580865948,2.6604094970221525e-06,1000,2.5th-97.5th percentile range from distinct-pair replication-block bootstrap,30,30
CS-30,mean_signed_shift,message_condition,B_factor_U,7.284460632601298e-05,7.216771961323733e-05,7.285216657487584e-05,7.348569451678049e-05,1.3179749035431625e-06,1000,2.5th-97.5th percentile range from distinct-pair replication-block bootstrap,30,30
CS-30,mean_signed_shift,message_condition,q_proportion,0.0322830216809681,0.03201512870477868,0.03228753862383181,0.032536299020043936,0.0005211703152652597,1000,2.5th-97.5th percentile range from distinct-pair replication-block bootstrap,30,30
CS-30,mean_signed_shift,message_condition,rho_proportion,0.2584634281089406,0.2560714992136969,0.258447594116633,0.2607051541574966,0.004633654943799748,1000,2.5th-97.5th percentile range from distinct-pair replication-block bootstrap,30,30
CS-30,mean_signed_shift,message_condition,tau_proportion,0.08330260348896955,0.08274461071148634,0.08330668605224459,0.08390368309299552,0.0011590723815091825,1000,2.5th-97.5th percentile range from distinct-pair replication-block bootstrap,30,30
CS-30,mean_signed_shift,inoculation,B_total_U,0.00018796708118135397,0.00018662485631163733,0.00018798920287034992,0.00018928526580865948,2.6604094970221525e-06,1000,2.5th-97.5th percentile range from distinct-pair replication-block bootstrap,30,30
CS-30,mean_signed_shift,inoculation,B_factor_U,5.117570745142796e-07,4.329239353249906e-07,5.127745785072349e-07,5.934379848484877e-07,1.605140495234971e-07,1000,2.5th-97.5th percentile range from distinct-pair replication-block bootstrap,30,30
CS-30,mean_signed_shift,inoculation,q_proportion,0.00022679873727361453,0.00019147313568317805,0.0002272461510215596,0.00026324688029859315,7.177374461541511e-05,1000,2.5th-97.5th percentile range from distinct-pair replication-block bootstrap,30,30
CS-30,mean_signed_shift,inoculation,rho_proportion,0.3132286085086918,0.27114190859520615,0.3128485369099494,0.3602469846754958,0.08910507608028967,1000,2.5th-97.5th percentile range from distinct-pair replication-block bootstrap,30,30
CS-30,mean_signed_shift,inoculation,tau_proportion,0.08330260348896955,0.08274461071148634,0.08330668605224459,0.08390368309299552,0.0011590723815091825,1000,2.5th-97.5th percentile range from distinct-pair replication-block bootstrap,30,30
CS-30,mean_signed_shift,seeding_regime,B_total_U,0.00018796708118135397,0.00018662485631163733,0.00018798920287034992,0.00018928526580865948,2.6604094970221525e-06,1000,2.5th-97.5th percentile range from distinct-pair replication-block bootstrap,30,30
CS-30,mean_signed_shift,seeding_regime,B_factor_U,0.00011439124324406558,0.00011352177133432367,0.00011441593098504034,0.00011528645085828443,1.7646795239607604e-06,1000,2.5th-97.5th percentile range from distinct-pair replication-block bootstrap,30,30
CS-30,mean_signed_shift,seeding_regime,q_proportion,0.0506955171016186,0.05029822586404046,0.050707420178631085,0.05111504389996288,0.0008168180359224217,1000,2.5th-97.5th percentile range from distinct-pair replication-block bootstrap,30,30
CS-30,mean_signed_shift,seeding_regime,rho_proportion,0.05801408444362443,0.05755035679866487,0.05803286937797302,0.05850052004385313,0.0009501632451882625,1000,2.5th-97.5th percentile range from distinct-pair replication-block bootstrap,30,30
CS-30,mean_signed_shift,seeding_regime,tau_proportion,0.08330260348896955,0.08274461071148634,0.08330668605224459,0.08390368309299552,0.0011590723815091825,1000,2.5th-97.5th percentile range from distinct-pair replication-block bootstrap,30,30
CS-45,mean_signed_shift,topology,B_total_U,0.00033947792681433034,0.00033762912693130937,0.00033957372008442755,0.0003414005145399341,3.7713876086247367e-06,1000,2.5th-97.5th percentile range from distinct-pair replication-block bootstrap,30,30
CS-45,mean_signed_shift,topology,B_factor_U,2.722087241181845e-07,2.2090432224127303e-07,2.723407928185151e-07,3.311909330954422e-07,1.1028661085416915e-07,1000,2.5th-97.5th percentile range from distinct-pair replication-block bootstrap,30,30
CS-45,mean_signed_shift,topology,q_proportion,0.00012063652459218384,9.782561362073137e-05,0.00012080897710878109,0.00014664766111620648,4.882204749547511e-05,1000,2.5th-97.5th percentile range from distinct-pair replication-block bootstrap,30,30
CS-45,mean_signed_shift,topology,rho_proportion,0.23028444488461036,0.19722730837467414,0.23134643512932407,0.27133440179238655,0.0741070934177124,1000,2.5th-97.5th percentile range from distinct-pair replication-block bootstrap,30,30
CS-45,mean_signed_shift,topology,tau_proportion,0.15044865809980376,0.1494911047755742,0.1504667261085803,0.15133898077273505,0.0018478759971608527,1000,2.5th-97.5th percentile range from distinct-pair replication-block bootstrap,30,30
CS-45,mean_signed_shift,message_condition,B_total_U,0.00033947792681433034,0.00033762912693130937,0.00033957372008442755,0.0003414005145399341,3.7713876086247367e-06,1000,2.5th-97.5th percentile range from distinct-pair replication-block bootstrap,30,30
CS-45,mean_signed_shift,message_condition,B_factor_U,7.974179109514616e-05,7.894556200706236e-05,7.974750437421798e-05,8.050709317395426e-05,1.5615311668919045e-06,1000,2.5th-97.5th percentile range from distinct-pair replication-block bootstrap,30,30
CS-45,mean_signed_shift,message_condition,q_proportion,0.035339692266063386,0.034999447106938364,0.03534054225860846,0.035680821251035194,0.0006813741440968302,1000,2.5th-97.5th percentile range from distinct-pair replication-block bootstrap,30,30
CS-45,mean_signed_shift,message_condition,rho_proportion,0.2829356589252164,0.2798633070411849,0.28292527075325413,0.28635752083154487,0.006494213790359971,1000,2.5th-97.5th percentile range from distinct-pair replication-block bootstrap,30,30
CS-45,mean_signed_shift,message_condition,tau_proportion,0.15044865809980376,0.1494911047755742,0.1504667261085803,0.15133898077273505,0.0018478759971608527,1000,2.5th-97.5th percentile range from distinct-pair replication-block bootstrap,30,30
CS-45,mean_signed_shift,inoculation,B_total_U,0.00033947792681433034,0.00033762912693130937,0.00033957372008442755,0.0003414005145399341,3.7713876086247367e-06,1000,2.5th-97.5th percentile range from distinct-pair replication-block bootstrap,30,30
CS-45,mean_signed_shift,inoculation,B_factor_U,5.627043126321817e-07,4.7524331433535444e-07,5.625687166072762e-07,6.613669154952971e-07,1.8612360115994265e-07,1000,2.5th-97.5th percentile range from distinct-pair replication-block bootstrap,30,30
CS-45,mean_signed_shift,inoculation,q_proportion,0.00024937735874882373,0.00021058298537883572,0.00024951390430815856,0.00029268439541870665,8.210141003987093e-05,1000,2.5th-97.5th percentile range from distinct-pair replication-block bootstrap,30,30
CS-45,mean_signed_shift,inoculation,rho_proportion,0.3444116312703755,0.28751306784627956,0.344957004541558,0.4118402142481101,0.12432714640183057,1000,2.5th-97.5th percentile range from distinct-pair replication-block bootstrap,30,30
CS-45,mean_signed_shift,inoculation,tau_proportion,0.15044865809980376,0.1494911047755742,0.1504667261085803,0.15133898077273505,0.0018478759971608527,1000,2.5th-97.5th percentile range from distinct-pair replication-block bootstrap,30,30
CS-45,mean_signed_shift,seeding_regime,B_total_U,0.00033947792681433034,0.00033762912693130937,0.00033957372008442755,0.0003414005145399341,3.7713876086247367e-06,1000,2.5th-97.5th percentile range from distinct-pair replication-block bootstrap,30,30
CS-45,mean_signed_shift,seeding_regime,B_factor_U,0.000258901222682434,0.00025747471318690205,0.0002589448296751544,0.0002604194327395757,2.944719552673634e-06,1000,2.5th-97.5th percentile range from distinct-pair replication-block bootstrap,30,30
CS-45,mean_signed_shift,seeding_regime,q_proportion,0.11473895195039945,0.11396680225080205,0.11476535592201553,0.11542937975586694,0.0014625775050648854,1000,2.5th-97.5th percentile range from distinct-pair replication-block bootstrap,30,30
CS-45,mean_signed_shift,seeding_regime,rho_proportion,0.13130303482417607,0.13040534488038458,0.13132124537569723,0.13207789415030582,0.0016725492699212474,1000,2.5th-97.5th percentile range from distinct-pair replication-block bootstrap,30,30
CS-45,mean_signed_shift,seeding_regime,tau_proportion,0.15044865809980376,0.1494911047755742,0.1504667261085803,0.15133898077273505,0.0018478759971608527,1000,2.5th-97.5th percentile range from distinct-pair replication-block bootstrap,30,30
CS-45-R,mean_signed_shift,topology,B_total_U,0.0003876820336150123,0.0003851992040088866,0.00038765698376925763,0.0003901719378608046,4.972733851918041e-06,1000,2.5th-97.5th percentile range from distinct-pair replication-block bootstrap,30,30
CS-45-R,mean_signed_shift,topology,B_factor_U,2.1304067924597758e-07,1.7466749928743411e-07,2.1253438445905343e-07,2.5415304635969627e-07,7.948554707226215e-08,1000,2.5th-97.5th percentile range from distinct-pair replication-block bootstrap,30,30
CS-45-R,mean_signed_shift,topology,q_proportion,9.441463430038553e-05,7.755333857409547e-05,9.412024740149736e-05,0.00011243429398142764,3.4880955407332165e-05,1000,2.5th-97.5th percentile range from distinct-pair replication-block bootstrap,30,30
CS-45-R,mean_signed_shift,topology,rho_proportion,0.18022917787418152,0.1444801219689704,0.18002496354815795,0.2254770127277943,0.08099689075882391,1000,2.5th-97.5th percentile range from distinct-pair replication-block bootstrap,30,30
CS-45-R,mean_signed_shift,topology,tau_proportion,0.1718115880879696,0.17043297112914851,0.17178866926381064,0.17310038623249419,0.0026674151033456717,1000,2.5th-97.5th percentile range from distinct-pair replication-block bootstrap,30,30
CS-45-R,mean_signed_shift,message_condition,B_total_U,0.0003876820336150123,0.0003851992040088866,0.00038765698376925763,0.0003901719378608046,4.972733851918041e-06,1000,2.5th-97.5th percentile range from distinct-pair replication-block bootstrap,30,30
CS-45-R,mean_signed_shift,message_condition,B_factor_U,9.15471845198199e-05,9.054908942465335e-05,9.153155062519594e-05,9.257296355019491e-05,2.0238741255415533e-06,1000,2.5th-97.5th percentile range from distinct-pair replication-block bootstrap,30,30
CS-45-R,mean_signed_shift,message_condition,q_proportion,0.04057156585427995,0.04011157136438995,0.040569153616027885,0.04104511322401431,0.0009335418596243608,1000,2.5th-97.5th percentile range from distinct-pair replication-block bootstrap,30,30
CS-45-R,mean_signed_shift,message_condition,rho_proportion,0.32482293937890055,0.320462701558402,0.3248097385089695,0.32920441906424286,0.008741717505840851,1000,2.5th-97.5th percentile range from distinct-pair replication-block bootstrap,30,30
CS-45-R,mean_signed_shift,message_condition,tau_proportion,0.1718115880879696,0.17043297112914851,0.17178866926381064,0.17310038623249419,0.0026674151033456717,1000,2.5th-97.5th percentile range from distinct-pair replication-block bootstrap,30,30
CS-45-R,mean_signed_shift,inoculation,B_total_U,0.0003876820336150123,0.0003851992040088866,0.00038765698376925763,0.0003901719378608046,4.972733851918041e-06,1000,2.5th-97.5th percentile range from distinct-pair replication-block bootstrap,30,30
CS-45-R,mean_signed_shift,inoculation,B_factor_U,6.28069996590292e-07,5.281000480414482e-07,6.263787735903695e-07,7.316891718827615e-07,2.0358912384131323e-07,1000,2.5th-97.5th percentile range from distinct-pair replication-block bootstrap,30,30
CS-45-R,mean_signed_shift,inoculation,q_proportion,0.0002783458973797674,0.00023398440869482385,0.0002774276791243256,0.0003249552816760228,9.097087298119897e-05,1000,2.5th-97.5th percentile range from distinct-pair replication-block bootstrap,30,30
CS-45-R,mean_signed_shift,inoculation,rho_proportion,0.38441968049930025,0.310874252098578,0.38539217080796806,0.4645743015714233,0.15370004947284532,1000,2.5th-97.5th percentile range from distinct-pair replication-block bootstrap,30,30
CS-45-R,mean_signed_shift,inoculation,tau_proportion,0.1718115880879696,0.17043297112914851,0.17178866926381064,0.17310038623249419,0.0026674151033456717,1000,2.5th-97.5th percentile range from distinct-pair replication-block bootstrap,30,30
CS-45-R,mean_signed_shift,seeding_regime,B_total_U,0.0003876820336150123,0.0003851992040088866,0.00038765698376925763,0.0003901719378608046,4.972733851918041e-06,1000,2.5th-97.5th percentile range from distinct-pair replication-block bootstrap,30,30
CS-45-R,mean_signed_shift,seeding_regime,B_factor_U,0.00029529373841935617,0.00029354691617806977,0.0002952954054742489,0.0002969584655807432,3.4115494026734053e-06,1000,2.5th-97.5th percentile range from distinct-pair replication-block bootstrap,30,30
CS-45-R,mean_signed_shift,seeding_regime,q_proportion,0.13086726170200952,0.1298906260053657,0.13085048776455077,0.1317923159729712,0.0019016899676055077,1000,2.5th-97.5th percentile range from distinct-pair replication-block bootstrap,30,30
CS-45-R,mean_signed_shift,seeding_regime,rho_proportion,0.14975967906724197,0.14866814083461521,0.14974441511810122,0.1508322147291151,0.0021640738944998794,1000,2.5th-97.5th percentile range from distinct-pair replication-block bootstrap,30,30
CS-45-R,mean_signed_shift,seeding_regime,tau_proportion,0.1718115880879696,0.17043297112914851,0.17178866926381064,0.17310038623249419,0.0026674151033456717,1000,2.5th-97.5th percentile range from distinct-pair replication-block bootstrap,30,30
D-A95,mean_signed_shift,topology,B_total_U,0.00024255398408657908,0.000240467775711002,0.00024253189333376768,0.00024462019717333926,4.152421462337249e-06,1000,2.5th-97.5th percentile range from distinct-pair replication-block bootstrap,30,30
D-A95,mean_signed_shift,topology,B_factor_U,7.275294595049003e-07,6.381150490727633e-07,7.269654794519435e-07,8.214825452044939e-07,1.8336749613173051e-07,1000,2.5th-97.5th percentile range from distinct-pair replication-block bootstrap,30,30
D-A95,mean_signed_shift,topology,q_proportion,0.00032242399951515,0.0002830616178843633,0.00032223647728964856,0.00036300871335961737,7.994709547525408e-05,1000,2.5th-97.5th percentile range from distinct-pair replication-block bootstrap,30,30
D-A95,mean_signed_shift,topology,rho_proportion,0.6154788692464777,0.5286443660852677,0.615158960142891,0.7408910198241309,0.2122466537388632,1000,2.5th-97.5th percentile range from distinct-pair replication-block bootstrap,30,30
D-A95,mean_signed_shift,topology,tau_proportion,0.10749423906593314,0.10655845859781762,0.10746997960907746,0.10849745455211054,0.0019389959542929214,1000,2.5th-97.5th percentile range from distinct-pair replication-block bootstrap,30,30
D-A95,mean_signed_shift,message_condition,B_total_U,0.00024255398408657908,0.000240467775711002,0.00024253189333376768,0.00024462019717333926,4.152421462337249e-06,1000,2.5th-97.5th percentile range from distinct-pair replication-block bootstrap,30,30
D-A95,mean_signed_shift,message_condition,B_factor_U,0.0002388818688942305,0.00023680547729521456,0.00023886307911026063,0.00024082801025915513,4.0225329639405685e-06,1000,2.5th-97.5th percentile range from distinct-pair replication-block bootstrap,30,30
D-A95,mean_signed_shift,message_condition,q_proportion,0.10586684370547159,0.10494409643757847,0.10583674160852338,0.10684840316650318,0.0019043067289247068,1000,2.5th-97.5th percentile range from distinct-pair replication-block bootstrap,30,30
D-A95,mean_signed_shift,message_condition,rho_proportion,0.8475881724330909,0.8386230615034898,0.8473940642374755,0.8563571805844422,0.01773411908095246,1000,2.5th-97.5th percentile range from distinct-pair replication-block bootstrap,30,30
D-A95,mean_signed_shift,message_condition,tau_proportion,0.10749423906593314,0.10655845859781762,0.10746997960907746,0.10849745455211054,0.0019389959542929214,1000,2.5th-97.5th percentile range from distinct-pair replication-block bootstrap,30,30
D-A95,mean_signed_shift,inoculation,B_total_U,0.00024255398408657908,0.000240467775711002,0.00024253189333376768,0.00024462019717333926,4.152421462337249e-06,1000,2.5th-97.5th percentile range from distinct-pair replication-block bootstrap,30,30
D-A95,mean_signed_shift,inoculation,B_factor_U,1.5970580003614544e-06,1.4349458352336927e-06,1.598164754151596e-06,1.7615020936993634e-06,3.2655625846567067e-07,1000,2.5th-97.5th percentile range from distinct-pair replication-block bootstrap,30,30
D-A95,mean_signed_shift,inoculation,q_proportion,0.0007077786627150865,0.00063600311731417,0.0007089347728789131,0.0007802468982062098,0.0001442437808920398,1000,2.5th-97.5th percentile range from distinct-pair replication-block bootstrap,30,30
D-A95,mean_signed_shift,inoculation,rho_proportion,0.97750335085389,0.8445531867223647,0.9780636307052839,1.1374758994194143,0.2929227126970496,1000,2.5th-97.5th percentile range from distinct-pair replication-block bootstrap,30,30
D-A95,mean_signed_shift,inoculation,tau_proportion,0.10749423906593314,0.10655845859781762,0.10746997960907746,0.10849745455211054,0.0019389959542929214,1000,2.5th-97.5th percentile range from distinct-pair replication-block bootstrap,30,30
D-A95,mean_signed_shift,seeding_regime,B_total_U,0.00024255398408657908,0.000240467775711002,0.00024253189333376768,0.00024462019717333926,4.152421462337249e-06,1000,2.5th-97.5th percentile range from distinct-pair replication-block bootstrap,30,30
D-A95,mean_signed_shift,seeding_regime,B_factor_U,1.3475277324824505e-06,1.1850441762452572e-06,1.3449345603661605e-06,1.4942879662574152e-06,3.0924379001215806e-07,1000,2.5th-97.5th percentile range from distinct-pair replication-block bootstrap,30,30
D-A95,mean_signed_shift,seeding_regime,q_proportion,0.0005971926982314129,0.000524356667252907,0.0005962322940203028,0.0006620605899881448,0.0001377039227352378,1000,2.5th-97.5th percentile range from distinct-pair replication-block bootstrap,30,30
D-A95,mean_signed_shift,seeding_regime,rho_proportion,0.0006834053503166051,0.0006001480594364084,0.0006822701969278668,0.0007570985158251642,0.00015695045638875577,1000,2.5th-97.5th percentile range from distinct-pair replication-block bootstrap,30,30
D-A95,mean_signed_shift,seeding_regime,tau_proportion,0.10749423906593314,0.10655845859781762,0.10746997960907746,0.10849745455211054,0.0019389959542929214,1000,2.5th-97.5th percentile range from distinct-pair replication-block bootstrap,30,30
E-S,mean_signed_shift,topology,B_total_U,0.0021033080740034092,0.0020961343343020495,0.0021030680034690003,0.002109810503754621,1.3676169452571559e-05,1000,2.5th-97.5th percentile range from distinct-pair replication-block bootstrap,30,30
E-S,mean_signed_shift,topology,B_factor_U,1.0588406768708406e-06,8.779179621118611e-07,1.055214640208845e-06,1.263864104305091e-06,3.859461421932299e-07,1000,2.5th-97.5th percentile range from distinct-pair replication-block bootstrap,30,30
E-S,mean_signed_shift,topology,q_proportion,0.0004692533634560341,0.0003892885557808377,0.00046797543084086237,0.0005598694068895492,0.00017058085110871154,1000,2.5th-97.5th percentile range from distinct-pair replication-block bootstrap,30,30
E-S,mean_signed_shift,topology,rho_proportion,0.8957631254631696,0.7942383216851963,0.8950200917389333,1.0120124018563519,0.21777408017115563,1000,2.5th-97.5th percentile range from distinct-pair replication-block bootstrap,30,30
E-S,mean_signed_shift,topology,tau_proportion,0.9321368263137921,0.9281805246301144,0.9320241688390116,0.9358231121902539,0.00764258756013958,1000,2.5th-97.5th percentile range from distinct-pair replication-block bootstrap,30,30
E-S,mean_signed_shift,message_condition,B_total_U,0.0021033080740034092,0.0020961343343020495,0.0021030680034690003,0.002109810503754621,1.3676169452571559e-05,1000,2.5th-97.5th percentile range from distinct-pair replication-block bootstrap,30,30
E-S,mean_signed_shift,message_condition,B_factor_U,6.0647966473235064e-05,5.942695830426915e-05,6.063610967205451e-05,6.193882702084797e-05,2.5118687165788124e-06,1000,2.5th-97.5th percentile range from distinct-pair replication-block bootstrap,30,30
E-S,mean_signed_shift,message_condition,q_proportion,0.026877756848593247,0.02632395413434754,0.026865999673029814,0.027486989331442013,0.0011630351970944725,1000,2.5th-97.5th percentile range from distinct-pair replication-block bootstrap,30,30
E-S,mean_signed_shift,message_condition,rho_proportion,0.21518794751054549,0.21062324545245115,0.21499937591863333,0.2200520084009688,0.00942876294851766,1000,2.5th-97.5th percentile range from distinct-pair replication-block bootstrap,30,30
E-S,mean_signed_shift,message_condition,tau_proportion,0.9321368263137921,0.9281805246301144,0.9320241688390116,0.9358231121902539,0.00764258756013958,1000,2.5th-97.5th percentile range from distinct-pair replication-block bootstrap,30,30
E-S,mean_signed_shift,inoculation,B_total_U,0.0021033080740034092,0.0020961343343020495,0.0021030680034690003,0.002109810503754621,1.3676169452571559e-05,1000,2.5th-97.5th percentile range from distinct-pair replication-block bootstrap,30,30
E-S,mean_signed_shift,inoculation,B_factor_U,1.5968481258644635e-06,1.3975533717832682e-06,1.5943879172963457e-06,1.8031889228554694e-06,4.056355510722012e-07,1000,2.5th-97.5th percentile range from distinct-pair replication-block bootstrap,30,30
E-S,mean_signed_shift,inoculation,q_proportion,0.0007076856512585304,0.0006183204227669874,0.0007069124162490676,0.0007987295906841992,0.0001804091679172118,1000,2.5th-97.5th percentile range from distinct-pair replication-block bootstrap,30,30
E-S,mean_signed_shift,inoculation,rho_proportion,0.9773748940138622,0.8891603620951337,0.9761901305321492,1.0880551465709258,0.19889478447579212,1000,2.5th-97.5th percentile range from distinct-pair replication-block bootstrap,30,30
E-S,mean_signed_shift,inoculation,tau_proportion,0.9321368263137921,0.9281805246301144,0.9320241688390116,0.9358231121902539,0.00764258756013958,1000,2.5th-97.5th percentile range from distinct-pair replication-block bootstrap,30,30
E-S,mean_signed_shift,seeding_regime,B_total_U,0.0021033080740034092,0.0020961343343020495,0.0021030680034690003,0.002109810503754621,1.3676169452571559e-05,1000,2.5th-97.5th percentile range from distinct-pair replication-block bootstrap,30,30
E-S,mean_signed_shift,seeding_regime,B_factor_U,0.002040004418727439,0.002032675722833759,0.002039850722704084,0.0020465769360853794,1.3901213251620546e-05,1000,2.5th-97.5th percentile range from distinct-pair replication-block bootstrap,30,30
E-S,mean_signed_shift,seeding_regime,q_proportion,0.9040821304504845,0.9003541849928146,0.9039530359034516,0.9077279514848648,0.007373766492050238,1000,2.5th-97.5th percentile range from distinct-pair replication-block bootstrap,30,30
E-S,mean_signed_shift,seeding_regime,rho_proportion,1.03459832463671,1.030701142916548,1.0345244323488387,1.0385442945984837,0.007843151681935723,1000,2.5th-97.5th percentile range from distinct-pair replication-block bootstrap,30,30
E-S,mean_signed_shift,seeding_regime,tau_proportion,0.9321368263137921,0.9281805246301144,0.9320241688390116,0.9358231121902539,0.00764258756013958,1000,2.5th-97.5th percentile range from distinct-pair replication-block bootstrap,30,30
E-SD,mean_signed_shift,topology,B_total_U,1.6277483657997324e-07,1.552400790886378e-07,1.6275803497924862e-07,1.6967973460637358e-07,1.4439655517735795e-08,1000,2.5th-97.5th percentile range from distinct-pair replication-block bootstrap,60,30
E-SD,mean_signed_shift,topology,B_factor_U,1.1438548318833349e-09,2.92602945558879e-10,1.1042007980970063e-09,2.1896859106714484e-09,1.8970829651125695e-09,1000,2.5th-97.5th percentile range from distinct-pair replication-block bootstrap,60,30
E-SD,mean_signed_shift,topology,q_proportion,5.069296437996272e-07,1.292423805999379e-07,4.892045902015655e-07,9.729480002204563e-07,8.437056196205184e-07,1000,2.5th-97.5th percentile range from distinct-pair replication-block bootstrap,60,30
E-SD,mean_signed_shift,topology,rho_proportion,0.0009676838089673712,0.00024259941099030814,0.0009409410981352979,0.0018634940083639057,0.0016208945973735975,1000,2.5th-97.5th percentile range from distinct-pair replication-block bootstrap,60,30
E-SD,mean_signed_shift,topology,tau_proportion,7.213799131413238e-05,6.871040147370439e-05,7.207975794797816e-05,7.526328736626879e-05,6.552885892564399e-06,1000,2.5th-97.5th percentile range from distinct-pair replication-block bootstrap,60,30
E-SD,mean_signed_shift,message_condition,B_total_U,1.6277483657997324e-07,1.552400790886378e-07,1.6275803497924862e-07,1.6967973460637358e-07,1.4439655517735795e-08,1000,2.5th-97.5th percentile range from distinct-pair replication-block bootstrap,60,30
E-SD,mean_signed_shift,message_condition,B_factor_U,1.5681167238410376e-07,1.500887142656172e-07,1.5675017716372414e-07,1.632714213272534e-07,1.3182707061636194e-08,1000,2.5th-97.5th percentile range from distinct-pair replication-block bootstrap,60,30
E-SD,mean_signed_shift,message_condition,q_proportion,6.949525674898335e-05,6.6471393994923e-05,6.943571540306275e-05,7.23155585747445e-05,5.8441645798214985e-06,1000,2.5th-97.5th percentile range from distinct-pair replication-block bootstrap,60,30
E-SD,mean_signed_shift,message_condition,rho_proportion,0.0005563909870073408,0.0005322006560340145,0.0005559092741812155,0.0005805339591708311,4.833330313681666e-05,1000,2.5th-97.5th percentile range from distinct-pair replication-block bootstrap,60,30
E-SD,mean_signed_shift,message_condition,tau_proportion,7.213799131413238e-05,6.871040147370439e-05,7.207975794797816e-05,7.526328736626879e-05,6.552885892564399e-06,1000,2.5th-97.5th percentile range from distinct-pair replication-block bootstrap,60,30
E-SD,mean_signed_shift,inoculation,B_total_U,1.6277483657997324e-07,1.552400790886378e-07,1.6275803497924862e-07,1.6967973460637358e-07,1.4439655517735795e-08,1000,2.5th-97.5th percentile range from distinct-pair replication-block bootstrap,60,30
E-SD,mean_signed_shift,inoculation,B_factor_U,4.915957625617593e-09,3.317883096857442e-09,4.880571283673127e-09,6.444698775486107e-09,3.126815678628665e-09,1000,2.5th-97.5th percentile range from distinct-pair replication-block bootstrap,60,30
E-SD,mean_signed_shift,inoculation,q_proportion,2.1786371649847244e-06,1.4721138889247506e-06,2.16330004396616e-06,2.8591473011385503e-06,1.3870334122137997e-06,1000,2.5th-97.5th percentile range from distinct-pair replication-block bootstrap,60,30
E-SD,mean_signed_shift,inoculation,rho_proportion,0.0030088857452950078,0.001997342827999116,0.002985009197858714,0.0040432274493687045,0.0020458846213695886,1000,2.5th-97.5th percentile range from distinct-pair replication-block bootstrap,60,30
E-SD,mean_signed_shift,inoculation,tau_proportion,7.213799131413238e-05,6.871040147370439e-05,7.207975794797816e-05,7.526328736626879e-05,6.552885892564399e-06,1000,2.5th-97.5th percentile range from distinct-pair replication-block bootstrap,60,30
E-SD,mean_signed_shift,seeding_regime,B_total_U,1.6277483657997324e-07,1.552400790886378e-07,1.6275803497924862e-07,1.6967973460637358e-07,1.4439655517735795e-08,1000,2.5th-97.5th percentile range from distinct-pair replication-block bootstrap,60,30
E-SD,mean_signed_shift,seeding_regime,B_factor_U,-9.664826163068789e-11,-5.326256163256595e-10,-1.0649105342391977e-10,3.6456264719301796e-10,8.971882635186774e-10,1000,2.5th-97.5th percentile range from distinct-pair replication-block bootstrap,60,30
E-SD,mean_signed_shift,seeding_regime,q_proportion,-4.2832243634998966e-08,-2.358512472450265e-07,-4.714659911954859e-08,1.6175982827466393e-07,3.9761107551969045e-07,1000,2.5th-97.5th percentile range from distinct-pair replication-block bootstrap,60,30
E-SD,mean_signed_shift,seeding_regime,rho_proportion,-4.901564361538761e-08,-2.6997229708411206e-07,-5.3959412854782186e-08,1.8502553053446534e-07,4.549978276185774e-07,1000,2.5th-97.5th percentile range from distinct-pair replication-block bootstrap,60,30
E-SD,mean_signed_shift,seeding_regime,tau_proportion,7.213799131413238e-05,6.871040147370439e-05,7.207975794797816e-05,7.526328736626879e-05,6.552885892564399e-06,1000,2.5th-97.5th percentile range from distinct-pair replication-block bootstrap,60,30
J-S06-D05,mean_signed_shift,topology,B_total_U,2.5201946504872687e-08,2.3905821321018583e-08,2.517292205479164e-08,2.6639752728514657e-08,2.733931407496074e-09,1000,2.5th-97.5th percentile range from distinct-pair replication-block bootstrap,60,30
J-S06-D05,mean_signed_shift,topology,B_factor_U,2.7090190989253e-10,1.095095717870293e-10,2.660768099973422e-10,4.4931588390642094e-10,3.398063121193916e-10,1000,2.5th-97.5th percentile range from distinct-pair replication-block bootstrap,60,30
J-S06-D05,mean_signed_shift,topology,q_proportion,1.200573751656499e-07,4.846712473511553e-08,1.179402850266757e-07,1.9866538193612844e-07,1.5019825720101292e-07,1000,2.5th-97.5th percentile range from distinct-pair replication-block bootstrap,60,30
J-S06-D05,mean_signed_shift,topology,rho_proportion,0.00022917889990438592,9.327199807123291e-05,0.00022375940098435555,0.0003749428756228003,0.00028167087755156736,1000,2.5th-97.5th percentile range from distinct-pair replication-block bootstrap,60,30
J-S06-D05,mean_signed_shift,topology,tau_proportion,1.1168911831003561e-05,1.0584153031213202e-05,1.1154227991556207e-05,1.1823844986859949e-05,1.2396919556467468e-06,1000,2.5th-97.5th percentile range from distinct-pair replication-block bootstrap,60,30
J-S06-D05,mean_signed_shift,message_condition,B_total_U,2.5201946504872687e-08,2.3905821321018583e-08,2.517292205479164e-08,2.6639752728514657e-08,2.733931407496074e-09,1000,2.5th-97.5th percentile range from distinct-pair replication-block bootstrap,60,30
J-S06-D05,mean_signed_shift,message_condition,B_factor_U,2.414466040042949e-08,2.2930692885974943e-08,2.41429441098467e-08,2.5526079067581366e-08,2.5953861816064232e-09,1000,2.5th-97.5th percentile range from distinct-pair replication-block bootstrap,60,30
J-S06-D05,mean_signed_shift,message_condition,q_proportion,1.0700347417600489e-05,1.0161989956065974e-05,1.0696474867268592e-05,1.1320060720122637e-05,1.1580707640566625e-06,1000,2.5th-97.5th percentile range from distinct-pair replication-block bootstrap,60,30
J-S06-D05,mean_signed_shift,message_condition,rho_proportion,8.56688231616222e-05,8.130648252709987e-05,8.561412694266434e-05,9.0824446715637e-05,9.517964188537128e-06,1000,2.5th-97.5th percentile range from distinct-pair replication-block bootstrap,60,30
J-S06-D05,mean_signed_shift,message_condition,tau_proportion,1.1168911831003561e-05,1.0584153031213202e-05,1.1154227991556207e-05,1.1823844986859949e-05,1.2396919556467468e-06,1000,2.5th-97.5th percentile range from distinct-pair replication-block bootstrap,60,30
J-S06-D05,mean_signed_shift,inoculation,B_total_U,2.5201946504872687e-08,2.3905821321018583e-08,2.517292205479164e-08,2.6639752728514657e-08,2.733931407496074e-09,1000,2.5th-97.5th percentile range from distinct-pair replication-block bootstrap,60,30
J-S06-D05,mean_signed_shift,inoculation,B_factor_U,8.016627330938892e-10,5.771095845842828e-10,7.918037206046164e-10,1.0403663259470545e-09,4.6325674136277165e-10,1000,2.5th-97.5th percentile range from distinct-pair replication-block bootstrap,60,30
J-S06-D05,mean_signed_shift,inoculation,q_proportion,3.552781283142487e-07,2.5620691197758694e-07,3.5100557364119896e-07,4.6211252070333294e-07,2.05905608725746e-07,1000,2.5th-97.5th percentile range from distinct-pair replication-block bootstrap,60,30
J-S06-D05,mean_signed_shift,inoculation,rho_proportion,0.0004906697237524308,0.0003468022193822019,0.00048693805249753287,0.0006554080892783218,0.0003086058698961199,1000,2.5th-97.5th percentile range from distinct-pair replication-block bootstrap,60,30
J-S06-D05,mean_signed_shift,inoculation,tau_proportion,1.1168911831003561e-05,1.0584153031213202e-05,1.1154227991556207e-05,1.1823844986859949e-05,1.2396919556467468e-06,1000,2.5th-97.5th percentile range from distinct-pair replication-block bootstrap,60,30
J-S06-D05,mean_signed_shift,seeding_regime,B_total_U,2.5201946504872687e-08,2.3905821321018583e-08,2.517292205479164e-08,2.6639752728514657e-08,2.733931407496074e-09,1000,2.5th-97.5th percentile range from distinct-pair replication-block bootstrap,60,30
J-S06-D05,mean_signed_shift,seeding_regime,B_factor_U,-1.527853854310025e-11,-9.385429156444206e-11,-1.803909908842594e-11,6.903757514328946e-11,1.6289186670773152e-10,1000,2.5th-97.5th percentile range from distinct-pair replication-block bootstrap,60,30
J-S06-D05,mean_signed_shift,seeding_regime,q_proportion,-6.771090076771765e-09,-4.153060973383704e-08,-7.98405228224786e-09,3.05633730715438e-08,7.209398280538084e-08,1000,2.5th-97.5th percentile range from distinct-pair replication-block bootstrap,60,30
J-S06-D05,mean_signed_shift,seeding_regime,rho_proportion,-7.748586343479327e-09,-4.7519518199564195e-08,-9.134913930838719e-09,3.5001776545461987e-08,8.252129474502618e-08,1000,2.5th-97.5th percentile range from distinct-pair replication-block bootstrap,60,30
J-S06-D05,mean_signed_shift,seeding_regime,tau_proportion,1.1168911831003561e-05,1.0584153031213202e-05,1.1154227991556207e-05,1.1823844986859949e-05,1.2396919556467468e-06,1000,2.5th-97.5th percentile range from distinct-pair replication-block bootstrap,60,30
J-S06-D50,mean_signed_shift,topology,B_total_U,2.3952854136402346e-06,2.3386022260340344e-06,2.3945479619443904e-06,2.4519226383797515e-06,1.133204123457171e-07,1000,2.5th-97.5th percentile range from distinct-pair replication-block bootstrap,30,30
J-S06-D50,mean_signed_shift,topology,B_factor_U,3.7353149670506664e-08,3.052669918927138e-08,3.7395953367793684e-08,4.465368841295553e-08,1.4126989223684154e-08,1000,2.5th-97.5th percentile range from distinct-pair replication-block bootstrap,30,30
J-S06-D50,mean_signed_shift,topology,q_proportion,1.6554040188899935e-05,1.3503834430847028e-05,1.6583193816560532e-05,1.984844719921812e-05,6.344612768371093e-06,1000,2.5th-97.5th percentile range from distinct-pair replication-block bootstrap,30,30
J-S06-D50,mean_signed_shift,topology,rho_proportion,0.031600197107678814,0.023602397256560232,0.031596219712022755,0.04153680427365825,0.01793440701709802,1000,2.5th-97.5th percentile range from distinct-pair replication-block bootstrap,30,30
J-S06-D50,mean_signed_shift,topology,tau_proportion,0.0010615343378283955,0.0010349198006910912,0.0010612272792862633,0.0010887861591897664,5.386635849867526e-05,1000,2.5th-97.5th percentile range from distinct-pair replication-block bootstrap,30,30
J-S06-D50,mean_signed_shift,message_condition,B_total_U,2.3952854136402346e-06,2.3386022260340344e-06,2.3945479619443904e-06,2.4519226383797515e-06,1.133204123457171e-07,1000,2.5th-97.5th percentile range from distinct-pair replication-block bootstrap,30,30
J-S06-D50,mean_signed_shift,message_condition,B_factor_U,2.283098129808898e-06,2.2311872798109803e-06,2.2827438090764678e-06,2.3335522759531354e-06,1.0236499614215515e-07,1000,2.5th-97.5th percentile range from distinct-pair replication-block bootstrap,30,30
J-S06-D50,mean_signed_shift,message_condition,q_proportion,0.001011815563866642,0.000987296706663578,0.0010115128942234418,0.0010357007555302784,4.840404886670034e-05,1000,2.5th-97.5th percentile range from distinct-pair replication-block bootstrap,30,30
J-S06-D50,mean_signed_shift,message_condition,rho_proportion,0.00810076955730343,0.007892890432584504,0.008098163201512333,0.008327528890017288,0.0004346384574327837,1000,2.5th-97.5th percentile range from distinct-pair replication-block bootstrap,30,30
J-S06-D50,mean_signed_shift,message_condition,tau_proportion,0.0010615343378283955,0.0010349198006910912,0.0010612272792862633,0.0010887861591897664,5.386635849867526e-05,1000,2.5th-97.5th percentile range from distinct-pair replication-block bootstrap,30,30
J-S06-D50,mean_signed_shift,inoculation,B_total_U,2.3952854136402346e-06,2.3386022260340344e-06,2.3945479619443904e-06,2.4519226383797515e-06,1.133204123457171e-07,1000,2.5th-97.5th percentile range from distinct-pair replication-block bootstrap,30,30
J-S06-D50,mean_signed_shift,inoculation,B_factor_U,7.357719160839167e-08,6.212004124621865e-08,7.332381326386024e-08,8.556921973045824e-08,2.3449178484239588e-08,1000,2.5th-97.5th percentile range from distinct-pair replication-block bootstrap,30,30
J-S06-D50,mean_signed_shift,inoculation,q_proportion,3.2607686302647086e-05,2.7437275866981753e-05,3.246482389160036e-05,3.7958870123453085e-05,1.0521594256471332e-05,1000,2.5th-97.5th percentile range from distinct-pair replication-block bootstrap,30,30
J-S06-D50,mean_signed_shift,inoculation,rho_proportion,0.045034025894703775,0.03765492120446814,0.04502935286152962,0.05366610216908256,0.016011180964614423,1000,2.5th-97.5th percentile range from distinct-pair replication-block bootstrap,30,30
J-S06-D50,mean_signed_shift,inoculation,tau_proportion,0.0010615343378283955,0.0010349198006910912,0.0010612272792862633,0.0010887861591897664,5.386635849867526e-05,1000,2.5th-97.5th percentile range from distinct-pair replication-block bootstrap,30,30
J-S06-D50,mean_signed_shift,seeding_regime,B_total_U,2.3952854136402346e-06,2.3386022260340344e-06,2.3945479619443904e-06,2.4519226383797515e-06,1.133204123457171e-07,1000,2.5th-97.5th percentile range from distinct-pair replication-block bootstrap,30,30
J-S06-D50,mean_signed_shift,seeding_regime,B_factor_U,1.2569425524488244e-09,-6.398920239055545e-10,1.1415829522699691e-09,3.5704803656326428e-09,4.210372389538197e-09,1000,2.5th-97.5th percentile range from distinct-pair replication-block bootstrap,30,30
J-S06-D50,mean_signed_shift,seeding_regime,q_proportion,5.570474702112066e-07,-2.843660942630219e-07,5.072063570363123e-07,1.5857535998527545e-06,1.8701196941157765e-06,1000,2.5th-97.5th percentile range from distinct-pair replication-block bootstrap,30,30
J-S06-D50,mean_signed_shift,seeding_regime,rho_proportion,6.374646285027933e-07,-3.252802258016376e-07,5.80130545167086e-07,1.8146743083971044e-06,2.139954534198742e-06,1000,2.5th-97.5th percentile range from distinct-pair replication-block bootstrap,30,30
J-S06-D50,mean_signed_shift,seeding_regime,tau_proportion,0.0010615343378283955,0.0010349198006910912,0.0010612272792862633,0.0010887861591897664,5.386635849867526e-05,1000,2.5th-97.5th percentile range from distinct-pair replication-block bootstrap,30,30
J-S06-D95,mean_signed_shift,topology,B_total_U,8.449584337677293e-06,8.32314736921357e-06,8.447107579060886e-06,8.571224118190196e-06,2.480767489766266e-07,1000,2.5th-97.5th percentile range from distinct-pair replication-block bootstrap,30,30
J-S06-D95,mean_signed_shift,topology,B_factor_U,1.1866476758300832e-07,1.0179718251981671e-07,1.1879600335368402e-07,1.391073683527097e-07,3.731018583289298e-08,1000,2.5th-97.5th percentile range from distinct-pair replication-block bootstrap,30,30
J-S06-D95,mean_signed_shift,topology,q_proportion,5.2589442895805596e-05,4.522470212780553e-05,5.2626381437785905e-05,6.167696998104531e-05,1.6452267853239783e-05,1000,2.5th-97.5th percentile range from distinct-pair replication-block bootstrap,30,30
J-S06-D95,mean_signed_shift,topology,rho_proportion,0.10038859047864315,0.08156699809937318,0.10098479581571648,0.12511216671293648,0.043545168613563306,1000,2.5th-97.5th percentile range from distinct-pair replication-block bootstrap,30,30
J-S06-D95,mean_signed_shift,topology,tau_proportion,0.0037446576778464224,0.003686853756017733,0.00374358011870412,0.00380226574203492,0.0001154119860171869,1000,2.5th-97.5th percentile range from distinct-pair replication-block bootstrap,30,30
J-S06-D95,mean_signed_shift,message_condition,B_total_U,8.449584337677293e-06,8.32314736921357e-06,8.447107579060886e-06,8.571224118190196e-06,2.480767489766266e-07,1000,2.5th-97.5th percentile range from distinct-pair replication-block bootstrap,30,30
J-S06-D95,mean_signed_shift,message_condition,B_factor_U,8.054166029376384e-06,7.930068381207137e-06,8.053170861481668e-06,8.175721739619249e-06,2.4565335841211164e-07,1000,2.5th-97.5th percentile range from distinct-pair replication-block bootstrap,30,30
J-S06-D95,mean_signed_shift,message_condition,q_proportion,0.0035694175541947214,0.0035122701520900468,0.003568219107742361,0.0036270070564739854,0.00011473690438393866,1000,2.5th-97.5th percentile range from distinct-pair replication-block bootstrap,30,30
J-S06-D95,mean_signed_shift,message_condition,rho_proportion,0.02857737130453558,0.028038001962431343,0.02856564991563225,0.029116043684796113,0.0010780417223647705,1000,2.5th-97.5th percentile range from distinct-pair replication-block bootstrap,30,30
J-S06-D95,mean_signed_shift,message_condition,tau_proportion,0.0037446576778464224,0.003686853756017733,0.00374358011870412,0.00380226574203492,0.0001154119860171869,1000,2.5th-97.5th percentile range from distinct-pair replication-block bootstrap,30,30
J-S06-D95,mean_signed_shift,inoculation,B_total_U,8.449584337677293e-06,8.32314736921357e-06,8.447107579060886e-06,8.571224118190196e-06,2.480767489766266e-07,1000,2.5th-97.5th percentile range from distinct-pair replication-block bootstrap,30,30
J-S06-D95,mean_signed_shift,inoculation,B_factor_U,2.469888956402469e-07,2.2392376527562702e-07,2.4688456058830416e-07,2.708991309270686e-07,4.697536565144159e-08,1000,2.5th-97.5th percentile range from distinct-pair replication-block bootstrap,30,30
J-S06-D95,mean_signed_shift,inoculation,q_proportion,0.00010945968788996099,9.900330538066886e-05,0.00010947168461604378,0.00012017862489385323,2.117531951318437e-05,1000,2.5th-97.5th percentile range from distinct-pair replication-block bootstrap,30,30
J-S06-D95,mean_signed_shift,inoculation,rho_proportion,0.15117326550281882,0.13217024138830058,0.15130272270350648,0.17252416588931468,0.040353924501014105,1000,2.5th-97.5th percentile range from distinct-pair replication-block bootstrap,30,30
J-S06-D95,mean_signed_shift,inoculation,tau_proportion,0.0037446576778464224,0.003686853756017733,0.00374358011870412,0.00380226574203492,0.0001154119860171869,1000,2.5th-97.5th percentile range from distinct-pair replication-block bootstrap,30,30
J-S06-D95,mean_signed_shift,seeding_regime,B_total_U,8.449584337677293e-06,8.32314736921357e-06,8.447107579060886e-06,8.571224118190196e-06,2.480767489766266e-07,1000,2.5th-97.5th percentile range from distinct-pair replication-block bootstrap,30,30
J-S06-D95,mean_signed_shift,seeding_regime,B_factor_U,2.9764645077701527e-08,1.8312312071635415e-08,2.9586520320387203e-08,4.1567481242238984e-08,2.325516917060357e-08,1000,2.5th-97.5th percentile range from distinct-pair replication-block bootstrap,30,30
J-S06-D95,mean_signed_shift,seeding_regime,q_proportion,1.3190992865955292e-05,8.099811902194955e-06,1.3127771965255146e-05,1.8461682787765934e-05,1.0361870885570979e-05,1000,2.5th-97.5th percentile range from distinct-pair replication-block bootstrap,30,30
J-S06-D95,mean_signed_shift,seeding_regime,rho_proportion,1.509528687688136e-05,9.26975242068262e-06,1.5016752482798768e-05,2.1120549232952112e-05,1.1850796812269491e-05,1000,2.5th-97.5th percentile range from distinct-pair replication-block bootstrap,30,30
J-S06-D95,mean_signed_shift,seeding_regime,tau_proportion,0.0037446576778464224,0.003686853756017733,0.00374358011870412,0.00380226574203492,0.0001154119860171869,1000,2.5th-97.5th percentile range from distinct-pair replication-block bootstrap,30,30
J-S14-D50,mean_signed_shift,topology,B_total_U,1.5189292476108938e-05,1.4877484652110648e-05,1.5185065839241207e-05,1.551418352257634e-05,6.366988704656933e-07,1000,2.5th-97.5th percentile range from distinct-pair replication-block bootstrap,30,30
J-S14-D50,mean_signed_shift,topology,B_factor_U,2.0070248124493124e-07,1.703686052097387e-07,2.0210526999589604e-07,2.319693578192495e-07,6.16007526095108e-08,1000,2.5th-97.5th percentile range from distinct-pair replication-block bootstrap,30,30
J-S14-D50,mean_signed_shift,topology,q_proportion,8.894663421553069e-05,7.554143294110328e-05,8.95556024040875e-05,0.00010286251106838842,2.7321078127285137e-05,1000,2.5th-97.5th percentile range from distinct-pair replication-block bootstrap,30,30
J-S14-D50,mean_signed_shift,topology,rho_proportion,0.16979124982190585,0.13552671341574055,0.1708491210317905,0.20924319653008183,0.07371648311434129,1000,2.5th-97.5th percentile range from distinct-pair replication-block bootstrap,30,30
J-S14-D50,mean_signed_shift,topology,tau_proportion,0.00673153831225639,0.006584022522989763,0.0067286048896952905,0.006876471490649369,0.00029244896765960593,1000,2.5th-97.5th percentile range from distinct-pair replication-block bootstrap,30,30
J-S14-D50,mean_signed_shift,message_condition,B_total_U,1.5189292476108938e-05,1.4877484652110648e-05,1.5185065839241207e-05,1.551418352257634e-05,6.366988704656933e-07,1000,2.5th-97.5th percentile range from distinct-pair replication-block bootstrap,30,30
J-S14-D50,mean_signed_shift,message_condition,B_factor_U,1.4444710802726875e-05,1.4144290549436915e-05,1.4441109890175809e-05,1.4733143797946867e-05,5.888532485099513e-07,1000,2.5th-97.5th percentile range from distinct-pair replication-block bootstrap,30,30
J-S14-D50,mean_signed_shift,message_condition,q_proportion,0.006401557171340252,0.006265667346058159,0.006401375017642133,0.006531647943411981,0.0002659805973538225,1000,2.5th-97.5th percentile range from distinct-pair replication-block bootstrap,30,30
J-S14-D50,mean_signed_shift,message_condition,rho_proportion,0.051251968545292535,0.050024752115381196,0.051214449670039915,0.052467438249044346,0.0024426861336631495,1000,2.5th-97.5th percentile range from distinct-pair replication-block bootstrap,30,30
J-S14-D50,mean_signed_shift,message_condition,tau_proportion,0.00673153831225639,0.006584022522989763,0.0067286048896952905,0.006876471490649369,0.00029244896765960593,1000,2.5th-97.5th percentile range from distinct-pair replication-block bootstrap,30,30
J-S14-D50,mean_signed_shift,inoculation,B_total_U,1.5189292476108938e-05,1.4877484652110648e-05,1.5185065839241207e-05,1.551418352257634e-05,6.366988704656933e-07,1000,2.5th-97.5th percentile range from distinct-pair replication-block bootstrap,30,30
J-S14-D50,mean_signed_shift,inoculation,B_factor_U,4.6378490901992085e-07,3.927982186561174e-07,4.63016059328291e-07,5.318859162320093e-07,1.390876975758919e-07,1000,2.5th-97.5th percentile range from distinct-pair replication-block bootstrap,30,30
J-S14-D50,mean_signed_shift,inoculation,q_proportion,0.00020553859823454427,0.0001740912333551379,0.00020528619021834574,0.00023626582817820499,6.21745948230671e-05,1000,2.5th-97.5th percentile range from distinct-pair replication-block bootstrap,30,30
J-S14-D50,mean_signed_shift,inoculation,rho_proportion,0.28386652365777215,0.2356330540376476,0.2837900736231268,0.33607731818543507,0.10044426414778748,1000,2.5th-97.5th percentile range from distinct-pair replication-block bootstrap,30,30
J-S14-D50,mean_signed_shift,inoculation,tau_proportion,0.00673153831225639,0.006584022522989763,0.0067286048896952905,0.006876471490649369,0.00029244896765960593,1000,2.5th-97.5th percentile range from distinct-pair replication-block bootstrap,30,30
J-S14-D50,mean_signed_shift,seeding_regime,B_total_U,1.5189292476108938e-05,1.4877484652110648e-05,1.5185065839241207e-05,1.551418352257634e-05,6.366988704656933e-07,1000,2.5th-97.5th percentile range from distinct-pair replication-block bootstrap,30,30
J-S14-D50,mean_signed_shift,seeding_regime,B_factor_U,8.009428311729202e-08,5.5452048747453234e-08,7.820303015898329e-08,1.068063101106778e-07,5.135426136322456e-08,1000,2.5th-97.5th percentile range from distinct-pair replication-block bootstrap,30,30
J-S14-D50,mean_signed_shift,seeding_regime,q_proportion,3.5495908466098496e-05,2.458440977073148e-05,3.4618319561318216e-05,4.7336229567333597e-05,2.2751819796602117e-05,1000,2.5th-97.5th percentile range from distinct-pair replication-block bootstrap,30,30
J-S14-D50,mean_signed_shift,seeding_regime,rho_proportion,4.062021158651232e-05,2.81429840398225e-05,3.961654664997269e-05,5.4203575151704165e-05,2.6060591111881666e-05,1000,2.5th-97.5th percentile range from distinct-pair replication-block bootstrap,30,30
J-S14-D50,mean_signed_shift,seeding_regime,tau_proportion,0.00673153831225639,0.006584022522989763,0.0067286048896952905,0.006876471490649369,0.00029244896765960593,1000,2.5th-97.5th percentile range from distinct-pair replication-block bootstrap,30,30
J-S14-D95,mean_signed_shift,topology,B_total_U,5.316738998442608e-05,5.247085198687426e-05,5.31519423895648e-05,5.386074327274612e-05,1.389891285871865e-06,1000,2.5th-97.5th percentile range from distinct-pair replication-block bootstrap,30,30
J-S14-D95,mean_signed_shift,topology,B_factor_U,7.371446863607001e-07,6.613651948091465e-07,7.384457481913889e-07,8.240335051510367e-07,1.626683103418902e-07,1000,2.5th-97.5th percentile range from distinct-pair replication-block bootstrap,30,30
J-S14-D95,mean_signed_shift,topology,q_proportion,0.0003266852426285247,0.0002929943021252181,0.00032739950137861205,0.0003639697092077762,7.097540708255807e-05,1000,2.5th-97.5th percentile range from distinct-pair replication-block bootstrap,30,30
J-S14-D95,mean_signed_shift,topology,rho_proportion,0.6236132050804978,0.5159102088882086,0.6249824846851583,0.769616961668793,0.2537067527805844,1000,2.5th-97.5th percentile range from distinct-pair replication-block bootstrap,30,30
J-S14-D95,mean_signed_shift,topology,tau_proportion,0.023562540730963928,0.023240655198007967,0.023557604698966783,0.02391076741528724,0.0006701122172792749,1000,2.5th-97.5th percentile range from distinct-pair replication-block bootstrap,30,30
J-S14-D95,mean_signed_shift,message_condition,B_total_U,5.316738998442608e-05,5.247085198687426e-05,5.31519423895648e-05,5.386074327274612e-05,1.389891285871865e-06,1000,2.5th-97.5th percentile range from distinct-pair replication-block bootstrap,30,30
J-S14-D95,mean_signed_shift,message_condition,B_factor_U,4.980267437061896e-05,4.908671171335928e-05,4.9780017384126854e-05,5.05184387176075e-05,1.4317270042482182e-06,1000,2.5th-97.5th percentile range from distinct-pair replication-block bootstrap,30,30
J-S14-D95,mean_signed_shift,message_condition,q_proportion,0.02207137765672493,0.02172320289240904,0.022065585350403864,0.022428416109031592,0.0007052132166225529,1000,2.5th-97.5th percentile range from distinct-pair replication-block bootstrap,30,30
J-S14-D95,mean_signed_shift,message_condition,rho_proportion,0.17670724842982327,0.17313701393869732,0.17659564945954642,0.18001873864564225,0.006881724706944925,1000,2.5th-97.5th percentile range from distinct-pair replication-block bootstrap,30,30
J-S14-D95,mean_signed_shift,message_condition,tau_proportion,0.023562540730963928,0.023240655198007967,0.023557604698966783,0.02391076741528724,0.0006701122172792749,1000,2.5th-97.5th percentile range from distinct-pair replication-block bootstrap,30,30
J-S14-D95,mean_signed_shift,inoculation,B_total_U,5.316738998442608e-05,5.247085198687426e-05,5.31519423895648e-05,5.386074327274612e-05,1.389891285871865e-06,1000,2.5th-97.5th percentile range from distinct-pair replication-block bootstrap,30,30
J-S14-D95,mean_signed_shift,inoculation,B_factor_U,1.5955417372792008e-06,1.4402529737258996e-06,1.5996555158661964e-06,1.7615718190394147e-06,3.213188453135151e-07,1000,2.5th-97.5th percentile range from distinct-pair replication-block bootstrap,30,30
J-S14-D95,mean_signed_shift,inoculation,q_proportion,0.0007071066904658389,0.0006388177887762803,0.0007090628895750309,0.0007801557586492692,0.00014133796987298895,1000,2.5th-97.5th percentile range from distinct-pair replication-block bootstrap,30,30
J-S14-D95,mean_signed_shift,inoculation,rho_proportion,0.9765752992469079,0.8483013013801758,0.9798387488438476,1.144659214081527,0.29635791270135126,1000,2.5th-97.5th percentile range from distinct-pair replication-block bootstrap,30,30
J-S14-D95,mean_signed_shift,inoculation,tau_proportion,0.023562540730963928,0.023240655198007967,0.023557604698966783,0.02391076741528724,0.0006701122172792749,1000,2.5th-97.5th percentile range from distinct-pair replication-block bootstrap,30,30
J-S14-D95,mean_signed_shift,seeding_regime,B_total_U,5.316738998442608e-05,5.247085198687426e-05,5.31519423895648e-05,5.386074327274612e-05,1.389891285871865e-06,1000,2.5th-97.5th percentile range from distinct-pair replication-block bootstrap,30,30
J-S14-D95,mean_signed_shift,seeding_regime,B_factor_U,1.0320291901674765e-06,9.281638308827321e-07,1.0300371561012914e-06,1.1365762763314152e-06,2.0841244544868301e-07,1000,2.5th-97.5th percentile range from distinct-pair replication-block bootstrap,30,30
J-S14-D95,mean_signed_shift,seeding_regime,q_proportion,0.0004573711411447495,0.0004115708753000739,0.00045638815832049447,0.0005041830240119098,9.261214871183592e-05,1000,2.5th-97.5th percentile range from distinct-pair replication-block bootstrap,30,30
J-S14-D95,mean_signed_shift,seeding_regime,rho_proportion,0.0005233987050819764,0.0004709225393683583,0.0005223038386376992,0.0005771243065936985,0.00010620176722534022,1000,2.5th-97.5th percentile range from distinct-pair replication-block bootstrap,30,30
J-S14-D95,mean_signed_shift,seeding_regime,tau_proportion,0.023562540730963928,0.023240655198007967,0.023557604698966783,0.02391076741528724,0.0006701122172792749,1000,2.5th-97.5th percentile range from distinct-pair replication-block bootstrap,30,30
J-S18-D05,mean_signed_shift,topology,B_total_U,2.767329510220362e-07,2.6369480544258066e-07,2.767650390148382e-07,2.907545297718934e-07,2.7059724329312735e-08,1000,2.5th-97.5th percentile range from distinct-pair replication-block bootstrap,60,30
J-S18-D05,mean_signed_shift,topology,B_factor_U,1.7599403763467277e-09,3.368033609022947e-10,1.7108726171507536e-09,3.4254454241718423e-09,3.0886420632695475e-09,1000,2.5th-97.5th percentile range from distinct-pair replication-block bootstrap,60,30
J-S18-D05,mean_signed_shift,topology,q_proportion,7.799643129723851e-07,1.492921290747402e-07,7.582231446402662e-07,1.5173153906942051e-06,1.368023261619465e-06,1000,2.5th-97.5th percentile range from distinct-pair replication-block bootstrap,60,30
J-S18-D05,mean_signed_shift,topology,rho_proportion,0.001488882819277517,0.000275875484639308,0.001437925178384198,0.003061880529651931,0.0027860050450126232,1000,2.5th-97.5th percentile range from distinct-pair replication-block bootstrap,60,30
J-S18-D05,mean_signed_shift,topology,tau_proportion,0.00012264155588541368,0.00011683650272613658,0.00012271611764133063,0.00012882016991205294,1.1983667185916361e-05,1000,2.5th-97.5th percentile range from distinct-pair replication-block bootstrap,60,30
J-S18-D05,mean_signed_shift,message_condition,B_total_U,2.767329510220362e-07,2.6369480544258066e-07,2.767650390148382e-07,2.907545297718934e-07,2.7059724329312735e-08,1000,2.5th-97.5th percentile range from distinct-pair replication-block bootstrap,60,30
J-S18-D05,mean_signed_shift,message_condition,B_factor_U,2.6631539022849076e-07,2.5390359837349986e-07,2.665801708651981e-07,2.7919458509305034e-07,2.529098671955048e-08,1000,2.5th-97.5th percentile range from distinct-pair replication-block bootstrap,60,30
J-S18-D05,mean_signed_shift,message_condition,q_proportion,0.0001180247371815595,0.00011256780547099213,0.00011811186032853642,0.00012395595852877773,1.1388153057785596e-05,1000,2.5th-97.5th percentile range from distinct-pair replication-block bootstrap,60,30
J-S18-D05,mean_signed_shift,message_condition,rho_proportion,0.0009449263602107715,0.0008991234053468595,0.0009453964312244661,0.0009955999321306947,9.647652678383516e-05,1000,2.5th-97.5th percentile range from distinct-pair replication-block bootstrap,60,30
J-S18-D05,mean_signed_shift,message_condition,tau_proportion,0.00012264155588541368,0.00011683650272613658,0.00012271611764133063,0.00012882016991205294,1.1983667185916361e-05,1000,2.5th-97.5th percentile range from distinct-pair replication-block bootstrap,60,30
J-S18-D05,mean_signed_shift,inoculation,B_total_U,2.767329510220362e-07,2.6369480544258066e-07,2.767650390148382e-07,2.907545297718934e-07,2.7059724329312735e-08,1000,2.5th-97.5th percentile range from distinct-pair replication-block bootstrap,60,30
J-S18-D05,mean_signed_shift,inoculation,B_factor_U,8.777736605540684e-09,5.990996342008273e-09,8.719000115409238e-09,1.1701531542269603e-08,5.71053520026133e-09,1000,2.5th-97.5th percentile range from distinct-pair replication-block bootstrap,60,30
J-S18-D05,mean_signed_shift,inoculation,q_proportion,3.890087069429388e-06,2.6536798623883186e-06,3.864445816472047e-06,5.172272638863217e-06,2.5185927764748983e-06,1000,2.5th-97.5th percentile range from distinct-pair replication-block bootstrap,60,30
J-S18-D05,mean_signed_shift,inoculation,rho_proportion,0.005372545607540201,0.0037069758381789186,0.005351651936064111,0.007152479045121298,0.0034455032069423794,1000,2.5th-97.5th percentile range from distinct-pair replication-block bootstrap,60,30
J-S18-D05,mean_signed_shift,inoculation,tau_proportion,0.00012264155588541368,0.00011683650272613658,0.00012271611764133063,0.00012882016991205294,1.1983667185916361e-05,1000,2.5th-97.5th percentile range from distinct-pair replication-block bootstrap,60,30
J-S18-D05,mean_signed_shift,seeding_regime,B_total_U,2.767329510220362e-07,2.6369480544258066e-07,2.767650390148382e-07,2.907545297718934e-07,2.7059724329312735e-08,1000,2.5th-97.5th percentile range from distinct-pair replication-block bootstrap,60,30
J-S18-D05,mean_signed_shift,seeding_regime,B_factor_U,-1.2011618834080295e-10,-8.50783007375746e-10,-1.1447535760934674e-10,5.647470373101105e-10,1.4155300446858565e-09,1000,2.5th-97.5th percentile range from distinct-pair replication-block bootstrap,60,30
J-S18-D05,mean_signed_shift,seeding_regime,q_proportion,-5.323267854708207e-08,-3.769834014110771e-07,-5.072238083167077e-08,2.508478047046502e-07,6.278312061157272e-07,1000,2.5th-97.5th percentile range from distinct-pair replication-block bootstrap,60,30
J-S18-D05,mean_signed_shift,seeding_regime,rho_proportion,-6.091751864766229e-08,-4.31576782661745e-07,-5.8043395331977745e-08,2.870750138659144e-07,7.186517965276594e-07,1000,2.5th-97.5th percentile range from distinct-pair replication-block bootstrap,60,30
J-S18-D05,mean_signed_shift,seeding_regime,tau_proportion,0.00012264155588541368,0.00011683650272613658,0.00012271611764133063,0.00012882016991205294,1.1983667185916361e-05,1000,2.5th-97.5th percentile range from distinct-pair replication-block bootstrap,60,30
J-S18-D50,mean_signed_shift,topology,B_total_U,2.565654117372651e-05,2.5133602170429688e-05,2.5637072252541375e-05,2.619353685094349e-05,1.059934680513801e-06,1000,2.5th-97.5th percentile range from distinct-pair replication-block bootstrap,30,30
J-S18-D50,mean_signed_shift,topology,B_factor_U,3.5061287420633245e-07,2.928687827403791e-07,3.5078866968202846e-07,4.1117998650504515e-07,1.1831120376466606e-07,1000,2.5th-97.5th percentile range from distinct-pair replication-block bootstrap,30,30
J-S18-D50,mean_signed_shift,topology,q_proportion,0.00015538340572495603,0.00012979268345419173,0.00015559068611271367,0.0001820536845724988,5.226100111830709e-05,1000,2.5th-97.5th percentile range from distinct-pair replication-block bootstrap,30,30
J-S18-D50,mean_signed_shift,topology,rho_proportion,0.29661316464988796,0.23459548941461666,0.29750193994005664,0.3788310643040568,0.1442355748894401,1000,2.5th-97.5th percentile range from distinct-pair replication-block bootstrap,30,30
J-S18-D50,mean_signed_shift,topology,tau_proportion,0.01137037753026179,0.011121821047630213,0.011361771421185952,0.011621839169214457,0.000500018121584244,1000,2.5th-97.5th percentile range from distinct-pair replication-block bootstrap,30,30
J-S18-D50,mean_signed_shift,message_condition,B_total_U,2.565654117372651e-05,2.5133602170429688e-05,2.5637072252541375e-05,2.619353685094349e-05,1.059934680513801e-06,1000,2.5th-97.5th percentile range from distinct-pair replication-block bootstrap,30,30
J-S18-D50,mean_signed_shift,message_condition,B_factor_U,2.4199438649960732e-05,2.3686328661905132e-05,2.4183358158790137e-05,2.4721929370116695e-05,1.035600708211563e-06,1000,2.5th-97.5th percentile range from distinct-pair replication-block bootstrap,30,30
J-S18-D50,mean_signed_shift,message_condition,q_proportion,0.01072462385351598,0.01048648780005363,0.010718117622451864,0.010968264734381035,0.0004817769343274051,1000,2.5th-97.5th percentile range from distinct-pair replication-block bootstrap,30,30
J-S18-D50,mean_signed_shift,message_condition,rho_proportion,0.08586318448600479,0.0838385844093466,0.08581605331911399,0.08793303709141086,0.004094452682064251,1000,2.5th-97.5th percentile range from distinct-pair replication-block bootstrap,30,30
J-S18-D50,mean_signed_shift,message_condition,tau_proportion,0.01137037753026179,0.011121821047630213,0.011361771421185952,0.011621839169214457,0.000500018121584244,1000,2.5th-97.5th percentile range from distinct-pair replication-block bootstrap,30,30
J-S18-D50,mean_signed_shift,inoculation,B_total_U,2.565654117372651e-05,2.5133602170429688e-05,2.5637072252541375e-05,2.619353685094349e-05,1.059934680513801e-06,1000,2.5th-97.5th percentile range from distinct-pair replication-block bootstrap,30,30
J-S18-D50,mean_signed_shift,inoculation,B_factor_U,8.448782197475646e-07,7.418481652638547e-07,8.407241784739804e-07,9.521831749321333e-07,2.1033500966827857e-07,1000,2.5th-97.5th percentile range from distinct-pair replication-block bootstrap,30,30
J-S18-D50,mean_signed_shift,inoculation,q_proportion,0.00037443021881152394,0.00032781956228862384,0.00037239302702855056,0.0004227777031921134,9.495814090348958e-05,1000,2.5th-97.5th percentile range from distinct-pair replication-block bootstrap,30,30
J-S18-D50,mean_signed_shift,inoculation,rho_proportion,0.5171204118321302,0.43594386793057877,0.5164791530451758,0.6085148368636187,0.17257096893303997,1000,2.5th-97.5th percentile range from distinct-pair replication-block bootstrap,30,30
J-S18-D50,mean_signed_shift,inoculation,tau_proportion,0.01137037753026179,0.011121821047630213,0.011361771421185952,0.011621839169214457,0.000500018121584244,1000,2.5th-97.5th percentile range from distinct-pair replication-block bootstrap,30,30
J-S18-D50,mean_signed_shift,seeding_regime,B_total_U,2.565654117372651e-05,2.5133602170429688e-05,2.5637072252541375e-05,2.619353685094349e-05,1.059934680513801e-06,1000,2.5th-97.5th percentile range from distinct-pair replication-block bootstrap,30,30
J-S18-D50,mean_signed_shift,seeding_regime,B_factor_U,2.6161142981200874e-07,2.0347627847288255e-07,2.590207136011594e-07,3.332793356866588e-07,1.2980305721377625e-07,1000,2.5th-97.5th percentile range from distinct-pair replication-block bootstrap,30,30
J-S18-D50,mean_signed_shift,seeding_regime,q_proportion,0.0001159400522093864,9.005553338411386e-05,0.00011473006580057363,0.00014775596327960182,5.770042989548796e-05,1000,2.5th-97.5th percentile range from distinct-pair replication-block bootstrap,30,30
J-S18-D50,mean_signed_shift,seeding_regime,rho_proportion,0.00013267752976641036,0.00010309374746995316,0.00013131416262025862,0.00016898129785295604,6.588755038300289e-05,1000,2.5th-97.5th percentile range from distinct-pair replication-block bootstrap,30,30
J-S18-D50,mean_signed_shift,seeding_regime,tau_proportion,0.01137037753026179,0.011121821047630213,0.011361771421185952,0.011621839169214457,0.000500018121584244,1000,2.5th-97.5th percentile range from distinct-pair replication-block bootstrap,30,30
J-S18-D95,mean_signed_shift,topology,B_total_U,8.970220634300208e-05,8.841297253218505e-05,8.971694885608807e-05,9.094892306066437e-05,2.53595052847932e-06,1000,2.5th-97.5th percentile range from distinct-pair replication-block bootstrap,30,30
J-S18-D95,mean_signed_shift,topology,B_factor_U,1.178180955167635e-06,1.0413132837609681e-06,1.173886513810816e-06,1.3293040999203e-06,2.8799081615933195e-07,1000,2.5th-97.5th percentile range from distinct-pair replication-block bootstrap,30,30
J-S18-D95,mean_signed_shift,topology,q_proportion,0.0005221421768628325,0.00046241661563688305,0.0005206120575026203,0.0005874560161709939,0.00012503940053411084,1000,2.5th-97.5th percentile range from distinct-pair replication-block bootstrap,30,30
J-S18-D95,mean_signed_shift,topology,rho_proportion,0.9967231877425119,0.8410112154183933,0.995254596554005,1.199622644999004,0.35861142958061065,1000,2.5th-97.5th percentile range from distinct-pair replication-block bootstrap,30,30
J-S18-D95,mean_signed_shift,topology,tau_proportion,0.03975391478185109,0.03915007971561206,0.03975633757732831,0.04036218548898082,0.001212105773368763,1000,2.5th-97.5th percentile range from distinct-pair replication-block bootstrap,30,30
J-S18-D95,mean_signed_shift,message_condition,B_total_U,8.970220634300208e-05,8.841297253218505e-05,8.971694885608807e-05,9.094892306066437e-05,2.53595052847932e-06,1000,2.5th-97.5th percentile range from distinct-pair replication-block bootstrap,30,30
J-S18-D95,mean_signed_shift,message_condition,B_factor_U,8.299952949870548e-05,8.172386967303856e-05,8.300010151646323e-05,8.428871339050718e-05,2.564843717468623e-06,1000,2.5th-97.5th percentile range from distinct-pair replication-block bootstrap,30,30
J-S18-D95,mean_signed_shift,message_condition,q_proportion,0.03678344554880261,0.036179797867019484,0.03677818701042897,0.03741447583967391,0.0012346779726544257,1000,2.5th-97.5th percentile range from distinct-pair replication-block bootstrap,30,30
J-S18-D95,mean_signed_shift,message_condition,rho_proportion,0.2944945962046318,0.28900662479862593,0.29449957172776065,0.3002607815592863,0.011254156760660383,1000,2.5th-97.5th percentile range from distinct-pair replication-block bootstrap,30,30
J-S18-D95,mean_signed_shift,message_condition,tau_proportion,0.03975391478185109,0.03915007971561206,0.03975633757732831,0.04036218548898082,0.001212105773368763,1000,2.5th-97.5th percentile range from distinct-pair replication-block bootstrap,30,30
J-S18-D95,mean_signed_shift,inoculation,B_total_U,8.970220634300208e-05,8.841297253218505e-05,8.971694885608807e-05,9.094892306066437e-05,2.53595052847932e-06,1000,2.5th-97.5th percentile range from distinct-pair replication-block bootstrap,30,30
J-S18-D95,mean_signed_shift,inoculation,B_factor_U,2.652410324655469e-06,2.4670095388116506e-06,2.6556699135980504e-06,2.8482075984650058e-06,3.8119805965335516e-07,1000,2.5th-97.5th percentile range from distinct-pair replication-block bootstrap,30,30
J-S18-D95,mean_signed_shift,inoculation,q_proportion,0.0011754860700935418,0.0010938806529105167,0.0011773942623579687,0.0012644307535475369,0.0001705501006370202,1000,2.5th-97.5th percentile range from distinct-pair replication-block bootstrap,30,30
J-S18-D95,mean_signed_shift,inoculation,rho_proportion,1.62344760152942,1.4246954925610313,1.627120112219607,1.8755795753756486,0.4508840828146172,1000,2.5th-97.5th percentile range from distinct-pair replication-block bootstrap,30,30
J-S18-D95,mean_signed_shift,inoculation,tau_proportion,0.03975391478185109,0.03915007971561206,0.03975633757732831,0.04036218548898082,0.001212105773368763,1000,2.5th-97.5th percentile range from distinct-pair replication-block bootstrap,30,30
J-S18-D95,mean_signed_shift,seeding_regime,B_total_U,8.970220634300208e-05,8.841297253218505e-05,8.971694885608807e-05,9.094892306066437e-05,2.53595052847932e-06,1000,2.5th-97.5th percentile range from distinct-pair replication-block bootstrap,30,30
J-S18-D95,mean_signed_shift,seeding_regime,B_factor_U,2.8720855644738795e-06,2.632710470027063e-06,2.8743786025326787e-06,3.080202706609302e-06,4.474922365822392e-07,1000,2.5th-97.5th percentile range from distinct-pair replication-block bootstrap,30,30
J-S18-D95,mean_signed_shift,seeding_regime,q_proportion,0.0012728409860922726,0.0011674202353048222,0.0012733035143883415,0.0013678233120675838,0.00020040307676276155,1000,2.5th-97.5th percentile range from distinct-pair replication-block bootstrap,30,30
J-S18-D95,mean_signed_shift,seeding_regime,rho_proportion,0.001456592390653525,0.001335184844860567,0.001457061724749442,0.0015639114505706538,0.00022872660571008675,1000,2.5th-97.5th percentile range from distinct-pair replication-block bootstrap,30,30
J-S18-D95,mean_signed_shift,seeding_regime,tau_proportion,0.03975391478185109,0.03915007971561206,0.03975633757732831,0.04036218548898082,0.001212105773368763,1000,2.5th-97.5th percentile range from distinct-pair replication-block bootstrap,30,30
NC-NoOp,mean_signed_shift,topology,B_total_U,0.0022564370536899666,0.002247394441932916,0.002256436679813797,0.002265484471418477,1.8090029485561248e-05,1000,2.5th-97.5th percentile range from distinct-pair replication-block bootstrap,30,30
NC-NoOp,mean_signed_shift,topology,B_factor_U,1.1820543252696956e-06,9.909856328495902e-07,1.1811493878143067e-06,1.3880341552102984e-06,3.9704852236070814e-07,1000,2.5th-97.5th percentile range from distinct-pair replication-block bootstrap,30,30
NC-NoOp,mean_signed_shift,topology,q_proportion,0.0005238587636808544,0.00043811194658689245,0.0005232814292976866,0.0006146243433545509,0.00017651239676765842,1000,2.5th-97.5th percentile range from distinct-pair replication-block bootstrap,30,30
NC-NoOp,mean_signed_shift,topology,rho_proportion,1.0,1.0,1.0,1.0,0.0,1000,2.5th-97.5th percentile range from distinct-pair replication-block bootstrap,30,30
NC-NoOp,mean_signed_shift,topology,tau_proportion,1.0,1.0,1.0,1.0,0.0,1000,2.5th-97.5th percentile range from distinct-pair replication-block bootstrap,30,30
NC-NoOp,mean_signed_shift,message_condition,B_total_U,0.0022564370536899666,0.002247394441932916,0.002256436679813797,0.002265484471418477,1.8090029485561248e-05,1000,2.5th-97.5th percentile range from distinct-pair replication-block bootstrap,30,30
NC-NoOp,mean_signed_shift,message_condition,B_factor_U,0.0002818371901161563,0.0002790774484420421,0.000281950652063301,0.00028449013812925346,5.412689687211362e-06,1000,2.5th-97.5th percentile range from distinct-pair replication-block bootstrap,30,30
NC-NoOp,mean_signed_shift,message_condition,q_proportion,0.12490363498297727,0.12391013681957605,0.1249356760769299,0.12579528597771383,0.0018851491581377833,1000,2.5th-97.5th percentile range from distinct-pair replication-block bootstrap,30,30
NC-NoOp,mean_signed_shift,message_condition,rho_proportion,1.0,1.0,1.0,1.0,0.0,1000,2.5th-97.5th percentile range from distinct-pair replication-block bootstrap,30,30
NC-NoOp,mean_signed_shift,message_condition,tau_proportion,1.0,1.0,1.0,1.0,0.0,1000,2.5th-97.5th percentile range from distinct-pair replication-block bootstrap,30,30
NC-NoOp,mean_signed_shift,inoculation,B_total_U,0.0022564370536899666,0.002247394441932916,0.002256436679813797,0.002265484471418477,1.8090029485561248e-05,1000,2.5th-97.5th percentile range from distinct-pair replication-block bootstrap,30,30
NC-NoOp,mean_signed_shift,inoculation,B_factor_U,1.6338133255158232e-06,1.4292588315888398e-06,1.6338051157092156e-06,1.8313453380411466e-06,4.020865064523068e-07,1000,2.5th-97.5th percentile range from distinct-pair replication-block bootstrap,30,30
NC-NoOp,mean_signed_shift,inoculation,q_proportion,0.0007240677610944376,0.000632275200326026,0.0007242423506981853,0.0008114930622945258,0.0001792178619684998,1000,2.5th-97.5th percentile range from distinct-pair replication-block bootstrap,30,30
NC-NoOp,mean_signed_shift,inoculation,rho_proportion,1.0,1.0,1.0,1.0,0.0,1000,2.5th-97.5th percentile range from distinct-pair replication-block bootstrap,30,30
NC-NoOp,mean_signed_shift,inoculation,tau_proportion,1.0,1.0,1.0,1.0,0.0,1000,2.5th-97.5th percentile range from distinct-pair replication-block bootstrap,30,30
NC-NoOp,mean_signed_shift,seeding_regime,B_total_U,0.0022564370536899666,0.002247394441932916,0.002256436679813797,0.002265484471418477,1.8090029485561248e-05,1000,2.5th-97.5th percentile range from distinct-pair replication-block bootstrap,30,30
NC-NoOp,mean_signed_shift,seeding_regime,B_factor_U,0.001971783995923025,0.001964172286037691,0.0019717672994909166,0.001979192825329973,1.5020539292281976e-05,1000,2.5th-97.5th percentile range from distinct-pair replication-block bootstrap,30,30
NC-NoOp,mean_signed_shift,seeding_regime,q_proportion,0.8738484384922476,0.8729513892291962,0.8738252242222981,0.8748206563409008,0.0018692671117045423,1000,2.5th-97.5th percentile range from distinct-pair replication-block bootstrap,30,30
NC-NoOp,mean_signed_shift,seeding_regime,rho_proportion,1.0,1.0,1.0,1.0,0.0,1000,2.5th-97.5th percentile range from distinct-pair replication-block bootstrap,30,30
NC-NoOp,mean_signed_shift,seeding_regime,tau_proportion,1.0,1.0,1.0,1.0,0.0,1000,2.5th-97.5th percentile range from distinct-pair replication-block bootstrap,30,30
PC-M01,mean_signed_shift,topology,B_total_U,3.442216323294757e-05,3.4043053024187945e-05,3.442300354776111e-05,3.479122196646462e-05,7.481689422766724e-07,1000,2.5th-97.5th percentile range from distinct-pair replication-block bootstrap,30,30
PC-M01,mean_signed_shift,topology,B_factor_U,1.0298196253165717e-07,8.490866761214238e-08,1.0360544861065673e-07,1.2152980477173464e-07,3.662113715959226e-08,1000,2.5th-97.5th percentile range from distinct-pair replication-block bootstrap,30,30
PC-M01,mean_signed_shift,topology,q_proportion,4.563919138061045e-05,3.762494552835005e-05,4.590981743793588e-05,5.382534395711211e-05,1.6200398428762057e-05,1000,2.5th-97.5th percentile range from distinct-pair replication-block bootstrap,30,30
PC-M01,mean_signed_shift,topology,rho_proportion,0.08712117567706626,0.06865314160794027,0.0872842413451766,0.1109708830101739,0.04231774140223363,1000,2.5th-97.5th percentile range from distinct-pair replication-block bootstrap,30,30
PC-M01,mean_signed_shift,topology,tau_proportion,0.01525509571678801,0.015110941110552056,0.015258068804577866,0.015406642296005737,0.00029570118545368083,1000,2.5th-97.5th percentile range from distinct-pair replication-block bootstrap,30,30
PC-M01,mean_signed_shift,message_condition,B_total_U,3.442216323294757e-05,3.4043053024187945e-05,3.442300354776111e-05,3.479122196646462e-05,7.481689422766724e-07,1000,2.5th-97.5th percentile range from distinct-pair replication-block bootstrap,30,30
PC-M01,mean_signed_shift,message_condition,B_factor_U,3.1082797260220365e-05,3.0776571192971236e-05,3.108250874620335e-05,3.139355149227772e-05,6.169802993064811e-07,1000,2.5th-97.5th percentile range from distinct-pair replication-block bootstrap,30,30
PC-M01,mean_signed_shift,message_condition,q_proportion,0.013775167009152973,0.013648797006479857,0.013775832480068171,0.013902697535236973,0.00025390052875711583,1000,2.5th-97.5th percentile range from distinct-pair replication-block bootstrap,30,30
PC-M01,mean_signed_shift,message_condition,rho_proportion,0.11028635804738868,0.1092292521027563,0.11026886469571154,0.11122739939409482,0.0019981472913385145,1000,2.5th-97.5th percentile range from distinct-pair replication-block bootstrap,30,30
PC-M01,mean_signed_shift,message_condition,tau_proportion,0.01525509571678801,0.015110941110552056,0.015258068804577866,0.015406642296005737,0.00029570118545368083,1000,2.5th-97.5th percentile range from distinct-pair replication-block bootstrap,30,30
PC-M01,mean_signed_shift,inoculation,B_total_U,3.442216323294757e-05,3.4043053024187945e-05,3.442300354776111e-05,3.479122196646462e-05,7.481689422766724e-07,1000,2.5th-97.5th percentile range from distinct-pair replication-block bootstrap,30,30
PC-M01,mean_signed_shift,inoculation,B_factor_U,2.4508261992060516e-07,2.0985767679006428e-07,2.449222440646646e-07,2.794095951384735e-07,6.95519183484092e-08,1000,2.5th-97.5th percentile range from distinct-pair replication-block bootstrap,30,30
PC-M01,mean_signed_shift,inoculation,q_proportion,0.00010861487118367425,9.305398241999346e-05,0.0001085309581957178,0.00012401950049331946,3.096551807332599e-05,1000,2.5th-97.5th percentile range from distinct-pair replication-block bootstrap,30,30
PC-M01,mean_signed_shift,inoculation,rho_proportion,0.15000650079973385,0.1259691464803858,0.1504669704361281,0.176988225763779,0.05101907928339322,1000,2.5th-97.5th percentile range from distinct-pair replication-block bootstrap,30,30
PC-M01,mean_signed_shift,inoculation,tau_proportion,0.01525509571678801,0.015110941110552056,0.015258068804577866,0.015406642296005737,0.00029570118545368083,1000,2.5th-97.5th percentile range from distinct-pair replication-block bootstrap,30,30
PC-M01,mean_signed_shift,seeding_regime,B_total_U,3.442216323294757e-05,3.4043053024187945e-05,3.442300354776111e-05,3.479122196646462e-05,7.481689422766724e-07,1000,2.5th-97.5th percentile range from distinct-pair replication-block bootstrap,30,30
PC-M01,mean_signed_shift,seeding_regime,B_factor_U,2.9913013902749658e-06,2.8548600847921355e-06,2.9928361509136957e-06,3.1386761462587052e-06,2.8381606146656974e-07,1000,2.5th-97.5th percentile range from distinct-pair replication-block bootstrap,30,30
PC-M01,mean_signed_shift,seeding_regime,q_proportion,0.0013256746450707635,0.0012671879445179904,0.0013263585404526736,0.001388561180530909,0.00012137323601291855,1000,2.5th-97.5th percentile range from distinct-pair replication-block bootstrap,30,30
PC-M01,mean_signed_shift,seeding_regime,rho_proportion,0.0015170532859887058,0.001449627900059852,0.0015175426443475677,0.001589832008354834,0.00014020410829498203,1000,2.5th-97.5th percentile range from distinct-pair replication-block bootstrap,30,30
PC-M01,mean_signed_shift,seeding_regime,tau_proportion,0.01525509571678801,0.015110941110552056,0.015258068804577866,0.015406642296005737,0.00029570118545368083,1000,2.5th-97.5th percentile range from distinct-pair replication-block bootstrap,30,30
PC-M05,mean_signed_shift,topology,B_total_U,1.1073791215250941e-05,1.0960763224573988e-05,1.1072003476033712e-05,1.1201156841251427e-05,2.4039361667743915e-07,1000,2.5th-97.5th percentile range from distinct-pair replication-block bootstrap,30,30
PC-M05,mean_signed_shift,topology,B_factor_U,1.0352159319651957e-08,7.672758929096035e-09,1.0377114634795188e-08,1.3342874848746444e-08,5.670115919650409e-09,1000,2.5th-97.5th percentile range from distinct-pair replication-block bootstrap,30,30
PC-M05,mean_signed_shift,topology,q_proportion,4.587834303962967e-06,3.41403147890558e-06,4.600655106002418e-06,5.914219441024771e-06,2.500187962119191e-06,1000,2.5th-97.5th percentile range from distinct-pair replication-block bootstrap,30,30
PC-M05,mean_signed_shift,topology,rho_proportion,0.008757769502082761,0.006325944550367874,0.00871270554514193,0.011847232186731052,0.005521287636363178,1000,2.5th-97.5th percentile range from distinct-pair replication-block bootstrap,30,30
PC-M05,mean_signed_shift,topology,tau_proportion,0.004907644641423476,0.004859625948087644,0.004907820266761668,0.00495990754296513,0.00010028159487748562,1000,2.5th-97.5th percentile range from distinct-pair replication-block bootstrap,30,30
PC-M05,mean_signed_shift,message_condition,B_total_U,1.1073791215250941e-05,1.0960763224573988e-05,1.1072003476033712e-05,1.1201156841251427e-05,2.4039361667743915e-07,1000,2.5th-97.5th percentile range from distinct-pair replication-block bootstrap,30,30
PC-M05,mean_signed_shift,message_condition,B_factor_U,2.5885154732825304e-06,2.5508667094376825e-06,2.5880283742981406e-06,2.6248860846871356e-06,7.401937524945304e-08,1000,2.5th-97.5th percentile range from distinct-pair replication-block bootstrap,30,30
PC-M05,mean_signed_shift,message_condition,q_proportion,0.0011471693699806576,0.0011308813356028938,0.0011471108634061333,0.0011625347607795054,3.165342517661156e-05,1000,2.5th-97.5th percentile range from distinct-pair replication-block bootstrap,30,30
PC-M05,mean_signed_shift,message_condition,rho_proportion,0.009184435426054668,0.009046875846884107,0.009180100013103671,0.009319418830947416,0.0002725429840633089,1000,2.5th-97.5th percentile range from distinct-pair replication-block bootstrap,30,30
PC-M05,mean_signed_shift,message_condition,tau_proportion,0.004907644641423476,0.004859625948087644,0.004907820266761668,0.00495990754296513,0.00010028159487748562,1000,2.5th-97.5th percentile range from distinct-pair replication-block bootstrap,30,30
PC-M05,mean_signed_shift,inoculation,B_total_U,1.1073791215250941e-05,1.0960763224573988e-05,1.1072003476033712e-05,1.1201156841251427e-05,2.4039361667743915e-07,1000,2.5th-97.5th percentile range from distinct-pair replication-block bootstrap,30,30
PC-M05,mean_signed_shift,inoculation,B_factor_U,2.2531522634346415e-08,1.673106164637044e-08,2.2307245457712237e-08,2.9121990399724785e-08,1.2390928753354344e-08,1000,2.5th-97.5th percentile range from distinct-pair replication-block bootstrap,30,30
PC-M05,mean_signed_shift,inoculation,q_proportion,9.985442579707891e-06,7.399006087333915e-06,9.878111608375122e-06,1.2902577990400862e-05,5.503571903066947e-06,1000,2.5th-97.5th percentile range from distinct-pair replication-block bootstrap,30,30
PC-M05,mean_signed_shift,inoculation,rho_proportion,0.013790757048228151,0.010268672988264138,0.013659755650715713,0.017635532042018707,0.007366859053754568,1000,2.5th-97.5th percentile range from distinct-pair replication-block bootstrap,30,30
PC-M05,mean_signed_shift,inoculation,tau_proportion,0.004907644641423476,0.004859625948087644,0.004907820266761668,0.00495990754296513,0.00010028159487748562,1000,2.5th-97.5th percentile range from distinct-pair replication-block bootstrap,30,30
PC-M05,mean_signed_shift,seeding_regime,B_total_U,1.1073791215250941e-05,1.0960763224573988e-05,1.1072003476033712e-05,1.1201156841251427e-05,2.4039361667743915e-07,1000,2.5th-97.5th percentile range from distinct-pair replication-block bootstrap,30,30
PC-M05,mean_signed_shift,seeding_regime,B_factor_U,8.452392060014414e-06,8.365810316339012e-06,8.45193019146735e-06,8.5504451647616e-06,1.8463484842258737e-07,1000,2.5th-97.5th percentile range from distinct-pair replication-block bootstrap,30,30
PC-M05,mean_signed_shift,seeding_regime,q_proportion,0.0037459019945591484,0.0037089651475784072,0.0037453443024071387,0.0037856598745415306,7.669472696312336e-05,1000,2.5th-97.5th percentile range from distinct-pair replication-block bootstrap,30,30
PC-M05,mean_signed_shift,seeding_regime,rho_proportion,0.004286672413150259,0.004243176804804591,0.0042864368590738566,0.0043333811620252976,9.020435722070699e-05,1000,2.5th-97.5th percentile range from distinct-pair replication-block bootstrap,30,30
PC-M05,mean_signed_shift,seeding_regime,tau_proportion,0.004907644641423476,0.004859625948087644,0.004907820266761668,0.00495990754296513,0.00010028159487748562,1000,2.5th-97.5th percentile range from distinct-pair replication-block bootstrap,30,30
S-A06,mean_signed_shift,topology,B_total_U,0.00035842634234144313,0.00035708149094934165,0.00035842231923149113,0.0003598930144874961,2.8115235381544223e-06,1000,2.5th-97.5th percentile range from distinct-pair replication-block bootstrap,30,30
S-A06,mean_signed_shift,topology,B_factor_U,1.7550268194230972e-07,1.4421731743780056e-07,1.7552824993651672e-07,2.0935262841045304e-07,6.513531097265248e-08,1000,2.5th-97.5th percentile range from distinct-pair replication-block bootstrap,30,30
S-A06,mean_signed_shift,topology,q_proportion,7.777867397422365e-05,6.399424277482585e-05,7.777311421357298e-05,9.279348232763704e-05,2.8799239552811188e-05,1000,2.5th-97.5th percentile range from distinct-pair replication-block bootstrap,30,30
S-A06,mean_signed_shift,topology,rho_proportion,0.1484726024772739,0.1284480462934034,0.14875324330648376,0.1704238458399992,0.041975799546595804,1000,2.5th-97.5th percentile range from distinct-pair replication-block bootstrap,30,30
S-A06,mean_signed_shift,topology,tau_proportion,0.15884615161557739,0.15824476123951553,0.15884610930108914,0.15944894110764765,0.0012041798681321214,1000,2.5th-97.5th percentile range from distinct-pair replication-block bootstrap,30,30
S-A06,mean_signed_shift,message_condition,B_total_U,0.00035842634234144313,0.00035708149094934165,0.00035842231923149113,0.0003598930144874961,2.8115235381544223e-06,1000,2.5th-97.5th percentile range from distinct-pair replication-block bootstrap,30,30
S-A06,mean_signed_shift,message_condition,B_factor_U,1.1831904504936623e-05,1.1604942716649394e-05,1.1829258992862982e-05,1.2058673122407028e-05,4.537304057576342e-07,1000,2.5th-97.5th percentile range from distinct-pair replication-block bootstrap,30,30
S-A06,mean_signed_shift,message_condition,q_proportion,0.005243622677436462,0.005140293847741516,0.005241390664931008,0.00534576626003064,0.00020547241228912466,1000,2.5th-97.5th percentile range from distinct-pair replication-block bootstrap,30,30
S-A06,mean_signed_shift,message_condition,rho_proportion,0.04198134568422367,0.04116548852213368,0.041970237284114136,0.042775591343015874,0.0016101028208821977,1000,2.5th-97.5th percentile range from distinct-pair replication-block bootstrap,30,30
S-A06,mean_signed_shift,message_condition,tau_proportion,0.15884615161557739,0.15824476123951553,0.15884610930108914,0.15944894110764765,0.0012041798681321214,1000,2.5th-97.5th percentile range from distinct-pair replication-block bootstrap,30,30
S-A06,mean_signed_shift,inoculation,B_total_U,0.00035842634234144313,0.00035708149094934165,0.00035842231923149113,0.0003598930144874961,2.8115235381544223e-06,1000,2.5th-97.5th percentile range from distinct-pair replication-block bootstrap,30,30
S-A06,mean_signed_shift,inoculation,B_factor_U,3.568332996465127e-07,3.1192296669703815e-07,3.5610523578895757e-07,4.022937584085722e-07,9.037079171153403e-08,1000,2.5th-97.5th percentile range from distinct-pair replication-block bootstrap,30,30
S-A06,mean_signed_shift,inoculation,q_proportion,0.00015814015244209045,0.00013860550228804203,0.00015780266530682956,0.00017838544435772394,3.977994206968191e-05,1000,2.5th-97.5th percentile range from distinct-pair replication-block bootstrap,30,30
S-A06,mean_signed_shift,inoculation,rho_proportion,0.21840518379531165,0.19673263110109623,0.218171830095401,0.24325513716257915,0.04652250606148292,1000,2.5th-97.5th percentile range from distinct-pair replication-block bootstrap,30,30
S-A06,mean_signed_shift,inoculation,tau_proportion,0.15884615161557739,0.15824476123951553,0.15884610930108914,0.15944894110764765,0.0012041798681321214,1000,2.5th-97.5th percentile range from distinct-pair replication-block bootstrap,30,30
S-A06,mean_signed_shift,seeding_regime,B_total_U,0.00035842634234144313,0.00035708149094934165,0.00035842231923149113,0.0003598930144874961,2.8115235381544223e-06,1000,2.5th-97.5th percentile range from distinct-pair replication-block bootstrap,30,30
S-A06,mean_signed_shift,seeding_regime,B_factor_U,0.00034606210185491785,0.0003447807762962595,0.00034606765211557853,0.00034750289403521226,2.7221177389527345e-06,1000,2.5th-97.5th percentile range from distinct-pair replication-block bootstrap,30,30
S-A06,mean_signed_shift,seeding_regime,q_proportion,0.15336661011172467,0.15279541325282636,0.15336555542018032,0.15392908649938408,0.0011336732465577204,1000,2.5th-97.5th percentile range from distinct-pair replication-block bootstrap,30,30
S-A06,mean_signed_shift,seeding_regime,rho_proportion,0.17550710553004584,0.17492554713591732,0.1755159814913712,0.17608324276586515,0.0011576956299478303,1000,2.5th-97.5th percentile range from distinct-pair replication-block bootstrap,30,30
S-A06,mean_signed_shift,seeding_regime,tau_proportion,0.15884615161557739,0.15824476123951553,0.15884610930108914,0.15944894110764765,0.0012041798681321214,1000,2.5th-97.5th percentile range from distinct-pair replication-block bootstrap,30,30
S-A18,mean_signed_shift,topology,B_total_U,0.003339043617005961,0.0033285610639832387,0.0033391158068182833,0.0033514390362263126,2.287797224307395e-05,1000,2.5th-97.5th percentile range from distinct-pair replication-block bootstrap,30,30
S-A18,mean_signed_shift,topology,B_factor_U,1.7975807212414764e-06,1.565330884653603e-06,1.7957941135431895e-06,2.0849047927581675e-06,5.195739081045646e-07,1000,2.5th-97.5th percentile range from distinct-pair replication-block bootstrap,30,30
S-A18,mean_signed_shift,topology,q_proportion,0.0007966456313513734,0.0006940462979777046,0.0007954839240322556,0.0009218886465148182,0.00022784234853711358,1000,2.5th-97.5th percentile range from distinct-pair replication-block bootstrap,30,30
S-A18,mean_signed_shift,topology,rho_proportion,1.5207259791814927,1.3507397261286944,1.5215045377442995,1.7286350942237159,0.37789536809502144,1000,2.5th-97.5th percentile range from distinct-pair replication-block bootstrap,30,30
S-A18,mean_signed_shift,topology,tau_proportion,1.4797858471370167,1.474798718839929,1.479896532472456,1.4844919355667106,0.009693216726781584,1000,2.5th-97.5th percentile range from distinct-pair replication-block bootstrap,30,30
S-A18,mean_signed_shift,message_condition,B_total_U,0.003339043617005961,0.0033285610639832387,0.0033391158068182833,0.0033514390362263126,2.287797224307395e-05,1000,2.5th-97.5th percentile range from distinct-pair replication-block bootstrap,30,30
S-A18,mean_signed_shift,message_condition,B_factor_U,9.20863829619191e-05,9.018362493278505e-05,9.203942943805244e-05,9.409756852288971e-05,3.913943590104667e-06,1000,2.5th-97.5th percentile range from distinct-pair replication-block bootstrap,30,30
S-A18,mean_signed_shift,message_condition,q_proportion,0.040810525962303994,0.03996296924899025,0.04079233052793657,0.04174560858958806,0.0017826393405978094,1000,2.5th-97.5th percentile range from distinct-pair replication-block bootstrap,30,30
S-A18,mean_signed_shift,message_condition,rho_proportion,0.3267360951333877,0.319959634027705,0.32662591949666914,0.3338292089421426,0.013869574914437577,1000,2.5th-97.5th percentile range from distinct-pair replication-block bootstrap,30,30
S-A18,mean_signed_shift,message_condition,tau_proportion,1.4797858471370167,1.474798718839929,1.479896532472456,1.4844919355667106,0.009693216726781584,1000,2.5th-97.5th percentile range from distinct-pair replication-block bootstrap,30,30
S-A18,mean_signed_shift,inoculation,B_total_U,0.003339043617005961,0.0033285610639832387,0.0033391158068182833,0.0033514390362263126,2.287797224307395e-05,1000,2.5th-97.5th percentile range from distinct-pair replication-block bootstrap,30,30
S-A18,mean_signed_shift,inoculation,B_factor_U,2.5438998977169116e-06,2.248380275663274e-06,2.5434874511242493e-06,2.839493741518437e-06,5.91113465855163e-07,1000,2.5th-97.5th percentile range from distinct-pair replication-block bootstrap,30,30
S-A18,mean_signed_shift,inoculation,q_proportion,0.0011273967929027115,0.0009974703911237628,0.0011265768400773382,0.001260916093795482,0.00026344570267171916,1000,2.5th-97.5th percentile range from distinct-pair replication-block bootstrap,30,30
S-A18,mean_signed_shift,inoculation,rho_proportion,1.557032163949182,1.452069579603636,1.5566273494590326,1.6647903334325538,0.21272075382891775,1000,2.5th-97.5th percentile range from distinct-pair replication-block bootstrap,30,30
S-A18,mean_signed_shift,inoculation,tau_proportion,1.4797858471370167,1.474798718839929,1.479896532472456,1.4844919355667106,0.009693216726781584,1000,2.5th-97.5th percentile range from distinct-pair replication-block bootstrap,30,30
S-A18,mean_signed_shift,seeding_regime,B_total_U,0.003339043617005961,0.0033285610639832387,0.0033391158068182833,0.0033514390362263126,2.287797224307395e-05,1000,2.5th-97.5th percentile range from distinct-pair replication-block bootstrap,30,30
S-A18,mean_signed_shift,seeding_regime,B_factor_U,0.003242615753425082,0.003232457026414035,0.0032426727417597433,0.0032539823708843878,2.1525344470352953e-05,1000,2.5th-97.5th percentile range from distinct-pair replication-block bootstrap,30,30
S-A18,mean_signed_shift,seeding_regime,q_proportion,1.437051278750458,1.4327796261282595,1.4370660492772978,1.4413609385016262,0.008581312373366679,1000,2.5th-97.5th percentile range from distinct-pair replication-block bootstrap,30,30
S-A18,mean_signed_shift,seeding_regime,rho_proportion,1.6445086074994537,1.6403397791292762,1.6446302106867052,1.648852479177508,0.008512700048231903,1000,2.5th-97.5th percentile range from distinct-pair replication-block bootstrap,30,30
S-A18,mean_signed_shift,seeding_regime,tau_proportion,1.4797858471370167,1.474798718839929,1.479896532472456,1.4844919355667106,0.009693216726781584,1000,2.5th-97.5th percentile range from distinct-pair replication-block bootstrap,30,30
C-D1,conversion_rate,topology,B_total_U,9.056519831276259e-07,7.773818716351526e-07,9.088669968740127e-07,1.0499794805619145e-06,2.725976089267619e-07,1000,2.5th-97.5th percentile range from distinct-pair replication-block bootstrap,30,30
C-D1,conversion_rate,topology,B_factor_U,-4.5797345728125354e-09,-3.058488228857944e-08,-5.313566088672563e-09,2.2716161072707338e-08,5.330104336128678e-08,1000,2.5th-97.5th percentile range from distinct-pair replication-block bootstrap,30,30
C-D1,conversion_rate,topology,q_proportion,-1.1170057141158693e-06,-7.378206218964792e-06,-1.2881326363804756e-06,5.576788650587085e-06,1.2954994869551878e-05,1000,2.5th-97.5th percentile range from distinct-pair replication-block bootstrap,30,30
C-D1,conversion_rate,topology,rho_proportion,-0.0016070155458433849,-0.011283948657578494,-0.001992900347111419,0.010007482405480236,0.02129143106305873,1000,2.5th-97.5th percentile range from distinct-pair replication-block bootstrap,30,30
C-D1,conversion_rate,topology,tau_proportion,0.00022089019004712003,0.00018850252613465159,0.00022164671644286536,0.00025527801883481414,6.677549270016255e-05,1000,2.5th-97.5th percentile range from distinct-pair replication-block bootstrap,30,30
C-D1,conversion_rate,message_condition,B_total_U,9.056519831276259e-07,7.773818716351526e-07,9.088669968740127e-07,1.0499794805619145e-06,2.725976089267619e-07,1000,2.5th-97.5th percentile range from distinct-pair replication-block bootstrap,30,30
C-D1,conversion_rate,message_condition,B_factor_U,9.216378727991838e-07,8.157504228850609e-07,9.230061755853844e-07,1.0566760166156428e-06,2.409255937305819e-07,1000,2.5th-97.5th percentile range from distinct-pair replication-block bootstrap,30,30
C-D1,conversion_rate,message_condition,q_proportion,0.00022478917803964686,0.00019859979773335663,0.0002250485409875686,0.00025669187699888906,5.809207926553244e-05,1000,2.5th-97.5th percentile range from distinct-pair replication-block bootstrap,30,30
C-D1,conversion_rate,message_condition,rho_proportion,0.001311584904380449,0.0011576250273538167,0.001311807561706404,0.0014940886573399706,0.0003364636299861539,1000,2.5th-97.5th percentile range from distinct-pair replication-block bootstrap,30,30
C-D1,conversion_rate,message_condition,tau_proportion,0.00022089019004712003,0.00018850252613465159,0.00022164671644286536,0.00025527801883481414,6.677549270016255e-05,1000,2.5th-97.5th percentile range from distinct-pair replication-block bootstrap,30,30
C-D1,conversion_rate,inoculation,B_total_U,9.056519831276259e-07,7.773818716351526e-07,9.088669968740127e-07,1.0499794805619145e-06,2.725976089267619e-07,1000,2.5th-97.5th percentile range from distinct-pair replication-block bootstrap,30,30
C-D1,conversion_rate,inoculation,B_factor_U,-6.493390895249275e-09,-2.995753310061689e-08,-7.659576958151463e-09,1.651618737184103e-08,4.647372047245792e-08,1000,2.5th-97.5th percentile range from distinct-pair replication-block bootstrap,30,30
C-D1,conversion_rate,inoculation,q_proportion,-1.5837500227719631e-06,-7.278433579427876e-06,-1.8662897099262948e-06,4.013260473417327e-06,1.1291694052845202e-05,1000,2.5th-97.5th percentile range from distinct-pair replication-block bootstrap,30,30
C-D1,conversion_rate,inoculation,rho_proportion,-0.0020290937642104727,-0.010804591863155693,-0.0023372797875634743,0.005243147589568649,0.016047739452724342,1000,2.5th-97.5th percentile range from distinct-pair replication-block bootstrap,30,30
C-D1,conversion_rate,inoculation,tau_proportion,0.00022089019004712003,0.00018850252613465159,0.00022164671644286536,0.00025527801883481414,6.677549270016255e-05,1000,2.5th-97.5th percentile range from distinct-pair replication-block bootstrap,30,30
C-D1,conversion_rate,seeding_regime,B_total_U,9.056519831276259e-07,7.773818716351526e-07,9.088669968740127e-07,1.0499794805619145e-06,2.725976089267619e-07,1000,2.5th-97.5th percentile range from distinct-pair replication-block bootstrap,30,30
C-D1,conversion_rate,seeding_regime,B_factor_U,-4.912764203495081e-09,-2.7308812914645343e-08,-5.863473479231603e-09,2.1822955765182044e-08,4.9131768679827384e-08,1000,2.5th-97.5th percentile range from distinct-pair replication-block bootstrap,30,30
C-D1,conversion_rate,seeding_regime,q_proportion,-1.1982322556387438e-06,-6.673937162620127e-06,-1.4222142865751928e-06,5.355772649419157e-06,1.2029709812039284e-05,1000,2.5th-97.5th percentile range from distinct-pair replication-block bootstrap,30,30
C-D1,conversion_rate,seeding_regime,rho_proportion,-1.4486503624906154e-06,-8.074676016293599e-06,-1.7220779446377614e-06,6.471059755269717e-06,1.4545735771563316e-05,1000,2.5th-97.5th percentile range from distinct-pair replication-block bootstrap,30,30
C-D1,conversion_rate,seeding_regime,tau_proportion,0.00022089019004712003,0.00018850252613465159,0.00022164671644286536,0.00025527801883481414,6.677549270016255e-05,1000,2.5th-97.5th percentile range from distinct-pair replication-block bootstrap,30,30
C-D10,conversion_rate,topology,B_total_U,0.00011399830595503865,0.00010957582449733818,0.00011396568853979423,0.00011863160831531172,9.05578381797354e-06,1000,2.5th-97.5th percentile range from distinct-pair replication-block bootstrap,30,30
C-D10,conversion_rate,topology,B_factor_U,5.8279991760174923e-08,-7.172328584689024e-08,4.9004123679526725e-08,2.1616632136567636e-07,2.878896072125666e-07,1000,2.5th-97.5th percentile range from distinct-pair replication-block bootstrap,30,30
C-D10,conversion_rate,topology,q_proportion,1.4214597544844637e-05,-1.75313422314003e-05,1.1959458136392957e-05,5.266742522814576e-05,7.019876745954606e-05,1000,2.5th-97.5th percentile range from distinct-pair replication-block bootstrap,30,30
C-D10,conversion_rate,topology,rho_proportion,0.020450279657300823,-0.029128172453846628,0.017695008093306215,0.07488943665058155,0.10401760910442817,1000,2.5th-97.5th percentile range from distinct-pair replication-block bootstrap,30,30
C-D10,conversion_rate,topology,tau_proportion,0.027804397203986093,0.02677372273292305,0.027787486024911465,0.028846633214460227,0.002072910481537179,1000,2.5th-97.5th percentile range from distinct-pair replication-block bootstrap,30,30
C-D10,conversion_rate,message_condition,B_total_U,0.00011399830595503865,0.00010957582449733818,0.00011396568853979423,0.00011863160831531172,9.05578381797354e-06,1000,2.5th-97.5th percentile range from distinct-pair replication-block bootstrap,30,30
C-D10,conversion_rate,message_condition,B_factor_U,2.2976034579927173e-05,2.159194675623364e-05,2.2947769237979517e-05,2.432884194015398e-05,2.7368951839203403e-06,1000,2.5th-97.5th percentile range from distinct-pair replication-block bootstrap,30,30
C-D10,conversion_rate,message_condition,q_proportion,0.005603897235848168,0.005270533667554827,0.0056042194616450665,0.005916348551909659,0.0006458148843548313,1000,2.5th-97.5th percentile range from distinct-pair replication-block bootstrap,30,30
C-D10,conversion_rate,message_condition,rho_proportion,0.032697245856477306,0.03088326139827908,0.03271964338930146,0.03454557727507626,0.003662315876797183,1000,2.5th-97.5th percentile range from distinct-pair replication-block bootstrap,30,30
C-D10,conversion_rate,message_condition,tau_proportion,0.027804397203986093,0.02677372273292305,0.027787486024911465,0.028846633214460227,0.002072910481537179,1000,2.5th-97.5th percentile range from distinct-pair replication-block bootstrap,30,30
C-D10,conversion_rate,inoculation,B_total_U,0.00011399830595503865,0.00010957582449733818,0.00011396568853979423,0.00011863160831531172,9.05578381797354e-06,1000,2.5th-97.5th percentile range from distinct-pair replication-block bootstrap,30,30
C-D10,conversion_rate,inoculation,B_factor_U,1.5537231666762192e-07,1.60145526777083e-08,1.4467070783991777e-07,3.010754208941958e-07,2.850608682164875e-07,1000,2.5th-97.5th percentile range from distinct-pair replication-block bootstrap,30,30
C-D10,conversion_rate,inoculation,q_proportion,3.789559477167938e-05,3.9210830320896685e-06,3.512860830435516e-05,7.364030600579962e-05,6.971922297370994e-05,1000,2.5th-97.5th percentile range from distinct-pair replication-block bootstrap,30,30
C-D10,conversion_rate,inoculation,rho_proportion,0.04855167415099901,0.0065164044165679615,0.04546015373520165,0.09216959960217988,0.08565319518561192,1000,2.5th-97.5th percentile range from distinct-pair replication-block bootstrap,30,30
C-D10,conversion_rate,inoculation,tau_proportion,0.027804397203986093,0.02677372273292305,0.027787486024911465,0.028846633214460227,0.002072910481537179,1000,2.5th-97.5th percentile range from distinct-pair replication-block bootstrap,30,30
C-D10,conversion_rate,seeding_regime,B_total_U,0.00011399830595503865,0.00010957582449733818,0.00011396568853979423,0.00011863160831531172,9.05578381797354e-06,1000,2.5th-97.5th percentile range from distinct-pair replication-block bootstrap,30,30
C-D10,conversion_rate,seeding_regime,B_factor_U,9.08086190666837e-05,8.727450447763636e-05,9.07387694772761e-05,9.460278245611174e-05,7.328277978475384e-06,1000,2.5th-97.5th percentile range from distinct-pair replication-block bootstrap,30,30
C-D10,conversion_rate,seeding_regime,q_proportion,0.022148389775821408,0.021284357807843563,0.02213731421424882,0.023022736352404854,0.0017383785445612907,1000,2.5th-97.5th percentile range from distinct-pair replication-block bootstrap,30,30
C-D10,conversion_rate,seeding_regime,rho_proportion,0.02677717339550617,0.02571524485573026,0.02675592610789726,0.0278132397911371,0.002097994935406841,1000,2.5th-97.5th percentile range from distinct-pair replication-block bootstrap,30,30
C-D10,conversion_rate,seeding_regime,tau_proportion,0.027804397203986093,0.02677372273292305,0.027787486024911465,0.028846633214460227,0.002072910481537179,1000,2.5th-97.5th percentile range from distinct-pair replication-block bootstrap,30,30
C-D5,conversion_rate,topology,B_total_U,2.6543493439270468e-05,2.5083419351381467e-05,2.6494283391519667e-05,2.8239300251717e-05,3.1558809003355346e-06,1000,2.5th-97.5th percentile range from distinct-pair replication-block bootstrap,30,30
C-D5,conversion_rate,topology,B_factor_U,1.75299199940048e-08,-5.4128291000585297e-08,1.700373691890869e-08,8.971429570248716e-08,1.4384258670307245e-07,1000,2.5th-97.5th percentile range from distinct-pair replication-block bootstrap,30,30
C-D5,conversion_rate,topology,q_proportion,4.275579837648138e-06,-1.3166906861893995e-05,4.163780377787186e-06,2.1976734188099965e-05,3.514364104999396e-05,1000,2.5th-97.5th percentile range from distinct-pair replication-block bootstrap,30,30
C-D5,conversion_rate,topology,rho_proportion,0.00615119795697156,-0.02389086603195592,0.006030051685472429,0.03388261970919611,0.05777348574115203,1000,2.5th-97.5th percentile range from distinct-pair replication-block bootstrap,30,30
C-D5,conversion_rate,topology,tau_proportion,0.006474007035314675,0.006127097542681971,0.006463659875981772,0.006856829118748995,0.0007297315760670239,1000,2.5th-97.5th percentile range from distinct-pair replication-block bootstrap,30,30
C-D5,conversion_rate,message_condition,B_total_U,2.6543493439270468e-05,2.5083419351381467e-05,2.6494283391519667e-05,2.8239300251717e-05,3.1558809003355346e-06,1000,2.5th-97.5th percentile range from distinct-pair replication-block bootstrap,30,30
C-D5,conversion_rate,message_condition,B_factor_U,7.49431682327724e-06,6.85649890631904e-06,7.48936297438519e-06,8.141475132591092e-06,1.284976226272052e-06,1000,2.5th-97.5th percentile range from distinct-pair replication-block bootstrap,30,30
C-D5,conversion_rate,message_condition,q_proportion,0.001827877703806401,0.0016797770279092965,0.0018246418430055405,0.0019757851327683084,0.00029600810485901183,1000,2.5th-97.5th percentile range from distinct-pair replication-block bootstrap,30,30
C-D5,conversion_rate,message_condition,rho_proportion,0.010665178921305689,0.009802206337820474,0.010667479425589172,0.01154592844206051,0.0017437221042400364,1000,2.5th-97.5th percentile range from distinct-pair replication-block bootstrap,30,30
C-D5,conversion_rate,message_condition,tau_proportion,0.006474007035314675,0.006127097542681971,0.006463659875981772,0.006856829118748995,0.0007297315760670239,1000,2.5th-97.5th percentile range from distinct-pair replication-block bootstrap,30,30
C-D5,conversion_rate,inoculation,B_total_U,2.6543493439270468e-05,2.5083419351381467e-05,2.6494283391519667e-05,2.8239300251717e-05,3.1558809003355346e-06,1000,2.5th-97.5th percentile range from distinct-pair replication-block bootstrap,30,30
C-D5,conversion_rate,inoculation,B_factor_U,4.432051248833802e-08,-3.86628376763422e-08,3.979051056424203e-08,1.4282176464457754e-07,1.8148460232091974e-07,1000,2.5th-97.5th percentile range from distinct-pair replication-block bootstrap,30,30
C-D5,conversion_rate,inoculation,q_proportion,1.0809854788508894e-05,-9.449091257086122e-06,9.667127066184686e-06,3.4812580425333486e-05,4.4261671682419606e-05,1000,2.5th-97.5th percentile range from distinct-pair replication-block bootstrap,30,30
C-D5,conversion_rate,inoculation,rho_proportion,0.013849539780901594,-0.012335224735075746,0.012728238280936149,0.049270308975693636,0.06160553371076938,1000,2.5th-97.5th percentile range from distinct-pair replication-block bootstrap,30,30
C-D5,conversion_rate,inoculation,tau_proportion,0.006474007035314675,0.006127097542681971,0.006463659875981772,0.006856829118748995,0.0007297315760670239,1000,2.5th-97.5th percentile range from distinct-pair replication-block bootstrap,30,30
C-D5,conversion_rate,seeding_regime,B_total_U,2.6543493439270468e-05,2.5083419351381467e-05,2.6494283391519667e-05,2.8239300251717e-05,3.1558809003355346e-06,1000,2.5th-97.5th percentile range from distinct-pair replication-block bootstrap,30,30
C-D5,conversion_rate,seeding_regime,B_factor_U,1.8987326183510892e-05,1.7854157669722553e-05,1.894471404082538e-05,2.0234684422507414e-05,2.3805267527848615e-06,1000,2.5th-97.5th percentile range from distinct-pair replication-block bootstrap,30,30
C-D5,conversion_rate,seeding_regime,q_proportion,0.0046310438968821185,0.0043608974300799646,0.004620738614346455,0.004918631062977993,0.0005577336328980286,1000,2.5th-97.5th percentile range from distinct-pair replication-block bootstrap,30,30
C-D5,conversion_rate,seeding_regime,rho_proportion,0.00559888401297625,0.0052743711103726415,0.005584396673679533,0.0059464576521837875,0.000672086541811146,1000,2.5th-97.5th percentile range from distinct-pair replication-block bootstrap,30,30
C-D5,conversion_rate,seeding_regime,tau_proportion,0.006474007035314675,0.006127097542681971,0.006463659875981772,0.006856829118748995,0.0007297315760670239,1000,2.5th-97.5th percentile range from distinct-pair replication-block bootstrap,30,30
C-D50,conversion_rate,topology,B_total_U,0.004100009977511601,0.004050661617807773,0.004101065811417571,0.004149025984293985,9.836436648621126e-05,1000,2.5th-97.5th percentile range from distinct-pair replication-block bootstrap,30,30
C-D50,conversion_rate,topology,B_factor_U,2.8498383756511983e-06,1.7061605279572427e-06,2.803374083968224e-06,4.224370107808018e-06,2.518209579850775e-06,1000,2.5th-97.5th percentile range from distinct-pair replication-block bootstrap,30,30
C-D50,conversion_rate,topology,q_proportion,0.0006950808391400151,0.00041480802390336666,0.0006836167385774975,0.001029782557343218,0.0006149745334398512,1000,2.5th-97.5th percentile range from distinct-pair replication-block bootstrap,30,30
C-D50,conversion_rate,topology,rho_proportion,1.0,1.0,1.0,1.0,0.0,1000,2.5th-97.5th percentile range from distinct-pair replication-block bootstrap,30,30
C-D50,conversion_rate,topology,tau_proportion,1.0,1.0,1.0,1.0,0.0,1000,2.5th-97.5th percentile range from distinct-pair replication-block bootstrap,30,30
C-D50,conversion_rate,message_condition,B_total_U,0.004100009977511601,0.004050661617807773,0.004101065811417571,0.004149025984293985,9.836436648621126e-05,1000,2.5th-97.5th percentile range from distinct-pair replication-block bootstrap,30,30
C-D50,conversion_rate,message_condition,B_factor_U,0.0007026902106917251,0.0006867614666568675,0.0007027463355544177,0.0007192803050920508,3.2518838435183304e-05,1000,2.5th-97.5th percentile range from distinct-pair replication-block bootstrap,30,30
C-D50,conversion_rate,message_condition,q_proportion,0.1713874391881859,0.16888363912831372,0.17139830388530605,0.17379365595713284,0.004910016828819114,1000,2.5th-97.5th percentile range from distinct-pair replication-block bootstrap,30,30
C-D50,conversion_rate,message_condition,rho_proportion,1.0,1.0,1.0,1.0,0.0,1000,2.5th-97.5th percentile range from distinct-pair replication-block bootstrap,30,30
C-D50,conversion_rate,message_condition,tau_proportion,1.0,1.0,1.0,1.0,0.0,1000,2.5th-97.5th percentile range from distinct-pair replication-block bootstrap,30,30
C-D50,conversion_rate,inoculation,B_total_U,0.004100009977511601,0.004050661617807773,0.004101065811417571,0.004149025984293985,9.836436648621126e-05,1000,2.5th-97.5th percentile range from distinct-pair replication-block bootstrap,30,30
C-D50,conversion_rate,inoculation,B_factor_U,3.20014333974156e-06,2.222582869920843e-06,3.151949631255402e-06,4.43127755601763e-06,2.2086946860967868e-06,1000,2.5th-97.5th percentile range from distinct-pair replication-block bootstrap,30,30
C-D50,conversion_rate,inoculation,q_proportion,0.0007805208663623319,0.0005397713414426986,0.0007676078732083251,0.0010753176658964282,0.0005355463244537295,1000,2.5th-97.5th percentile range from distinct-pair replication-block bootstrap,30,30
C-D50,conversion_rate,inoculation,rho_proportion,1.0,1.0,1.0,1.0,0.0,1000,2.5th-97.5th percentile range from distinct-pair replication-block bootstrap,30,30
C-D50,conversion_rate,inoculation,tau_proportion,1.0,1.0,1.0,1.0,0.0,1000,2.5th-97.5th percentile range from distinct-pair replication-block bootstrap,30,30
C-D50,conversion_rate,seeding_regime,B_total_U,0.004100009977511601,0.004050661617807773,0.004101065811417571,0.004149025984293985,9.836436648621126e-05,1000,2.5th-97.5th percentile range from distinct-pair replication-block bootstrap,30,30
C-D50,conversion_rate,seeding_regime,B_factor_U,0.0033912697851044833,0.0033549076982963377,0.00339271453421517,0.0034302023119069038,7.529461361056606e-05,1000,2.5th-97.5th percentile range from distinct-pair replication-block bootstrap,30,30
C-D50,conversion_rate,seeding_regime,q_proportion,0.8271369591063117,0.8247740285111113,0.827154014176281,0.8296673767416924,0.004893348230581185,1000,2.5th-97.5th percentile range from distinct-pair replication-block bootstrap,30,30
C-D50,conversion_rate,seeding_regime,rho_proportion,1.0,1.0,1.0,1.0,0.0,1000,2.5th-97.5th percentile range from distinct-pair replication-block bootstrap,30,30
C-D50,conversion_rate,seeding_regime,tau_proportion,1.0,1.0,1.0,1.0,0.0,1000,2.5th-97.5th percentile range from distinct-pair replication-block bootstrap,30,30
CS-0,conversion_rate,topology,B_total_U,8.16884319181745e-05,7.866044236003914e-05,8.176178797910706e-05,8.492566217877724e-05,6.265219818738104e-06,1000,2.5th-97.5th percentile range from distinct-pair replication-block bootstrap,30,30
CS-0,conversion_rate,topology,B_factor_U,1.2422161515246238e-07,-1.0951449888488994e-07,1.1921040118450825e-07,3.675498960714669e-07,4.770643949563568e-07,1000,2.5th-97.5th percentile range from distinct-pair replication-block bootstrap,30,30
CS-0,conversion_rate,topology,q_proportion,3.0297881184146675e-05,-2.6685789418544432e-05,2.9061763499023483e-05,9.006664749534684e-05,0.00011675243691389127,1000,2.5th-97.5th percentile range from distinct-pair replication-block bootstrap,30,30
CS-0,conversion_rate,topology,rho_proportion,0.04358900357781774,-0.0363308768791191,0.04270807553842684,0.17621295454472774,0.21254383142384684,1000,2.5th-97.5th percentile range from distinct-pair replication-block bootstrap,30,30
CS-0,conversion_rate,topology,tau_proportion,0.019923959299180356,0.01915911459909758,0.019924419003993582,0.020761715612695547,0.0016026010135979686,1000,2.5th-97.5th percentile range from distinct-pair replication-block bootstrap,30,30
CS-0,conversion_rate,message_condition,B_total_U,8.16884319181745e-05,7.866044236003914e-05,8.176178797910706e-05,8.492566217877724e-05,6.265219818738104e-06,1000,2.5th-97.5th percentile range from distinct-pair replication-block bootstrap,30,30
CS-0,conversion_rate,message_condition,B_factor_U,8.111258193356772e-05,7.8073311022002e-05,8.115026699795397e-05,8.436947677245865e-05,6.2961657504566495e-06,1000,2.5th-97.5th percentile range from distinct-pair replication-block bootstrap,30,30
CS-0,conversion_rate,message_condition,q_proportion,0.01978350842521534,0.018993521221978883,0.019783986326277696,0.020605145175956234,0.0016116239539773515,1000,2.5th-97.5th percentile range from distinct-pair replication-block bootstrap,30,30
CS-0,conversion_rate,message_condition,rho_proportion,0.11543149555722551,0.11099930201550857,0.11549927672742782,0.12062705847259789,0.009627756457089312,1000,2.5th-97.5th percentile range from distinct-pair replication-block bootstrap,30,30
CS-0,conversion_rate,message_condition,tau_proportion,0.019923959299180356,0.01915911459909758,0.019924419003993582,0.020761715612695547,0.0016026010135979686,1000,2.5th-97.5th percentile range from distinct-pair replication-block bootstrap,30,30
CS-0,conversion_rate,inoculation,B_total_U,8.16884319181745e-05,7.866044236003914e-05,8.176178797910706e-05,8.492566217877724e-05,6.265219818738104e-06,1000,2.5th-97.5th percentile range from distinct-pair replication-block bootstrap,30,30
CS-0,conversion_rate,inoculation,B_factor_U,3.0558850400218937e-07,6.768644103785884e-08,2.9676742705957825e-07,5.634837208792818e-07,4.95797279841423e-07,1000,2.5th-97.5th percentile range from distinct-pair replication-block bootstrap,30,30
CS-0,conversion_rate,inoculation,q_proportion,7.453360008349509e-05,1.6436343279491834e-05,7.227451836119496e-05,0.0001382395770321756,0.00012180323375268378,1000,2.5th-97.5th percentile range from distinct-pair replication-block bootstrap,30,30
CS-0,conversion_rate,inoculation,rho_proportion,0.09549213005779558,0.021986516270355944,0.09375628820883555,0.18305530184196922,0.16106878557161328,1000,2.5th-97.5th percentile range from distinct-pair replication-block bootstrap,30,30
CS-0,conversion_rate,inoculation,tau_proportion,0.019923959299180356,0.01915911459909758,0.019924419003993582,0.020761715612695547,0.0016026010135979686,1000,2.5th-97.5th percentile range from distinct-pair replication-block bootstrap,30,30
CS-0,conversion_rate,seeding_regime,B_total_U,8.16884319181745e-05,7.866044236003914e-05,8.176178797910706e-05,8.492566217877724e-05,6.265219818738104e-06,1000,2.5th-97.5th percentile range from distinct-pair replication-block bootstrap,30,30
CS-0,conversion_rate,seeding_regime,B_factor_U,1.4603986545217985e-07,-1.1065020906545061e-07,1.352692754556036e-07,4.4632564920922004e-07,5.569758582746707e-07,1000,2.5th-97.5th percentile range from distinct-pair replication-block bootstrap,30,30
CS-0,conversion_rate,seeding_regime,q_proportion,3.561939269738439e-05,-2.6890843730118563e-05,3.282386735449798e-05,0.00010842210413760361,0.00013531294786772217,1000,2.5th-97.5th percentile range from distinct-pair replication-block bootstrap,30,30
CS-0,conversion_rate,seeding_regime,rho_proportion,4.306347613322673e-05,-3.2526515551904776e-05,3.9706700397527535e-05,0.00013135488299278545,0.00016388139854469022,1000,2.5th-97.5th percentile range from distinct-pair replication-block bootstrap,30,30
CS-0,conversion_rate,seeding_regime,tau_proportion,0.019923959299180356,0.01915911459909758,0.019924419003993582,0.020761715612695547,0.0016026010135979686,1000,2.5th-97.5th percentile range from distinct-pair replication-block bootstrap,30,30
CS-15,conversion_rate,topology,B_total_U,0.00011225265603209159,0.00010791575947245473,0.00011231015500270415,0.00011650384598181704,8.588086509362302e-06,1000,2.5th-97.5th percentile range from distinct-pair replication-block bootstrap,30,30
CS-15,conversion_rate,topology,B_factor_U,8.692007609285407e-08,-1.3922182656874584e-07,8.827130011486717e-08,3.3679184573882926e-07,4.760136723075751e-07,1000,2.5th-97.5th percentile range from distinct-pair replication-block bootstrap,30,30
CS-15,conversion_rate,topology,q_proportion,2.1199966968277488e-05,-3.376824181722839e-05,2.159169063723655e-05,8.164516427234514e-05,0.00011541340608957354,1000,2.5th-97.5th percentile range from distinct-pair replication-block bootstrap,30,30
CS-15,conversion_rate,topology,rho_proportion,0.030500001977477938,-0.04488467832334877,0.03059083691614546,0.14477275845504844,0.18965743677839722,1000,2.5th-97.5th percentile range from distinct-pair replication-block bootstrap,30,30
CS-15,conversion_rate,topology,tau_proportion,0.02737862996621792,0.026299645528982604,0.027398814783605247,0.02845008850474443,0.0021504429757618244,1000,2.5th-97.5th percentile range from distinct-pair replication-block bootstrap,30,30
CS-15,conversion_rate,message_condition,B_total_U,0.00011225265603209159,0.00010791575947245473,0.00011231015500270415,0.00011650384598181704,8.588086509362302e-06,1000,2.5th-97.5th percentile range from distinct-pair replication-block bootstrap,30,30
CS-15,conversion_rate,message_condition,B_factor_U,8.147606973929361e-05,7.822303723106669e-05,8.150373239830202e-05,8.453521501557035e-05,6.312177784503661e-06,1000,2.5th-97.5th percentile range from distinct-pair replication-block bootstrap,30,30
CS-15,conversion_rate,message_condition,q_proportion,0.019872163771841228,0.019079823898075044,0.0198697009976799,0.020649747514006816,0.0015699236159317717,1000,2.5th-97.5th percentile range from distinct-pair replication-block bootstrap,30,30
CS-15,conversion_rate,message_condition,rho_proportion,0.11594877586111373,0.1109483050671771,0.11595412224654292,0.12094500626385121,0.009996701196674118,1000,2.5th-97.5th percentile range from distinct-pair replication-block bootstrap,30,30
CS-15,conversion_rate,message_condition,tau_proportion,0.02737862996621792,0.026299645528982604,0.027398814783605247,0.02845008850474443,0.0021504429757618244,1000,2.5th-97.5th percentile range from distinct-pair replication-block bootstrap,30,30
CS-15,conversion_rate,inoculation,B_total_U,0.00011225265603209159,0.00010791575947245473,0.00011231015500270415,0.00011650384598181704,8.588086509362302e-06,1000,2.5th-97.5th percentile range from distinct-pair replication-block bootstrap,30,30
CS-15,conversion_rate,inoculation,B_factor_U,2.0127578218305791e-07,-6.01936542162619e-09,1.9374877382034907e-07,4.1853398706169294e-07,4.2455335248331913e-07,1000,2.5th-97.5th percentile range from distinct-pair replication-block bootstrap,30,30
CS-15,conversion_rate,inoculation,q_proportion,4.9091534724805045e-05,-1.4701243644839847e-06,4.713636342741848e-05,0.0001027639788802361,0.00010423410324472008,1000,2.5th-97.5th percentile range from distinct-pair replication-block bootstrap,30,30
CS-15,conversion_rate,inoculation,rho_proportion,0.0628958645956505,-0.002290202467733449,0.059432745822303276,0.13758480938162312,0.13987501184935658,1000,2.5th-97.5th percentile range from distinct-pair replication-block bootstrap,30,30
CS-15,conversion_rate,inoculation,tau_proportion,0.02737862996621792,0.026299645528982604,0.027398814783605247,0.02845008850474443,0.0021504429757618244,1000,2.5th-97.5th percentile range from distinct-pair replication-block bootstrap,30,30
CS-15,conversion_rate,seeding_regime,B_total_U,0.00011225265603209159,0.00010791575947245473,0.00011231015500270415,0.00011650384598181704,8.588086509362302e-06,1000,2.5th-97.5th percentile range from distinct-pair replication-block bootstrap,30,30
CS-15,conversion_rate,seeding_regime,B_factor_U,3.0488390434522132e-05,2.8456874592659504e-05,3.048954007223855e-05,3.248677502375967e-05,4.029900431100163e-06,1000,2.5th-97.5th percentile range from distinct-pair replication-block bootstrap,30,30
CS-15,conversion_rate,seeding_regime,q_proportion,0.007436174692683626,0.006954172645540446,0.007441183945014815,0.007912517921564794,0.0009583452760243477,1000,2.5th-97.5th percentile range from distinct-pair replication-block bootstrap,30,30
CS-15,conversion_rate,seeding_regime,rho_proportion,0.008990258035039462,0.008417360274088834,0.008992820702889877,0.009570413075578144,0.0011530528014893106,1000,2.5th-97.5th percentile range from distinct-pair replication-block bootstrap,30,30
CS-15,conversion_rate,seeding_regime,tau_proportion,0.02737862996621792,0.026299645528982604,0.027398814783605247,0.02845008850474443,0.0021504429757618244,1000,2.5th-97.5th percentile range from distinct-pair replication-block bootstrap,30,30
CS-30,conversion_rate,topology,B_total_U,0.00021860685251447667,0.00021285548785770345,0.00021853048077877856,0.00022462776673131223,1.1772278873608784e-05,1000,2.5th-97.5th percentile range from distinct-pair replication-block bootstrap,30,30
CS-30,conversion_rate,topology,B_factor_U,1.237834791945985e-07,-1.1411771160168334e-07,1.2476271289995954e-07,3.7638706511561745e-07,4.905047767173008e-07,1000,2.5th-97.5th percentile range from distinct-pair replication-block bootstrap,30,30
CS-30,conversion_rate,topology,q_proportion,3.0191019015452688e-05,-2.788195267615606e-05,3.0458485587571206e-05,9.235224111569017e-05,0.00012023419379184623,1000,2.5th-97.5th percentile range from distinct-pair replication-block bootstrap,30,30
CS-30,conversion_rate,topology,rho_proportion,0.043435262944100654,-0.05012517689161151,0.042459297071243574,0.12431362688129242,0.17443880377290394,1000,2.5th-97.5th percentile range from distinct-pair replication-block bootstrap,30,30
CS-30,conversion_rate,topology,tau_proportion,0.05331861476277544,0.051903692582515204,0.05331351775704854,0.05475627547353907,0.002852582891023865,1000,2.5th-97.5th percentile range from distinct-pair replication-block bootstrap,30,30
CS-30,conversion_rate,message_condition,B_total_U,0.00021860685251447667,0.00021285548785770345,0.00021853048077877856,0.00022462776673131223,1.1772278873608784e-05,1000,2.5th-97.5th percentile range from distinct-pair replication-block bootstrap,30,30
CS-30,conversion_rate,message_condition,B_factor_U,8.833170835418331e-05,8.570961951483523e-05,8.828155571173779e-05,9.098496676776283e-05,5.2753472529276044e-06,1000,2.5th-97.5th percentile range from distinct-pair replication-block bootstrap,30,30
CS-30,conversion_rate,message_condition,q_proportion,0.02154426668195428,0.02082565451534371,0.021525494217335857,0.02221976789286912,0.0013941133775254091,1000,2.5th-97.5th percentile range from distinct-pair replication-block bootstrap,30,30
CS-30,conversion_rate,message_condition,rho_proportion,0.12570505040511376,0.12172466739777775,0.12569605021085978,0.12975105665656922,0.00802638925879147,1000,2.5th-97.5th percentile range from distinct-pair replication-block bootstrap,30,30
CS-30,conversion_rate,message_condition,tau_proportion,0.05331861476277544,0.051903692582515204,0.05331351775704854,0.05475627547353907,0.002852582891023865,1000,2.5th-97.5th percentile range from distinct-pair replication-block bootstrap,30,30
CS-30,conversion_rate,inoculation,B_total_U,0.00021860685251447667,0.00021285548785770345,0.00021853048077877856,0.00022462776673131223,1.1772278873608784e-05,1000,2.5th-97.5th percentile range from distinct-pair replication-block bootstrap,30,30
CS-30,conversion_rate,inoculation,B_factor_U,4.2505279725831693e-07,1.1070415849279869e-07,4.0670510890256184e-07,7.909629357009983e-07,6.802587772081996e-07,1000,2.5th-97.5th percentile range from distinct-pair replication-block bootstrap,30,30
CS-30,conversion_rate,inoculation,q_proportion,0.00010367116167758502,2.696036431289509e-05,9.919852745985948e-05,0.00019298226802618067,0.00016602190371328558,1000,2.5th-97.5th percentile range from distinct-pair replication-block bootstrap,30,30
CS-30,conversion_rate,inoculation,rho_proportion,0.1328230495114771,0.038163719710379615,0.1292509519469504,0.261695054168021,0.2235313344576414,1000,2.5th-97.5th percentile range from distinct-pair replication-block bootstrap,30,30
CS-30,conversion_rate,inoculation,tau_proportion,0.05331861476277544,0.051903692582515204,0.05331351775704854,0.05475627547353907,0.002852582891023865,1000,2.5th-97.5th percentile range from distinct-pair replication-block bootstrap,30,30
CS-30,conversion_rate,seeding_regime,B_total_U,0.00021860685251447667,0.00021285548785770345,0.00021853048077877856,0.00022462776673131223,1.1772278873608784e-05,1000,2.5th-97.5th percentile range from distinct-pair replication-block bootstrap,30,30
CS-30,conversion_rate,seeding_regime,B_factor_U,0.0001297263078838405,0.0001255429260562127,0.00012984056993975627,0.0001339854623001893,8.442536243976603e-06,1000,2.5th-97.5th percentile range from distinct-pair replication-block bootstrap,30,30
CS-30,conversion_rate,seeding_regime,q_proportion,0.03164048590012814,0.030568278768886608,0.031648958477003095,0.032630069384507625,0.002061790615621017,1000,2.5th-97.5th percentile range from distinct-pair replication-block bootstrap,30,30
CS-30,conversion_rate,seeding_regime,rho_proportion,0.03825301910618819,0.03694863549528486,0.038256131827171413,0.03944492414467423,0.002496288649389368,1000,2.5th-97.5th percentile range from distinct-pair replication-block bootstrap,30,30
CS-30,conversion_rate,seeding_regime,tau_proportion,0.05331861476277544,0.051903692582515204,0.05331351775704854,0.05475627547353907,0.002852582891023865,1000,2.5th-97.5th percentile range from distinct-pair replication-block bootstrap,30,30
CS-45,conversion_rate,topology,B_total_U,0.00040822548879180647,0.0003999229456013022,0.00040810169543073726,0.00041744884592182787,1.7525900320525657e-05,1000,2.5th-97.5th percentile range from distinct-pair replication-block bootstrap,30,30
CS-45,conversion_rate,topology,B_factor_U,1.1605661519427403e-07,-1.3341945952941275e-07,1.23706019880816e-07,3.6978583002858926e-07,5.03205289558002e-07,1000,2.5th-97.5th percentile range from distinct-pair replication-block bootstrap,30,30
CS-45,conversion_rate,topology,q_proportion,2.830642262600339e-05,-3.2636595601238573e-05,3.0176173086250794e-05,9.065889375167792e-05,0.0001232954893529165,1000,2.5th-97.5th percentile range from distinct-pair replication-block bootstrap,30,30
CS-45,conversion_rate,topology,rho_proportion,0.040723928832544644,-0.044916802078162524,0.04434080334683485,0.16113827744415066,0.20605507952231317,1000,2.5th-97.5th percentile range from distinct-pair replication-block bootstrap,30,30
CS-45,conversion_rate,topology,tau_proportion,0.09956695008814802,0.09763670258854647,0.09950999766718992,0.10167554205437264,0.004038839465826172,1000,2.5th-97.5th percentile range from distinct-pair replication-block bootstrap,30,30
CS-45,conversion_rate,message_condition,B_total_U,0.00040822548879180647,0.0003999229456013022,0.00040810169543073726,0.00041744884592182787,1.7525900320525657e-05,1000,2.5th-97.5th percentile range from distinct-pair replication-block bootstrap,30,30
CS-45,conversion_rate,message_condition,B_factor_U,9.911691912805351e-05,9.648283565341675e-05,9.903053413921817e-05,0.00010213794988952771,5.655114236110967e-06,1000,2.5th-97.5th percentile range from distinct-pair replication-block bootstrap,30,30
CS-45,conversion_rate,message_condition,q_proportion,0.024174799493588077,0.02357012700296844,0.02416606914005936,0.024860903343025743,0.0012907763400573022,1000,2.5th-97.5th percentile range from distinct-pair replication-block bootstrap,30,30
CS-45,conversion_rate,message_condition,rho_proportion,0.1410535078188769,0.13702809060003507,0.1409680518894711,0.14530114529136462,0.008273054691329551,1000,2.5th-97.5th percentile range from distinct-pair replication-block bootstrap,30,30
CS-45,conversion_rate,message_condition,tau_proportion,0.09956695008814802,0.09763670258854647,0.09950999766718992,0.10167554205437264,0.004038839465826172,1000,2.5th-97.5th percentile range from distinct-pair replication-block bootstrap,30,30
CS-45,conversion_rate,inoculation,B_total_U,0.00040822548879180647,0.0003999229456013022,0.00040810169543073726,0.00041744884592182787,1.7525900320525657e-05,1000,2.5th-97.5th percentile range from distinct-pair replication-block bootstrap,30,30
CS-45,conversion_rate,inoculation,B_factor_U,3.7810656477099863e-07,8.41422941402557e-08,3.706759604884979e-07,6.922479661507788e-07,6.081056720105231e-07,1000,2.5th-97.5th percentile range from distinct-pair replication-block bootstrap,30,30
CS-45,conversion_rate,inoculation,q_proportion,9.222088893561204e-05,2.054990484995996e-05,9.040028484942386e-05,0.0001693754613185181,0.00014882555646855813,1000,2.5th-97.5th percentile range from distinct-pair replication-block bootstrap,30,30
CS-45,conversion_rate,inoculation,rho_proportion,0.11815300898413322,0.02909971787611004,0.1148491157216937,0.236441598700984,0.20734188082487395,1000,2.5th-97.5th percentile range from distinct-pair replication-block bootstrap,30,30
CS-45,conversion_rate,inoculation,tau_proportion,0.09956695008814802,0.09763670258854647,0.09950999766718992,0.10167554205437264,0.004038839465826172,1000,2.5th-97.5th percentile range from distinct-pair replication-block bootstrap,30,30
CS-45,conversion_rate,seeding_regime,B_total_U,0.00040822548879180647,0.0003999229456013022,0.00040810169543073726,0.00041744884592182787,1.7525900320525657e-05,1000,2.5th-97.5th percentile range from distinct-pair replication-block bootstrap,30,30
CS-45,conversion_rate,seeding_regime,B_factor_U,0.0003086144064837878,0.0003019807685522893,0.0003086166998974148,0.00031576594246011106,1.3785173907821782e-05,1000,2.5th-97.5th percentile range from distinct-pair replication-block bootstrap,30,30
CS-45,conversion_rate,seeding_regime,q_proportion,0.07527162328299836,0.07370885305539221,0.07524046788540256,0.07691320940392089,0.0032043563485286836,1000,2.5th-97.5th percentile range from distinct-pair replication-block bootstrap,30,30
CS-45,conversion_rate,seeding_regime,rho_proportion,0.0910026114228124,0.08913565353117574,0.09095578040769321,0.0929983010889091,0.0038626475577333563,1000,2.5th-97.5th percentile range from distinct-pair replication-block bootstrap,30,30
CS-45,conversion_rate,seeding_regime,tau_proportion,0.09956695008814802,0.09763670258854647,0.09950999766718992,0.10167554205437264,0.004038839465826172,1000,2.5th-97.5th percentile range from distinct-pair replication-block bootstrap,30,30
CS-45-R,conversion_rate,topology,B_total_U,0.00046329378672945696,0.00045643252603024014,0.0004632194592141958,0.0004712036492336523,1.4771123203412165e-05,1000,2.5th-97.5th percentile range from distinct-pair replication-block bootstrap,30,30
CS-45-R,conversion_rate,topology,B_factor_U,4.4467608295246595e-07,1.496884030805238e-07,4.486716702371875e-07,7.573861207464859e-07,6.076977176659621e-07,1000,2.5th-97.5th percentile range from distinct-pair replication-block bootstrap,30,30
CS-45-R,conversion_rate,topology,q_proportion,0.00010845731727276211,3.6540769486323705e-05,0.00010935435618178622,0.00018502838933892344,0.00014848761985259974,1000,2.5th-97.5th percentile range from distinct-pair replication-block bootstrap,30,30
CS-45-R,conversion_rate,topology,rho_proportion,0.15603554459500035,0.0469991964079673,0.1575966638660552,0.3558946944714124,0.30889549806344513,1000,2.5th-97.5th percentile range from distinct-pair replication-block bootstrap,30,30
CS-45-R,conversion_rate,topology,tau_proportion,0.1129982095825634,0.11047327952811475,0.11295097124844568,0.11578319072607639,0.005309911197961634,1000,2.5th-97.5th percentile range from distinct-pair replication-block bootstrap,30,30
CS-45-R,conversion_rate,message_condition,B_total_U,0.00046329378672945696,0.00045643252603024014,0.0004632194592141958,0.0004712036492336523,1.4771123203412165e-05,1000,2.5th-97.5th percentile range from distinct-pair replication-block bootstrap,30,30
CS-45-R,conversion_rate,message_condition,B_factor_U,0.0001106902617232793,0.0001075073262760245,0.00011067595919677085,0.00011428354159815242,6.77621532212793e-06,1000,2.5th-97.5th percentile range from distinct-pair replication-block bootstrap,30,30
CS-45-R,conversion_rate,message_condition,q_proportion,0.026997559110931726,0.02607624905067134,0.026990978860362926,0.028023094869246104,0.0019468458185747627,1000,2.5th-97.5th percentile range from distinct-pair replication-block bootstrap,30,30
CS-45-R,conversion_rate,message_condition,rho_proportion,0.1575235573786012,0.15143904517860454,0.1575806056330832,0.16437523814518973,0.012936192966585186,1000,2.5th-97.5th percentile range from distinct-pair replication-block bootstrap,30,30
CS-45-R,conversion_rate,message_condition,tau_proportion,0.1129982095825634,0.11047327952811475,0.11295097124844568,0.11578319072607639,0.005309911197961634,1000,2.5th-97.5th percentile range from distinct-pair replication-block bootstrap,30,30
CS-45-R,conversion_rate,inoculation,B_total_U,0.00046329378672945696,0.00045643252603024014,0.0004632194592141958,0.0004712036492336523,1.4771123203412165e-05,1000,2.5th-97.5th percentile range from distinct-pair replication-block bootstrap,30,30
CS-45-R,conversion_rate,inoculation,B_factor_U,8.994937633674709e-07,4.830323966131856e-07,8.867308527895428e-07,1.3439243525217943e-06,8.608919559086087e-07,1000,2.5th-97.5th percentile range from distinct-pair replication-block bootstrap,30,30
CS-45-R,conversion_rate,inoculation,q_proportion,0.00021938818888274906,0.0001190000345593938,0.0002170313275331393,0.00033082563030594527,0.00021182559574655147,1000,2.5th-97.5th percentile range from distinct-pair replication-block bootstrap,30,30
CS-45-R,conversion_rate,inoculation,rho_proportion,0.28107921048315077,0.13005595097606595,0.28385661806101903,0.5499363518825063,0.4198804009064404,1000,2.5th-97.5th percentile range from distinct-pair replication-block bootstrap,30,30
CS-45-R,conversion_rate,inoculation,tau_proportion,0.1129982095825634,0.11047327952811475,0.11295097124844568,0.11578319072607639,0.005309911197961634,1000,2.5th-97.5th percentile range from distinct-pair replication-block bootstrap,30,30
CS-45-R,conversion_rate,seeding_regime,B_total_U,0.00046329378672945696,0.00045643252603024014,0.0004632194592141958,0.0004712036492336523,1.4771123203412165e-05,1000,2.5th-97.5th percentile range from distinct-pair replication-block bootstrap,30,30
CS-45-R,conversion_rate,seeding_regime,B_factor_U,0.00035125935515985783,0.0003450139019961397,0.0003511646259426921,0.0003576533651500358,1.2639463153896093e-05,1000,2.5th-97.5th percentile range from distinct-pair replication-block bootstrap,30,30
CS-45-R,conversion_rate,seeding_regime,q_proportion,0.08567280496547619,0.08353812946260594,0.08564532514051187,0.08786948336599394,0.004331353903387999,1000,2.5th-97.5th percentile range from distinct-pair replication-block bootstrap,30,30
CS-45-R,conversion_rate,seeding_regime,rho_proportion,0.10357753213934753,0.10100092058374044,0.1035285492952163,0.10605241306349814,0.0050514924797576966,1000,2.5th-97.5th percentile range from distinct-pair replication-block bootstrap,30,30
CS-45-R,conversion_rate,seeding_regime,tau_proportion,0.1129982095825634,0.11047327952811475,0.11295097124844568,0.11578319072607639,0.005309911197961634,1000,2.5th-97.5th percentile range from distinct-pair replication-block bootstrap,30,30
D-A95,conversion_rate,topology,B_total_U,0.0003059269692440844,0.00030033273926287265,0.0003059112540338977,0.0003113020527181072,1.096931345523453e-05,1000,2.5th-97.5th percentile range from distinct-pair replication-block bootstrap,30,30
D-A95,conversion_rate,topology,B_factor_U,8.753767488845179e-07,4.161465390405621e-07,8.61152824885449e-07,1.400045772127001e-06,9.838992330864387e-07,1000,2.5th-97.5th percentile range from distinct-pair replication-block bootstrap,30,30
D-A95,conversion_rate,topology,q_proportion,0.00021350600454289774,0.0001015069976699598,0.00020996507760450312,0.000342472474570746,0.00024096547690078622,1000,2.5th-97.5th percentile range from distinct-pair replication-block bootstrap,30,30
D-A95,conversion_rate,topology,rho_proportion,0.30716715599160643,0.12398380747971342,0.30806724512054695,0.6307047464583763,0.5067209389786629,1000,2.5th-97.5th percentile range from distinct-pair replication-block bootstrap,30,30
D-A95,conversion_rate,topology,tau_proportion,0.074616152380624,0.0730075227563387,0.07455712151464068,0.07618911045184505,0.0031815876955063466,1000,2.5th-97.5th percentile range from distinct-pair replication-block bootstrap,30,30
D-A95,conversion_rate,message_condition,B_total_U,0.0003059269692440844,0.00030033273926287265,0.0003059112540338977,0.0003113020527181072,1.096931345523453e-05,1000,2.5th-97.5th percentile range from distinct-pair replication-block bootstrap,30,30
D-A95,conversion_rate,message_condition,B_factor_U,0.00030163589417996485,0.00029568856482906574,0.0003016624357759011,0.0003072889480909329,1.1600383261867186e-05,1000,2.5th-97.5th percentile range from distinct-pair replication-block bootstrap,30,30
D-A95,conversion_rate,message_condition,q_proportion,0.0735695512533936,0.07192641420895975,0.07353011837294574,0.07515032792072021,0.003223913711760465,1000,2.5th-97.5th percentile range from distinct-pair replication-block bootstrap,30,30
D-A95,conversion_rate,message_condition,rho_proportion,0.42925871115101466,0.4169525066984041,0.4289649539075623,0.44111692223569565,0.02416441553729154,1000,2.5th-97.5th percentile range from distinct-pair replication-block bootstrap,30,30
D-A95,conversion_rate,message_condition,tau_proportion,0.074616152380624,0.0730075227563387,0.07455712151464068,0.07618911045184505,0.0031815876955063466,1000,2.5th-97.5th percentile range from distinct-pair replication-block bootstrap,30,30
D-A95,conversion_rate,inoculation,B_total_U,0.0003059269692440844,0.00030033273926287265,0.0003059112540338977,0.0003113020527181072,1.096931345523453e-05,1000,2.5th-97.5th percentile range from distinct-pair replication-block bootstrap,30,30
D-A95,conversion_rate,inoculation,B_factor_U,1.7386100558559197e-06,1.1176726379987425e-06,1.7378506476771746e-06,2.3194975673373658e-06,1.2018249293386232e-06,1000,2.5th-97.5th percentile range from distinct-pair replication-block bootstrap,30,30
D-A95,conversion_rate,inoculation,q_proportion,0.00042405020119271167,0.00027213166575717595,0.0004243941469766791,0.0005656253093052789,0.00029349364354810297,1000,2.5th-97.5th percentile range from distinct-pair replication-block bootstrap,30,30
D-A95,conversion_rate,inoculation,rho_proportion,0.5432913064438945,0.2954054445409655,0.5454783187622857,0.9419872290083334,0.6465817844673679,1000,2.5th-97.5th percentile range from distinct-pair replication-block bootstrap,30,30
D-A95,conversion_rate,inoculation,tau_proportion,0.074616152380624,0.0730075227563387,0.07455712151464068,0.07618911045184505,0.0031815876955063466,1000,2.5th-97.5th percentile range from distinct-pair replication-block bootstrap,30,30
D-A95,conversion_rate,seeding_regime,B_total_U,0.0003059269692440844,0.00030033273926287265,0.0003059112540338977,0.0003113020527181072,1.096931345523453e-05,1000,2.5th-97.5th percentile range from distinct-pair replication-block bootstrap,30,30
D-A95,conversion_rate,seeding_regime,B_factor_U,1.6770882593794384e-06,1.0102219045119754e-06,1.6465917769581036e-06,2.446405769155659e-06,1.4361838646436834e-06,1000,2.5th-97.5th percentile range from distinct-pair replication-block bootstrap,30,30
D-A95,conversion_rate,seeding_regime,q_proportion,0.0004090449214948753,0.00024618783049974654,0.0004016240120058394,0.0006033138642851697,0.0003571260337854231,1000,2.5th-97.5th percentile range from distinct-pair replication-block bootstrap,30,30
D-A95,conversion_rate,seeding_regime,rho_proportion,0.0004945310652504658,0.0002976486897360352,0.000484989669494186,0.0007283969499795869,0.00043074826024355176,1000,2.5th-97.5th percentile range from distinct-pair replication-block bootstrap,30,30
D-A95,conversion_rate,seeding_regime,tau_proportion,0.074616152380624,0.0730075227563387,0.07455712151464068,0.07618911045184505,0.0031815876955063466,1000,2.5th-97.5th percentile range from distinct-pair replication-block bootstrap,30,30
E-S,conversion_rate,topology,B_total_U,0.003164700883491549,0.0031320763875793624,0.0031648779589676414,0.003198809259424246,6.673287184488352e-05,1000,2.5th-97.5th percentile range from distinct-pair replication-block bootstrap,30,30
E-S,conversion_rate,topology,B_factor_U,1.3097220377879813e-06,5.224476273015707e-07,1.3049365443830709e-06,2.1288242059880935e-06,1.6063765786865227e-06,1000,2.5th-97.5th percentile range from distinct-pair replication-block bootstrap,30,30
E-S,conversion_rate,topology,q_proportion,0.00031944362208183807,0.00012818478796592367,0.00031879834810002235,0.0005193321261303845,0.00039114733816446084,1000,2.5th-97.5th percentile range from distinct-pair replication-block bootstrap,30,30
E-S,conversion_rate,topology,rho_proportion,0.45957765499199765,0.20656577183649363,0.45883384772730007,0.7986416074450303,0.5920758356085367,1000,2.5th-97.5th percentile range from distinct-pair replication-block bootstrap,30,30
E-S,conversion_rate,topology,tau_proportion,0.7718763858746229,0.7639120051186857,0.7716991161357152,0.7806762981100231,0.016764292991337415,1000,2.5th-97.5th percentile range from distinct-pair replication-block bootstrap,30,30
E-S,conversion_rate,message_condition,B_total_U,0.003164700883491549,0.0031320763875793624,0.0031648779589676414,0.003198809259424246,6.673287184488352e-05,1000,2.5th-97.5th percentile range from distinct-pair replication-block bootstrap,30,30
E-S,conversion_rate,message_condition,B_factor_U,0.00011016934490728967,0.00010473719877155626,0.00011000531297375664,0.00011608015518910561,1.1342956417549353e-05,1000,2.5th-97.5th percentile range from distinct-pair replication-block bootstrap,30,30
E-S,conversion_rate,message_condition,q_proportion,0.026870506538170476,0.025434682364434733,0.02683192054664132,0.028439571885990098,0.003004889521555365,1000,2.5th-97.5th percentile range from distinct-pair replication-block bootstrap,30,30
E-S,conversion_rate,message_condition,rho_proportion,0.1567822395004471,0.14855958676625808,0.15657507278182486,0.16563370565671556,0.017074118890457485,1000,2.5th-97.5th percentile range from distinct-pair replication-block bootstrap,30,30
E-S,conversion_rate,message_condition,tau_proportion,0.7718763858746229,0.7639120051186857,0.7716991161357152,0.7806762981100231,0.016764292991337415,1000,2.5th-97.5th percentile range from distinct-pair replication-block bootstrap,30,30
E-S,conversion_rate,inoculation,B_total_U,0.003164700883491549,0.0031320763875793624,0.0031648779589676414,0.003198809259424246,6.673287184488352e-05,1000,2.5th-97.5th percentile range from distinct-pair replication-block bootstrap,30,30
E-S,conversion_rate,inoculation,B_factor_U,3.8124856907052666e-06,2.678921300247944e-06,3.7669089694289787e-06,5.15638607011554e-06,2.4774647698675964e-06,1000,2.5th-97.5th percentile range from distinct-pair replication-block bootstrap,30,30
E-S,conversion_rate,inoculation,q_proportion,0.0009298722958277189,0.0006506131818041754,0.000918774580988113,0.0012597212911466002,0.0006091081093424248,1000,2.5th-97.5th percentile range from distinct-pair replication-block bootstrap,30,30
E-S,conversion_rate,inoculation,rho_proportion,1.1913484134786159,0.8574809448937499,1.2047823959346382,1.6607978757264832,0.8033169308327333,1000,2.5th-97.5th percentile range from distinct-pair replication-block bootstrap,30,30
E-S,conversion_rate,inoculation,tau_proportion,0.7718763858746229,0.7639120051186857,0.7716991161357152,0.7806762981100231,0.016764292991337415,1000,2.5th-97.5th percentile range from distinct-pair replication-block bootstrap,30,30
E-S,conversion_rate,seeding_regime,B_total_U,0.003164700883491549,0.0031320763875793624,0.0031648779589676414,0.003198809259424246,6.673287184488352e-05,1000,2.5th-97.5th percentile range from distinct-pair replication-block bootstrap,30,30
E-S,conversion_rate,seeding_regime,B_factor_U,0.0030494093308557667,0.0030174158130606824,0.003049454706511033,0.0030822951842711995,6.487937121051708e-05,1000,2.5th-97.5th percentile range from distinct-pair replication-block bootstrap,30,30
E-S,conversion_rate,seeding_regime,q_proportion,0.7437565634185431,0.7364784685200482,0.7434765113473467,0.7523295668118688,0.01585109829182063,1000,2.5th-97.5th percentile range from distinct-pair replication-block bootstrap,30,30
E-S,conversion_rate,seeding_regime,rho_proportion,0.8991939668880741,0.8907270400315611,0.8989659911937764,0.9084534189587696,0.01772637892720852,1000,2.5th-97.5th percentile range from distinct-pair replication-block bootstrap,30,30
E-S,conversion_rate,seeding_regime,tau_proportion,0.7718763858746229,0.7639120051186857,0.7716991161357152,0.7806762981100231,0.016764292991337415,1000,2.5th-97.5th percentile range from distinct-pair replication-block bootstrap,30,30
E-SD,conversion_rate,topology,B_total_U,5.1258821906304166e-08,1.3095595991695532e-08,5.1019189309826546e-08,9.200904016363023e-08,7.89134441719347e-08,1000,2.5th-97.5th percentile range from distinct-pair replication-block bootstrap,60,30
E-SD,conversion_rate,topology,B_factor_U,-1.640032620546504e-09,-1.383490327178317e-08,-1.8528576197781625e-09,1.105638977436849e-08,2.489129304615166e-08,1000,2.5th-97.5th percentile range from distinct-pair replication-block bootstrap,60,30
E-SD,conversion_rate,topology,q_proportion,-4.000069827980958e-07,-3.3734187738599197e-06,-4.538429458952663e-07,2.694775894934536e-06,6.068194668794456e-06,1000,2.5th-97.5th percentile range from distinct-pair replication-block bootstrap,60,30
E-SD,conversion_rate,topology,rho_proportion,-0.0005754826780910867,-0.005030655275563554,-0.0006624584610452032,0.004702065846305107,0.00973272112186866,1000,2.5th-97.5th percentile range from distinct-pair replication-block bootstrap,60,30
E-SD,conversion_rate,topology,tau_proportion,1.2502121260059575e-05,3.2234857780516876e-06,1.247160599799876e-05,2.2477054765994855e-05,1.9253568987943167e-05,1000,2.5th-97.5th percentile range from distinct-pair replication-block bootstrap,60,30
E-SD,conversion_rate,message_condition,B_total_U,5.1258821906304166e-08,1.3095595991695532e-08,5.1019189309826546e-08,9.200904016363023e-08,7.89134441719347e-08,1000,2.5th-97.5th percentile range from distinct-pair replication-block bootstrap,60,30
E-SD,conversion_rate,message_condition,B_factor_U,5.544227982713967e-08,3.028239202416155e-08,5.500554810762808e-08,8.662463027700335e-08,5.63422382528418e-08,1000,2.5th-97.5th percentile range from distinct-pair replication-block bootstrap,60,30
E-SD,conversion_rate,message_condition,q_proportion,1.3522474367437755e-05,7.348679425716093e-06,1.3440159651315187e-05,2.1138474456911215e-05,1.3789795031195122e-05,1000,2.5th-97.5th percentile range from distinct-pair replication-block bootstrap,60,30
E-SD,conversion_rate,message_condition,rho_proportion,7.890003159793921e-05,4.268456713634982e-05,7.836273901726242e-05,0.00012401448186610578,8.132991472975596e-05,1000,2.5th-97.5th percentile range from distinct-pair replication-block bootstrap,60,30
E-SD,conversion_rate,message_condition,tau_proportion,1.2502121260059575e-05,3.2234857780516876e-06,1.247160599799876e-05,2.2477054765994855e-05,1.9253568987943167e-05,1000,2.5th-97.5th percentile range from distinct-pair replication-block bootstrap,60,30
E-SD,conversion_rate,inoculation,B_total_U,5.1258821906304166e-08,1.3095595991695532e-08,5.1019189309826546e-08,9.200904016363023e-08,7.89134441719347e-08,1000,2.5th-97.5th percentile range from distinct-pair replication-block bootstrap,60,30
E-SD,conversion_rate,inoculation,B_factor_U,-6.697999607703475e-10,-1.0258978534778955e-08,-1.2791720244601526e-09,8.90743812710155e-09,1.9166416661880506e-08,1000,2.5th-97.5th percentile range from distinct-pair replication-block bootstrap,60,30
E-SD,conversion_rate,inoculation,q_proportion,-1.6336544653407549e-07,-2.505754549125712e-06,-3.125788042062167e-07,2.1982596351687294e-06,4.704014184294441e-06,1000,2.5th-97.5th percentile range from distinct-pair replication-block bootstrap,60,30
E-SD,conversion_rate,inoculation,rho_proportion,-0.00020930311228635148,-0.0036373223548839097,-0.00041929288895784325,0.0028520335753225135,0.006489355930206423,1000,2.5th-97.5th percentile range from distinct-pair replication-block bootstrap,60,30
E-SD,conversion_rate,inoculation,tau_proportion,1.2502121260059575e-05,3.2234857780516876e-06,1.247160599799876e-05,2.2477054765994855e-05,1.9253568987943167e-05,1000,2.5th-97.5th percentile range from distinct-pair replication-block bootstrap,60,30
E-SD,conversion_rate,seeding_regime,B_total_U,5.1258821906304166e-08,1.3095595991695532e-08,5.1019189309826546e-08,9.200904016363023e-08,7.89134441719347e-08,1000,2.5th-97.5th percentile range from distinct-pair replication-block bootstrap,60,30
E-SD,conversion_rate,seeding_regime,B_factor_U,-1.8736253395176675e-09,-1.1127215196750676e-08,-2.4507816648226843e-09,9.323918599709463e-09,2.045113379646014e-08,1000,2.5th-97.5th percentile range from distinct-pair replication-block bootstrap,60,30
E-SD,conversion_rate,seeding_regime,q_proportion,-4.569806780457685e-07,-2.7091918612193483e-06,-5.997207107165321e-07,2.274639703027547e-06,4.983831564246896e-06,1000,2.5th-97.5th percentile range from distinct-pair replication-block bootstrap,60,30
E-SD,conversion_rate,seeding_regime,rho_proportion,-5.524848974703268e-07,-3.2765988134483184e-06,-7.244470350512102e-07,2.7447604840756817e-06,6.021359297524e-06,1000,2.5th-97.5th percentile range from distinct-pair replication-block bootstrap,60,30
E-SD,conversion_rate,seeding_regime,tau_proportion,1.2502121260059575e-05,3.2234857780516876e-06,1.247160599799876e-05,2.2477054765994855e-05,1.9253568987943167e-05,1000,2.5th-97.5th percentile range from distinct-pair replication-block bootstrap,60,30
J-S06-D05,conversion_rate,topology,B_total_U,6.50185188167561e-09,-8.796729449514193e-09,6.161138047067059e-09,2.2871229157892388e-08,3.166795860740658e-08,1000,2.5th-97.5th percentile range from distinct-pair replication-block bootstrap,60,30
J-S06-D05,conversion_rate,topology,B_factor_U,1.0431849127389988e-10,-5.038995484550758e-09,-1.839181354124993e-10,6.300490001051471e-09,1.1339485485602229e-08,1000,2.5th-97.5th percentile range from distinct-pair replication-block bootstrap,60,30
J-S06-D05,conversion_rate,topology,q_proportion,2.5443472539355475e-08,-1.2205691488079946e-06,-4.463557807464329e-08,1.5292337659803313e-06,2.7498029147883256e-06,1000,2.5th-97.5th percentile range from distinct-pair replication-block bootstrap,60,30
J-S06-D05,conversion_rate,topology,rho_proportion,3.6605055277937554e-05,-0.0020577951695140025,-5.8355662810771606e-05,0.0021261240865842095,0.004183919256098212,1000,2.5th-97.5th percentile range from distinct-pair replication-block bootstrap,60,30
J-S06-D05,conversion_rate,topology,tau_proportion,1.5858136729759246e-06,-2.1438671776665702e-06,1.4956051605856697e-06,5.567297100867401e-06,7.71116427853397e-06,1000,2.5th-97.5th percentile range from distinct-pair replication-block bootstrap,60,30
J-S06-D05,conversion_rate,message_condition,B_total_U,6.50185188167561e-09,-8.796729449514193e-09,6.161138047067059e-09,2.2871229157892388e-08,3.166795860740658e-08,1000,2.5th-97.5th percentile range from distinct-pair replication-block bootstrap,60,30
J-S06-D05,conversion_rate,message_condition,B_factor_U,9.049123117091466e-09,1.707746394305531e-09,9.296186203916688e-09,1.696275812620095e-08,1.525501173189542e-08,1000,2.5th-97.5th percentile range from distinct-pair replication-block bootstrap,60,30
J-S06-D05,conversion_rate,message_condition,q_proportion,2.2070978282310437e-06,4.181864074439306e-07,2.2662806068450915e-06,4.115507067128925e-06,3.6973206596849945e-06,1000,2.5th-97.5th percentile range from distinct-pair replication-block bootstrap,60,30
J-S06-D05,conversion_rate,message_condition,rho_proportion,1.2877827212340912e-05,2.450439904256186e-06,1.322896171663728e-05,2.4076616147439416e-05,2.162617624318323e-05,1000,2.5th-97.5th percentile range from distinct-pair replication-block bootstrap,60,30
J-S06-D05,conversion_rate,message_condition,tau_proportion,1.5858136729759246e-06,-2.1438671776665702e-06,1.4956051605856697e-06,5.567297100867401e-06,7.71116427853397e-06,1000,2.5th-97.5th percentile range from distinct-pair replication-block bootstrap,60,30
J-S06-D05,conversion_rate,inoculation,B_total_U,6.50185188167561e-09,-8.796729449514193e-09,6.161138047067059e-09,2.2871229157892388e-08,3.166795860740658e-08,1000,2.5th-97.5th percentile range from distinct-pair replication-block bootstrap,60,30
J-S06-D05,conversion_rate,inoculation,B_factor_U,-1.2161317000662693e-09,-4.976272563593844e-09,-1.3522051485846712e-09,2.9519907199906063e-09,7.928263283584451e-09,1000,2.5th-97.5th percentile range from distinct-pair replication-block bootstrap,60,30
J-S06-D05,conversion_rate,inoculation,q_proportion,-2.966167659924501e-07,-1.213003918147592e-06,-3.2827433369102876e-07,7.229689173663461e-07,1.935972835513938e-06,1000,2.5th-97.5th percentile range from distinct-pair replication-block bootstrap,60,30
J-S06-D05,conversion_rate,inoculation,rho_proportion,-0.00038002413359536667,-0.0016279905683953277,-0.00042829105354370085,0.0010043336729639244,0.002632324241359252,1000,2.5th-97.5th percentile range from distinct-pair replication-block bootstrap,60,30
J-S06-D05,conversion_rate,inoculation,tau_proportion,1.5858136729759246e-06,-2.1438671776665702e-06,1.4956051605856697e-06,5.567297100867401e-06,7.71116427853397e-06,1000,2.5th-97.5th percentile range from distinct-pair replication-block bootstrap,60,30
J-S06-D05,conversion_rate,seeding_regime,B_total_U,6.50185188167561e-09,-8.796729449514193e-09,6.161138047067059e-09,2.2871229157892388e-08,3.166795860740658e-08,1000,2.5th-97.5th percentile range from distinct-pair replication-block bootstrap,60,30
J-S06-D05,conversion_rate,seeding_regime,B_factor_U,-1.4354580266233224e-09,-5.6396909778749836e-09,-1.6054774063083218e-09,2.9373607686361647e-09,8.577051746511148e-09,1000,2.5th-97.5th percentile range from distinct-pair replication-block bootstrap,60,30
J-S06-D05,conversion_rate,seeding_regime,q_proportion,-3.5011086180198467e-07,-1.3747527544153749e-06,-3.917579544490536e-07,7.156248855975204e-07,2.0903776400128954e-06,1000,2.5th-97.5th percentile range from distinct-pair replication-block bootstrap,60,30
J-S06-D05,conversion_rate,seeding_regime,rho_proportion,-4.232803986660993e-07,-1.6621143538505219e-06,-4.7336535628798474e-07,8.655353160165723e-07,2.5276496698670943e-06,1000,2.5th-97.5th percentile range from distinct-pair replication-block bootstrap,60,30
J-S06-D05,conversion_rate,seeding_regime,tau_proportion,1.5858136729759246e-06,-2.1438671776665702e-06,1.4956051605856697e-06,5.567297100867401e-06,7.71116427853397e-06,1000,2.5th-97.5th percentile range from distinct-pair replication-block bootstrap,60,30
J-S06-D50,conversion_rate,topology,B_total_U,9.09488634855034e-07,5.088651356732558e-07,9.12224085205243e-07,1.3439212353156413e-06,8.350560996423855e-07,1000,2.5th-97.5th percentile range from distinct-pair replication-block bootstrap,30,30
J-S06-D50,conversion_rate,topology,B_factor_U,-6.78795982401586e-09,-8.020844744681177e-08,-8.591124533262218e-09,8.154177987549557e-08,1.6175022732230732e-07,1000,2.5th-97.5th percentile range from distinct-pair replication-block bootstrap,30,30
J-S06-D50,conversion_rate,topology,q_proportion,-1.655595928119093e-06,-1.9690207101008624e-05,-2.092713006116148e-06,2.000441004614021e-05,3.969461714714883e-05,1000,2.5th-97.5th percentile range from distinct-pair replication-block bootstrap,30,30
J-S06-D50,conversion_rate,topology,rho_proportion,-0.0023818753659897596,-0.02767253035977832,-0.0026975125185480786,0.036033776562686345,0.06370630692246466,1000,2.5th-97.5th percentile range from distinct-pair replication-block bootstrap,30,30
J-S06-D50,conversion_rate,topology,tau_proportion,0.0002218259564838975,0.00012374596056537922,0.00022270556783128272,0.0003285211990300419,0.0002047752384646627,1000,2.5th-97.5th percentile range from distinct-pair replication-block bootstrap,30,30
J-S06-D50,conversion_rate,message_condition,B_total_U,9.09488634855034e-07,5.088651356732558e-07,9.12224085205243e-07,1.3439212353156413e-06,8.350560996423855e-07,1000,2.5th-97.5th percentile range from distinct-pair replication-block bootstrap,30,30
J-S06-D50,conversion_rate,message_condition,B_factor_U,9.868666719654491e-07,6.972636514802931e-07,9.82011672311003e-07,1.3239232652100622e-06,6.266596137297691e-07,1000,2.5th-97.5th percentile range from distinct-pair replication-block bootstrap,30,30
J-S06-D50,conversion_rate,message_condition,q_proportion,0.0002406986025347195,0.00016979591672607015,0.00023944305340583752,0.00032335296143459866,0.0001535570447085285,1000,2.5th-97.5th percentile range from distinct-pair replication-block bootstrap,30,30
J-S06-D50,conversion_rate,message_condition,rho_proportion,0.001404412153392577,0.000990827630362894,0.0013997794399933379,0.0018906977096730063,0.0008998700793101124,1000,2.5th-97.5th percentile range from distinct-pair replication-block bootstrap,30,30
J-S06-D50,conversion_rate,message_condition,tau_proportion,0.0002218259564838975,0.00012374596056537922,0.00022270556783128272,0.0003285211990300419,0.0002047752384646627,1000,2.5th-97.5th percentile range from distinct-pair replication-block bootstrap,30,30
J-S06-D50,conversion_rate,inoculation,B_total_U,9.09488634855034e-07,5.088651356732558e-07,9.12224085205243e-07,1.3439212353156413e-06,8.350560996423855e-07,1000,2.5th-97.5th percentile range from distinct-pair replication-block bootstrap,30,30
J-S06-D50,conversion_rate,inoculation,B_factor_U,-4.3185191287747763e-08,-1.1365105442787327e-07,-4.3763759341232345e-08,3.679832212629848e-08,1.5044937655417174e-07,1000,2.5th-97.5th percentile range from distinct-pair replication-block bootstrap,30,30
J-S06-D50,conversion_rate,inoculation,q_proportion,-1.0532947852472773e-05,-2.7777610612688005e-05,-1.0640032260006757e-05,8.984270719250684e-06,3.6761881331938686e-05,1000,2.5th-97.5th percentile range from distinct-pair replication-block bootstrap,30,30
J-S06-D50,conversion_rate,inoculation,rho_proportion,-0.01349476779725603,-0.0394897029892763,-0.013323210908376279,0.01133377531218465,0.05082347830146095,1000,2.5th-97.5th percentile range from distinct-pair replication-block bootstrap,30,30
J-S06-D50,conversion_rate,inoculation,tau_proportion,0.0002218259564838975,0.00012374596056537922,0.00022270556783128272,0.0003285211990300419,0.0002047752384646627,1000,2.5th-97.5th percentile range from distinct-pair replication-block bootstrap,30,30
J-S06-D50,conversion_rate,seeding_regime,B_total_U,9.09488634855034e-07,5.088651356732558e-07,9.12224085205243e-07,1.3439212353156413e-06,8.350560996423855e-07,1000,2.5th-97.5th percentile range from distinct-pair replication-block bootstrap,30,30
J-S06-D50,conversion_rate,seeding_regime,B_factor_U,-2.7404885998644922e-08,-9.332884667266067e-08,-2.779679791215313e-08,5.4703149505526284e-08,1.4803199617818696e-07,1000,2.5th-97.5th percentile range from distinct-pair replication-block bootstrap,30,30
J-S06-D50,conversion_rate,seeding_regime,q_proportion,-6.684102270228531e-06,-2.259342053431445e-05,-6.7555809150135335e-06,1.3458511904682543e-05,3.605193243899699e-05,1000,2.5th-97.5th percentile range from distinct-pair replication-block bootstrap,30,30
J-S06-D50,conversion_rate,seeding_regime,rho_proportion,-8.08101028087348e-06,-2.741818609195989e-05,-8.174146032482685e-06,1.6275870449277635e-05,4.3694056541237525e-05,1000,2.5th-97.5th percentile range from distinct-pair replication-block bootstrap,30,30
J-S06-D50,conversion_rate,seeding_regime,tau_proportion,0.0002218259564838975,0.00012374596056537922,0.00022270556783128272,0.0003285211990300419,0.0002047752384646627,1000,2.5th-97.5th percentile range from distinct-pair replication-block bootstrap,30,30
J-S06-D95,conversion_rate,topology,B_total_U,4.4381084495886264e-06,3.748836372513898e-06,4.429668369634803e-06,5.179281098901831e-06,1.4304447263879332e-06,1000,2.5th-97.5th percentile range from distinct-pair replication-block bootstrap,30,30
J-S06-D95,conversion_rate,topology,B_factor_U,3.903920893007376e-08,-8.995738530673628e-08,4.058198413548501e-08,2.0620112163490318e-07,2.9615850694163944e-07,1000,2.5th-97.5th percentile range from distinct-pair replication-block bootstrap,30,30
J-S06-D95,conversion_rate,topology,q_proportion,9.521735104110071e-06,-2.187970836444287e-05,9.901258564012985e-06,4.983499111502921e-05,7.171469947947208e-05,1000,2.5th-97.5th percentile range from distinct-pair replication-block bootstrap,30,30
J-S06-D95,conversion_rate,topology,rho_proportion,0.013698744905543339,-0.03621771664314939,0.014360234365477266,0.07534402619197922,0.11156174283512861,1000,2.5th-97.5th percentile range from distinct-pair replication-block bootstrap,30,30
J-S06-D95,conversion_rate,topology,tau_proportion,0.0010824628412934316,0.000919446032883326,0.0010810772782316213,0.0012629501361684282,0.00034350410328510216,1000,2.5th-97.5th percentile range from distinct-pair replication-block bootstrap,30,30
J-S06-D95,conversion_rate,message_condition,B_total_U,4.4381084495886264e-06,3.748836372513898e-06,4.429668369634803e-06,5.179281098901831e-06,1.4304447263879332e-06,1000,2.5th-97.5th percentile range from distinct-pair replication-block bootstrap,30,30
J-S06-D95,conversion_rate,message_condition,B_factor_U,4.1911511485756495e-06,3.6320018434289148e-06,4.1793532849962045e-06,4.813093559502958e-06,1.181091716074043e-06,1000,2.5th-97.5th percentile range from distinct-pair replication-block bootstrap,30,30
J-S06-D95,conversion_rate,message_condition,q_proportion,0.0010222294998216966,0.0008870413338676484,0.0010184967153947198,0.0011669721479943152,0.00027993081412666686,1000,2.5th-97.5th percentile range from distinct-pair replication-block bootstrap,30,30
J-S06-D95,conversion_rate,message_condition,rho_proportion,0.005964436511005183,0.00517470295110516,0.005946479581570337,0.006844254055224999,0.0016695511041198395,1000,2.5th-97.5th percentile range from distinct-pair replication-block bootstrap,30,30
J-S06-D95,conversion_rate,message_condition,tau_proportion,0.0010824628412934316,0.000919446032883326,0.0010810772782316213,0.0012629501361684282,0.00034350410328510216,1000,2.5th-97.5th percentile range from distinct-pair replication-block bootstrap,30,30
J-S06-D95,conversion_rate,inoculation,B_total_U,4.4381084495886264e-06,3.748836372513898e-06,4.429668369634803e-06,5.179281098901831e-06,1.4304447263879332e-06,1000,2.5th-97.5th percentile range from distinct-pair replication-block bootstrap,30,30
J-S06-D95,conversion_rate,inoculation,B_factor_U,5.5114529934427206e-08,-9.879132537601542e-08,5.371549512840074e-08,2.384398315672288e-07,3.372311569432442e-07,1000,2.5th-97.5th percentile range from distinct-pair replication-block bootstrap,30,30
J-S06-D95,conversion_rate,inoculation,q_proportion,1.3442535563749432e-05,-2.4161907438373515e-05,1.3101889122676528e-05,5.763819202032137e-05,8.180009945869488e-05,1000,2.5th-97.5th percentile range from distinct-pair replication-block bootstrap,30,30
J-S06-D95,conversion_rate,inoculation,rho_proportion,0.0172225191446825,-0.032131956300311834,0.01666903543192755,0.08097631701102169,0.11310827331133352,1000,2.5th-97.5th percentile range from distinct-pair replication-block bootstrap,30,30
J-S06-D95,conversion_rate,inoculation,tau_proportion,0.0010824628412934316,0.000919446032883326,0.0010810772782316213,0.0012629501361684282,0.00034350410328510216,1000,2.5th-97.5th percentile range from distinct-pair replication-block bootstrap,30,30
J-S06-D95,conversion_rate,seeding_regime,B_total_U,4.4381084495886264e-06,3.748836372513898e-06,4.429668369634803e-06,5.179281098901831e-06,1.4304447263879332e-06,1000,2.5th-97.5th percentile range from distinct-pair replication-block bootstrap,30,30
J-S06-D95,conversion_rate,seeding_regime,B_factor_U,1.5280356214850687e-07,9.935621317423174e-09,1.541705686188463e-07,2.97653975998719e-07,2.8771835468129586e-07,1000,2.5th-97.5th percentile range from distinct-pair replication-block bootstrap,30,30
J-S06-D95,conversion_rate,seeding_regime,q_proportion,3.7269070803883066e-05,2.398880199336285e-06,3.7650254407437364e-05,7.288769062381577e-05,7.048881042447948e-05,1000,2.5th-97.5th percentile range from distinct-pair replication-block bootstrap,30,30
J-S06-D95,conversion_rate,seeding_regime,rho_proportion,4.50579198445573e-05,2.8991821055510922e-06,4.5459056117640726e-05,8.803296699619919e-05,8.51337848906481e-05,1000,2.5th-97.5th percentile range from distinct-pair replication-block bootstrap,30,30
J-S06-D95,conversion_rate,seeding_regime,tau_proportion,0.0010824628412934316,0.000919446032883326,0.0010810772782316213,0.0012629501361684282,0.00034350410328510216,1000,2.5th-97.5th percentile range from distinct-pair replication-block bootstrap,30,30
J-S14-D50,conversion_rate,topology,B_total_U,7.093947666490027e-06,6.04453535518894e-06,7.067018568481109e-06,8.124654433392074e-06,2.0801190782031343e-06,1000,2.5th-97.5th percentile range from distinct-pair replication-block bootstrap,30,30
J-S14-D50,conversion_rate,topology,B_factor_U,4.703788699944572e-08,-1.2600390278300293e-07,4.923094589166194e-08,2.4152652238395734e-07,3.6753042516696027e-07,1000,2.5th-97.5th percentile range from distinct-pair replication-block bootstrap,30,30
J-S14-D50,conversion_rate,topology,q_proportion,1.1472627446627384e-05,-3.0809732870618544e-05,1.1985617806923263e-05,5.879232519037947e-05,8.960205806099801e-05,1000,2.5th-97.5th percentile range from distinct-pair replication-block bootstrap,30,30
J-S14-D50,conversion_rate,topology,rho_proportion,0.01650545778361813,-0.04803369083799564,0.017424264411075363,0.11016603386065067,0.15819972469864632,1000,2.5th-97.5th percentile range from distinct-pair replication-block bootstrap,30,30
J-S14-D50,conversion_rate,topology,tau_proportion,0.0017302269275928743,0.001472409965814038,0.0017225996060609044,0.0019770306624700036,0.0005046206966559657,1000,2.5th-97.5th percentile range from distinct-pair replication-block bootstrap,30,30
J-S14-D50,conversion_rate,message_condition,B_total_U,7.093947666490027e-06,6.04453535518894e-06,7.067018568481109e-06,8.124654433392074e-06,2.0801190782031343e-06,1000,2.5th-97.5th percentile range from distinct-pair replication-block bootstrap,30,30
J-S14-D50,conversion_rate,message_condition,B_factor_U,6.686666696841746e-06,5.759180586802045e-06,6.665575542871306e-06,7.687017397566299e-06,1.927836810764254e-06,1000,2.5th-97.5th percentile range from distinct-pair replication-block bootstrap,30,30
J-S14-D50,conversion_rate,message_condition,q_proportion,0.001630890347466923,0.0014029872964348902,0.0016281603042695352,0.0018780706168988568,0.0004750833204639666,1000,2.5th-97.5th percentile range from distinct-pair replication-block bootstrap,30,30
J-S14-D50,conversion_rate,message_condition,rho_proportion,0.00951581023202162,0.00811584888631723,0.009503643394236549,0.011022293074816693,0.0029064441884994636,1000,2.5th-97.5th percentile range from distinct-pair replication-block bootstrap,30,30
J-S14-D50,conversion_rate,message_condition,tau_proportion,0.0017302269275928743,0.001472409965814038,0.0017225996060609044,0.0019770306624700036,0.0005046206966559657,1000,2.5th-97.5th percentile range from distinct-pair replication-block bootstrap,30,30
J-S14-D50,conversion_rate,inoculation,B_total_U,7.093947666490027e-06,6.04453535518894e-06,7.067018568481109e-06,8.124654433392074e-06,2.0801190782031343e-06,1000,2.5th-97.5th percentile range from distinct-pair replication-block bootstrap,30,30
J-S14-D50,conversion_rate,inoculation,B_factor_U,2.160813376195491e-07,-4.379244316517924e-08,2.1309253721641406e-07,4.861768115711892e-07,5.299692547363685e-07,1000,2.5th-97.5th percentile range from distinct-pair replication-block bootstrap,30,30
J-S14-D50,conversion_rate,inoculation,q_proportion,5.27026370191163e-05,-1.0703075145869288e-05,5.184402341126754e-05,0.00011807138304450482,0.0001287744581903741,1000,2.5th-97.5th percentile range from distinct-pair replication-block bootstrap,30,30
J-S14-D50,conversion_rate,inoculation,rho_proportion,0.06752239343035166,-0.013253486079203278,0.06657441511238982,0.16638618080681805,0.17963966688602134,1000,2.5th-97.5th percentile range from distinct-pair replication-block bootstrap,30,30
J-S14-D50,conversion_rate,inoculation,tau_proportion,0.0017302269275928743,0.001472409965814038,0.0017225996060609044,0.0019770306624700036,0.0005046206966559657,1000,2.5th-97.5th percentile range from distinct-pair replication-block bootstrap,30,30
J-S14-D50,conversion_rate,seeding_regime,B_total_U,7.093947666490027e-06,6.04453535518894e-06,7.067018568481109e-06,8.124654433392074e-06,2.0801190782031343e-06,1000,2.5th-97.5th percentile range from distinct-pair replication-block bootstrap,30,30
J-S14-D50,conversion_rate,seeding_regime,B_factor_U,1.4416174502932557e-07,-8.891676415299549e-08,1.3057270395848985e-07,3.926132741419192e-07,4.815300382949147e-07,1000,2.5th-97.5th percentile range from distinct-pair replication-block bootstrap,30,30
J-S14-D50,conversion_rate,seeding_regime,q_proportion,3.5161315660217235e-05,-2.1642767808064097e-05,3.185132176751224e-05,9.503142001130765e-05,0.00011667418781937175,1000,2.5th-97.5th percentile range from distinct-pair replication-block bootstrap,30,30
J-S14-D50,conversion_rate,seeding_regime,rho_proportion,4.250966574895604e-05,-2.6206710274922102e-05,3.853806859577162e-05,0.00011494858809708676,0.00014115529837200886,1000,2.5th-97.5th percentile range from distinct-pair replication-block bootstrap,30,30
J-S14-D50,conversion_rate,seeding_regime,tau_proportion,0.0017302269275928743,0.001472409965814038,0.0017225996060609044,0.0019770306624700036,0.0005046206966559657,1000,2.5th-97.5th percentile range from distinct-pair replication-block bootstrap,30,30
J-S14-D95,conversion_rate,topology,B_total_U,3.504111433286624e-05,3.310451238482046e-05,3.506820489366602e-05,3.7028617140778786e-05,3.924104755958328e-06,1000,2.5th-97.5th percentile range from distinct-pair replication-block bootstrap,30,30
J-S14-D95,conversion_rate,topology,B_factor_U,6.309399391986318e-07,1.7065472180287845e-07,6.202174355214261e-07,1.1151537908658466e-06,9.444990690629681e-07,1000,2.5th-97.5th percentile range from distinct-pair replication-block bootstrap,30,30
J-S14-D95,conversion_rate,topology,q_proportion,0.00015388741555735555,4.159257272975245e-05,0.00015074918467140592,0.0002718727135818697,0.00023028014085211724,1000,2.5th-97.5th percentile range from distinct-pair replication-block bootstrap,30,30
J-S14-D95,conversion_rate,topology,rho_proportion,0.2213949901823677,0.05334719488856319,0.2229605990252757,0.5017615884945863,0.4484143936060231,1000,2.5th-97.5th percentile range from distinct-pair replication-block bootstrap,30,30
J-S14-D95,conversion_rate,topology,tau_proportion,0.008546592453448996,0.008063870047803219,0.008558426787020727,0.009035022783842023,0.000971152736038804,1000,2.5th-97.5th percentile range from distinct-pair replication-block bootstrap,30,30
J-S14-D95,conversion_rate,message_condition,B_total_U,3.504111433286624e-05,3.310451238482046e-05,3.506820489366602e-05,3.7028617140778786e-05,3.924104755958328e-06,1000,2.5th-97.5th percentile range from distinct-pair replication-block bootstrap,30,30
J-S14-D95,conversion_rate,message_condition,B_factor_U,3.144478200528479e-05,2.995880017216474e-05,3.148160679772457e-05,3.2969636008442623e-05,3.0108358362778827e-06,1000,2.5th-97.5th percentile range from distinct-pair replication-block bootstrap,30,30
J-S14-D95,conversion_rate,message_condition,q_proportion,0.007669440361793807,0.007286090582070937,0.007682811399063008,0.008062862668347742,0.0007767720862768054,1000,2.5th-97.5th percentile range from distinct-pair replication-block bootstrap,30,30
J-S14-D95,conversion_rate,message_condition,rho_proportion,0.044749139132492954,0.04223714370401678,0.044814716990379894,0.04725815599393701,0.005021012289920232,1000,2.5th-97.5th percentile range from distinct-pair replication-block bootstrap,30,30
J-S14-D95,conversion_rate,message_condition,tau_proportion,0.008546592453448996,0.008063870047803219,0.008558426787020727,0.009035022783842023,0.000971152736038804,1000,2.5th-97.5th percentile range from distinct-pair replication-block bootstrap,30,30
J-S14-D95,conversion_rate,inoculation,B_total_U,3.504111433286624e-05,3.310451238482046e-05,3.506820489366602e-05,3.7028617140778786e-05,3.924104755958328e-06,1000,2.5th-97.5th percentile range from distinct-pair replication-block bootstrap,30,30
J-S14-D95,conversion_rate,inoculation,B_factor_U,1.6774896309961447e-06,9.99319704168927e-07,1.6748888562741846e-06,2.405638651392564e-06,1.4063189472236368e-06,1000,2.5th-97.5th percentile range from distinct-pair replication-block bootstrap,30,30
J-S14-D95,conversion_rate,inoculation,q_proportion,0.0004091428167729131,0.00024406754218561942,0.0004080863587358945,0.0005857474289375457,0.0003416798867519263,1000,2.5th-97.5th percentile range from distinct-pair replication-block bootstrap,30,30
J-S14-D95,conversion_rate,inoculation,rho_proportion,0.5241920292019222,0.2704361332349728,0.5269637917047385,0.959226515057813,0.6887903818228402,1000,2.5th-97.5th percentile range from distinct-pair replication-block bootstrap,30,30
J-S14-D95,conversion_rate,inoculation,tau_proportion,0.008546592453448996,0.008063870047803219,0.008558426787020727,0.009035022783842023,0.000971152736038804,1000,2.5th-97.5th percentile range from distinct-pair replication-block bootstrap,30,30
J-S14-D95,conversion_rate,seeding_regime,B_total_U,3.504111433286624e-05,3.310451238482046e-05,3.506820489366602e-05,3.7028617140778786e-05,3.924104755958328e-06,1000,2.5th-97.5th percentile range from distinct-pair replication-block bootstrap,30,30
J-S14-D95,conversion_rate,seeding_regime,B_factor_U,1.2879027573869811e-06,5.982002678052613e-07,1.2646718506007277e-06,2.1552201138985064e-06,1.557019846093245e-06,1000,2.5th-97.5th percentile range from distinct-pair replication-block bootstrap,30,30
J-S14-D95,conversion_rate,seeding_regime,q_proportion,0.00031412185932499647,0.00014515805147251258,0.0003097051513807636,0.0005298117780945292,0.00038465372662201656,1000,2.5th-97.5th percentile range from distinct-pair replication-block bootstrap,30,30
J-S14-D95,conversion_rate,seeding_regime,rho_proportion,0.00037977006814493276,0.00017533037317136167,0.0003740582783552526,0.0006398251041751161,0.00046449473100375446,1000,2.5th-97.5th percentile range from distinct-pair replication-block bootstrap,30,30
J-S14-D95,conversion_rate,seeding_regime,tau_proportion,0.008546592453448996,0.008063870047803219,0.008558426787020727,0.009035022783842023,0.000971152736038804,1000,2.5th-97.5th percentile range from distinct-pair replication-block bootstrap,30,30
J-S18-D05,conversion_rate,topology,B_total_U,5.27698032368521e-08,7.416858424284756e-09,5.207520336192285e-08,1.0030918040861844e-07,9.289232198433369e-08,1000,2.5th-97.5th percentile range from distinct-pair replication-block bootstrap,60,30
J-S18-D05,conversion_rate,topology,B_factor_U,-4.533678624913469e-09,-1.7566914565225605e-08,-5.357693433157248e-09,9.04518013830979e-09,2.6612094703535395e-08,1000,2.5th-97.5th percentile range from distinct-pair replication-block bootstrap,60,30
J-S18-D05,conversion_rate,topology,q_proportion,-1.105772583427973e-06,-4.3045275891469865e-06,-1.306675070046926e-06,2.233347026454103e-06,6.537874615601089e-06,1000,2.5th-97.5th percentile range from distinct-pair replication-block bootstrap,60,30
J-S18-D05,conversion_rate,topology,rho_proportion,-0.0015908546476350635,-0.007157460013873773,-0.0018693623857989048,0.00314253105273226,0.010299991066606033,1000,2.5th-97.5th percentile range from distinct-pair replication-block bootstrap,60,30
J-S18-D05,conversion_rate,topology,tau_proportion,1.2870652395065491e-05,1.8213635871684914e-06,1.271659088086381e-05,2.4505028506553634e-05,2.2683664919385142e-05,1000,2.5th-97.5th percentile range from distinct-pair replication-block bootstrap,60,30
J-S18-D05,conversion_rate,message_condition,B_total_U,5.27698032368521e-08,7.416858424284756e-09,5.207520336192285e-08,1.0030918040861844e-07,9.289232198433369e-08,1000,2.5th-97.5th percentile range from distinct-pair replication-block bootstrap,60,30
J-S18-D05,conversion_rate,message_condition,B_factor_U,7.189946317532576e-08,4.359185539183472e-08,7.1670755377287e-08,1.0472816741953549e-07,6.113631202770078e-08,1000,2.5th-97.5th percentile range from distinct-pair replication-block bootstrap,60,30
J-S18-D05,conversion_rate,message_condition,q_proportion,1.7536411757457076e-05,1.0629695005651747e-05,1.7463904542174383e-05,2.56878512808617e-05,1.5058156275209953e-05,1000,2.5th-97.5th percentile range from distinct-pair replication-block bootstrap,60,30
J-S18-D05,conversion_rate,message_condition,rho_proportion,0.00010232028578361473,6.138220581545184e-05,0.00010186817253754227,0.00015002478921568994,8.86425834002381e-05,1000,2.5th-97.5th percentile range from distinct-pair replication-block bootstrap,60,30
J-S18-D05,conversion_rate,message_condition,tau_proportion,1.2870652395065491e-05,1.8213635871684914e-06,1.271659088086381e-05,2.4505028506553634e-05,2.2683664919385142e-05,1000,2.5th-97.5th percentile range from distinct-pair replication-block bootstrap,60,30
J-S18-D05,conversion_rate,inoculation,B_total_U,5.27698032368521e-08,7.416858424284756e-09,5.207520336192285e-08,1.0030918040861844e-07,9.289232198433369e-08,1000,2.5th-97.5th percentile range from distinct-pair replication-block bootstrap,60,30
J-S18-D05,conversion_rate,inoculation,B_factor_U,-6.853823327771518e-09,-1.8338404275073263e-08,-7.860519162673808e-09,5.211557644299858e-09,2.354996191937312e-08,1000,2.5th-97.5th percentile range from distinct-pair replication-block bootstrap,60,30
J-S18-D05,conversion_rate,inoculation,q_proportion,-1.6716601582348527e-06,-4.461006741662163e-06,-1.9192904007943694e-06,1.2734175846497378e-06,5.7344243263119004e-06,1000,2.5th-97.5th percentile range from distinct-pair replication-block bootstrap,60,30
J-S18-D05,conversion_rate,inoculation,rho_proportion,-0.0021417238542586737,-0.0063531777416611646,-0.0024777918737831197,0.0014614916192727736,0.007814669360933939,1000,2.5th-97.5th percentile range from distinct-pair replication-block bootstrap,60,30
J-S18-D05,conversion_rate,inoculation,tau_proportion,1.2870652395065491e-05,1.8213635871684914e-06,1.271659088086381e-05,2.4505028506553634e-05,2.2683664919385142e-05,1000,2.5th-97.5th percentile range from distinct-pair replication-block bootstrap,60,30
J-S18-D05,conversion_rate,seeding_regime,B_total_U,5.27698032368521e-08,7.416858424284756e-09,5.207520336192285e-08,1.0030918040861844e-07,9.289232198433369e-08,1000,2.5th-97.5th percentile range from distinct-pair replication-block bootstrap,60,30
J-S18-D05,conversion_rate,seeding_regime,B_factor_U,-7.74215798578717e-09,-1.88677968475871e-08,-8.41495720580905e-09,5.3347268511826525e-09,2.4202523698769755e-08,1000,2.5th-97.5th percentile range from distinct-pair replication-block bootstrap,60,30
J-S18-D05,conversion_rate,seeding_regime,q_proportion,-1.8883266207283916e-06,-4.594064006074271e-06,-2.053477446643249e-06,1.294802353836657e-06,5.888866359910928e-06,1000,2.5th-97.5th percentile range from distinct-pair replication-block bootstrap,60,30
J-S18-D05,conversion_rate,seeding_regime,rho_proportion,-2.2829672884749978e-06,-5.556307121121449e-06,-2.4834937665026705e-06,1.5643162776349436e-06,7.120623398756392e-06,1000,2.5th-97.5th percentile range from distinct-pair replication-block bootstrap,60,30
J-S18-D05,conversion_rate,seeding_regime,tau_proportion,1.2870652395065491e-05,1.8213635871684914e-06,1.271659088086381e-05,2.4505028506553634e-05,2.2683664919385142e-05,1000,2.5th-97.5th percentile range from distinct-pair replication-block bootstrap,60,30
J-S18-D50,conversion_rate,topology,B_total_U,1.4614273454040715e-05,1.2942438197564347e-05,1.4615330328958378e-05,1.6208682771224288e-05,3.266244573659941e-06,1000,2.5th-97.5th percentile range from distinct-pair replication-block bootstrap,30,30
J-S18-D50,conversion_rate,topology,B_factor_U,1.9252147997313553e-07,-4.018683954496753e-08,1.917220921073946e-07,4.4254098251786997e-07,4.827278220628375e-07,1000,2.5th-97.5th percentile range from distinct-pair replication-block bootstrap,30,30
J-S18-D50,conversion_rate,topology,q_proportion,4.695634425991852e-05,-9.733726138583929e-06,4.662097968658903e-05,0.00010777522680139314,0.00011750895293997706,1000,2.5th-97.5th percentile range from distinct-pair replication-block bootstrap,30,30
J-S18-D50,conversion_rate,topology,rho_proportion,0.06755522755887645,-0.013501250301469073,0.06614601808971737,0.2070193746112446,0.22052062491271365,1000,2.5th-97.5th percentile range from distinct-pair replication-block bootstrap,30,30
J-S18-D50,conversion_rate,topology,tau_proportion,0.003564448265784583,0.0031576447962069947,0.0035630283813608494,0.0039625241285113685,0.0008048793323043738,1000,2.5th-97.5th percentile range from distinct-pair replication-block bootstrap,30,30
J-S18-D50,conversion_rate,message_condition,B_total_U,1.4614273454040715e-05,1.2942438197564347e-05,1.4615330328958378e-05,1.6208682771224288e-05,3.266244573659941e-06,1000,2.5th-97.5th percentile range from distinct-pair replication-block bootstrap,30,30
J-S18-D50,conversion_rate,message_condition,B_factor_U,1.3324996850142415e-05,1.188820153252238e-05,1.3347315832335561e-05,1.4832392557679196e-05,2.944191025156816e-06,1000,2.5th-97.5th percentile range from distinct-pair replication-block bootstrap,30,30
J-S18-D50,conversion_rate,message_condition,q_proportion,0.0032499913227600702,0.00290664905401475,0.0032520086384839495,0.0036212013150827755,0.0007145522610680255,1000,2.5th-97.5th percentile range from distinct-pair replication-block bootstrap,30,30
J-S18-D50,conversion_rate,message_condition,rho_proportion,0.01896283262154079,0.016854494957845027,0.018965483986530488,0.021271905565398822,0.0044174106075537956,1000,2.5th-97.5th percentile range from distinct-pair replication-block bootstrap,30,30
J-S18-D50,conversion_rate,message_condition,tau_proportion,0.003564448265784583,0.0031576447962069947,0.0035630283813608494,0.0039625241285113685,0.0008048793323043738,1000,2.5th-97.5th percentile range from distinct-pair replication-block bootstrap,30,30
J-S18-D50,conversion_rate,inoculation,B_total_U,1.4614273454040715e-05,1.2942438197564347e-05,1.4615330328958378e-05,1.6208682771224288e-05,3.266244573659941e-06,1000,2.5th-97.5th percentile range from distinct-pair replication-block bootstrap,30,30
J-S18-D50,conversion_rate,inoculation,B_factor_U,7.949590734272016e-07,4.4588681599709083e-07,7.862897680528112e-07,1.1613553198967663e-06,7.154685038996755e-07,1000,2.5th-97.5th percentile range from distinct-pair replication-block bootstrap,30,30
J-S18-D50,conversion_rate,inoculation,q_proportion,0.00019389198508967586,0.00010762225939256531,0.00019184803623264465,0.0002838762509985783,0.00017625399160601298,1000,2.5th-97.5th percentile range from distinct-pair replication-block bootstrap,30,30
J-S18-D50,conversion_rate,inoculation,rho_proportion,0.24841358309012546,0.1331377194367631,0.2467122608313908,0.4153749456991039,0.28223722626234077,1000,2.5th-97.5th percentile range from distinct-pair replication-block bootstrap,30,30
J-S18-D50,conversion_rate,inoculation,tau_proportion,0.003564448265784583,0.0031576447962069947,0.0035630283813608494,0.0039625241285113685,0.0008048793323043738,1000,2.5th-97.5th percentile range from distinct-pair replication-block bootstrap,30,30
J-S18-D50,conversion_rate,seeding_regime,B_total_U,1.4614273454040715e-05,1.2942438197564347e-05,1.4615330328958378e-05,1.6208682771224288e-05,3.266244573659941e-06,1000,2.5th-97.5th percentile range from distinct-pair replication-block bootstrap,30,30
J-S18-D50,conversion_rate,seeding_regime,B_factor_U,3.017960504980393e-07,-7.550288855025387e-08,2.78410803838242e-07,7.410262790573907e-07,8.165291676076446e-07,1000,2.5th-97.5th percentile range from distinct-pair replication-block bootstrap,30,30
J-S18-D50,conversion_rate,seeding_regime,q_proportion,7.360861367493718e-05,-1.8385925207805305e-05,6.777267977884857e-05,0.00018195837457017956,0.00020034429977798486,1000,2.5th-97.5th percentile range from distinct-pair replication-block bootstrap,30,30
J-S18-D50,conversion_rate,seeding_regime,rho_proportion,8.899205006443955e-05,-2.226143791983259e-05,8.201073873163523e-05,0.00021967686433714946,0.00024193830225698206,1000,2.5th-97.5th percentile range from distinct-pair replication-block bootstrap,30,30
J-S18-D50,conversion_rate,seeding_regime,tau_proportion,0.003564448265784583,0.0031576447962069947,0.0035630283813608494,0.0039625241285113685,0.0008048793323043738,1000,2.5th-97.5th percentile range from distinct-pair replication-block bootstrap,30,30
J-S18-D95,conversion_rate,topology,B_total_U,7.731656692590065e-05,7.229420941992629e-05,7.741610242310181e-05,8.222034405104183e-05,9.926134631115541e-06,1000,2.5th-97.5th percentile range from distinct-pair replication-block bootstrap,30,30
J-S18-D95,conversion_rate,topology,B_factor_U,1.341588830147619e-06,6.552012709217506e-07,1.3205125380169026e-06,2.1008434024969538e-06,1.4456421315752032e-06,1000,2.5th-97.5th percentile range from distinct-pair replication-block bootstrap,30,30
J-S18-D95,conversion_rate,topology,q_proportion,0.00032721599154787,0.00016084834453623188,0.00032252297121745005,0.0005127449714905216,0.0003518966269542897,1000,2.5th-97.5th percentile range from distinct-pair replication-block bootstrap,30,30
J-S18-D95,conversion_rate,topology,rho_proportion,0.47075961977705527,0.21801885899797138,0.46560018343272946,0.9077733649007678,0.6897545059027964,1000,2.5th-97.5th percentile range from distinct-pair replication-block bootstrap,30,30
J-S18-D95,conversion_rate,topology,tau_proportion,0.018857653359376947,0.017621632708016387,0.01886055723515182,0.02005237425060028,0.0024307415425838946,1000,2.5th-97.5th percentile range from distinct-pair replication-block bootstrap,30,30
J-S18-D95,conversion_rate,message_condition,B_total_U,7.731656692590065e-05,7.229420941992629e-05,7.741610242310181e-05,8.222034405104183e-05,9.926134631115541e-06,1000,2.5th-97.5th percentile range from distinct-pair replication-block bootstrap,30,30
J-S18-D95,conversion_rate,message_condition,B_factor_U,6.985205391290079e-05,6.522281631238113e-05,6.990549461595479e-05,7.423938067909932e-05,9.01656436671819e-06,1000,2.5th-97.5th percentile range from distinct-pair replication-block bootstrap,30,30
J-S18-D95,conversion_rate,message_condition,q_proportion,0.017037044859899524,0.01594592153269931,0.017052111691477856,0.01807440330634935,0.0021284817736500414,1000,2.5th-97.5th percentile range from distinct-pair replication-block bootstrap,30,30
J-S18-D95,conversion_rate,message_condition,rho_proportion,0.09940661311353512,0.09259996110868587,0.09953322333263967,0.10607690365538613,0.01347694254670026,1000,2.5th-97.5th percentile range from distinct-pair replication-block bootstrap,30,30
J-S18-D95,conversion_rate,message_condition,tau_proportion,0.018857653359376947,0.017621632708016387,0.01886055723515182,0.02005237425060028,0.0024307415425838946,1000,2.5th-97.5th percentile range from distinct-pair replication-block bootstrap,30,30
J-S18-D95,conversion_rate,inoculation,B_total_U,7.731656692590065e-05,7.229420941992629e-05,7.741610242310181e-05,8.222034405104183e-05,9.926134631115541e-06,1000,2.5th-97.5th percentile range from distinct-pair replication-block bootstrap,30,30
J-S18-D95,conversion_rate,inoculation,B_factor_U,3.5420177459319396e-06,2.4950421002054784e-06,3.531487675528115e-06,4.7139164073148555e-06,2.218874307109377e-06,1000,2.5th-97.5th percentile range from distinct-pair replication-block bootstrap,30,30
J-S18-D95,conversion_rate,inoculation,q_proportion,0.0008639046649544202,0.0006113444615881256,0.0008639556873207737,0.0011502407853121073,0.0005388963237239817,1000,2.5th-97.5th percentile range from distinct-pair replication-block bootstrap,30,30
J-S18-D95,conversion_rate,inoculation,rho_proportion,1.106830966583512,0.680650422028705,1.125699052633971,1.8510714663608723,1.1704210443321674,1000,2.5th-97.5th percentile range from distinct-pair replication-block bootstrap,30,30
J-S18-D95,conversion_rate,inoculation,tau_proportion,0.018857653359376947,0.017621632708016387,0.01886055723515182,0.02005237425060028,0.0024307415425838946,1000,2.5th-97.5th percentile range from distinct-pair replication-block bootstrap,30,30
J-S18-D95,conversion_rate,seeding_regime,B_total_U,7.731656692590065e-05,7.229420941992629e-05,7.741610242310181e-05,8.222034405104183e-05,9.926134631115541e-06,1000,2.5th-97.5th percentile range from distinct-pair replication-block bootstrap,30,30
J-S18-D95,conversion_rate,seeding_regime,B_factor_U,2.5809064369207403e-06,1.663891724368778e-06,2.536580793521113e-06,3.5316067459963106e-06,1.8677150216275327e-06,1000,2.5th-97.5th percentile range from distinct-pair replication-block bootstrap,30,30
J-S18-D95,conversion_rate,seeding_regime,q_proportion,0.00062948784297524,0.00040459402908870224,0.0006187917488743878,0.0008636110644989969,0.00045901703541029464,1000,2.5th-97.5th percentile range from distinct-pair replication-block bootstrap,30,30
J-S18-D95,conversion_rate,seeding_regime,rho_proportion,0.0007610442696882707,0.0004890902134202318,0.0007485641042800458,0.0010433346108333665,0.0005542443974131347,1000,2.5th-97.5th percentile range from distinct-pair replication-block bootstrap,30,30
J-S18-D95,conversion_rate,seeding_regime,tau_proportion,0.018857653359376947,0.017621632708016387,0.01886055723515182,0.02005237425060028,0.0024307415425838946,1000,2.5th-97.5th percentile range from distinct-pair replication-block bootstrap,30,30
NC-NoOp,conversion_rate,topology,B_total_U,0.004100009977511601,0.004050661617807773,0.004101065811417571,0.004149025984293985,9.836436648621126e-05,1000,2.5th-97.5th percentile range from distinct-pair replication-block bootstrap,30,30
NC-NoOp,conversion_rate,topology,B_factor_U,2.8498383756511983e-06,1.7061605279572427e-06,2.803374083968224e-06,4.224370107808018e-06,2.518209579850775e-06,1000,2.5th-97.5th percentile range from distinct-pair replication-block bootstrap,30,30
NC-NoOp,conversion_rate,topology,q_proportion,0.0006950808391400151,0.00041480802390336666,0.0006836167385774975,0.001029782557343218,0.0006149745334398512,1000,2.5th-97.5th percentile range from distinct-pair replication-block bootstrap,30,30
NC-NoOp,conversion_rate,topology,rho_proportion,1.0,1.0,1.0,1.0,0.0,1000,2.5th-97.5th percentile range from distinct-pair replication-block bootstrap,30,30
NC-NoOp,conversion_rate,topology,tau_proportion,1.0,1.0,1.0,1.0,0.0,1000,2.5th-97.5th percentile range from distinct-pair replication-block bootstrap,30,30
NC-NoOp,conversion_rate,message_condition,B_total_U,0.004100009977511601,0.004050661617807773,0.004101065811417571,0.004149025984293985,9.836436648621126e-05,1000,2.5th-97.5th percentile range from distinct-pair replication-block bootstrap,30,30
NC-NoOp,conversion_rate,message_condition,B_factor_U,0.0007026902106917251,0.0006867614666568675,0.0007027463355544177,0.0007192803050920508,3.2518838435183304e-05,1000,2.5th-97.5th percentile range from distinct-pair replication-block bootstrap,30,30
NC-NoOp,conversion_rate,message_condition,q_proportion,0.1713874391881859,0.16888363912831372,0.17139830388530605,0.17379365595713284,0.004910016828819114,1000,2.5th-97.5th percentile range from distinct-pair replication-block bootstrap,30,30
NC-NoOp,conversion_rate,message_condition,rho_proportion,1.0,1.0,1.0,1.0,0.0,1000,2.5th-97.5th percentile range from distinct-pair replication-block bootstrap,30,30
NC-NoOp,conversion_rate,message_condition,tau_proportion,1.0,1.0,1.0,1.0,0.0,1000,2.5th-97.5th percentile range from distinct-pair replication-block bootstrap,30,30
NC-NoOp,conversion_rate,inoculation,B_total_U,0.004100009977511601,0.004050661617807773,0.004101065811417571,0.004149025984293985,9.836436648621126e-05,1000,2.5th-97.5th percentile range from distinct-pair replication-block bootstrap,30,30
NC-NoOp,conversion_rate,inoculation,B_factor_U,3.20014333974156e-06,2.222582869920843e-06,3.151949631255402e-06,4.43127755601763e-06,2.2086946860967868e-06,1000,2.5th-97.5th percentile range from distinct-pair replication-block bootstrap,30,30
NC-NoOp,conversion_rate,inoculation,q_proportion,0.0007805208663623319,0.0005397713414426986,0.0007676078732083251,0.0010753176658964282,0.0005355463244537295,1000,2.5th-97.5th percentile range from distinct-pair replication-block bootstrap,30,30
NC-NoOp,conversion_rate,inoculation,rho_proportion,1.0,1.0,1.0,1.0,0.0,1000,2.5th-97.5th percentile range from distinct-pair replication-block bootstrap,30,30
NC-NoOp,conversion_rate,inoculation,tau_proportion,1.0,1.0,1.0,1.0,0.0,1000,2.5th-97.5th percentile range from distinct-pair replication-block bootstrap,30,30
NC-NoOp,conversion_rate,seeding_regime,B_total_U,0.004100009977511601,0.004050661617807773,0.004101065811417571,0.004149025984293985,9.836436648621126e-05,1000,2.5th-97.5th percentile range from distinct-pair replication-block bootstrap,30,30
NC-NoOp,conversion_rate,seeding_regime,B_factor_U,0.0033912697851044833,0.0033549076982963377,0.00339271453421517,0.0034302023119069038,7.529461361056606e-05,1000,2.5th-97.5th percentile range from distinct-pair replication-block bootstrap,30,30
NC-NoOp,conversion_rate,seeding_regime,q_proportion,0.8271369591063117,0.8247740285111113,0.827154014176281,0.8296673767416924,0.004893348230581185,1000,2.5th-97.5th percentile range from distinct-pair replication-block bootstrap,30,30
NC-NoOp,conversion_rate,seeding_regime,rho_proportion,1.0,1.0,1.0,1.0,0.0,1000,2.5th-97.5th percentile range from distinct-pair replication-block bootstrap,30,30
NC-NoOp,conversion_rate,seeding_regime,tau_proportion,1.0,1.0,1.0,1.0,0.0,1000,2.5th-97.5th percentile range from distinct-pair replication-block bootstrap,30,30
PC-M01,conversion_rate,topology,B_total_U,3.886882747617072e-05,3.703488174836889e-05,3.886785463240183e-05,4.100885417071575e-05,3.97397242234686e-06,1000,2.5th-97.5th percentile range from distinct-pair replication-block bootstrap,30,30
PC-M01,conversion_rate,topology,B_factor_U,7.055620820498499e-08,-8.598259402523874e-08,7.392219109128225e-08,2.3405696783949605e-07,3.200395618647348e-07,1000,2.5th-97.5th percentile range from distinct-pair replication-block bootstrap,30,30
PC-M01,conversion_rate,topology,q_proportion,1.720878939124127e-05,-2.1120066927064965e-05,1.806528073700247e-05,5.7032239765137566e-05,7.815230669220254e-05,1000,2.5th-97.5th percentile range from distinct-pair replication-block bootstrap,30,30
PC-M01,conversion_rate,topology,rho_proportion,0.02475796831420752,-0.03160125394138547,0.025668526756815444,0.09928766304678259,0.13088891698816807,1000,2.5th-97.5th percentile range from distinct-pair replication-block bootstrap,30,30
PC-M01,conversion_rate,topology,tau_proportion,0.009480178753067618,0.009044499013370134,0.009481721933923593,0.009949433202028306,0.000904934188658172,1000,2.5th-97.5th percentile range from distinct-pair replication-block bootstrap,30,30
PC-M01,conversion_rate,message_condition,B_total_U,3.886882747617072e-05,3.703488174836889e-05,3.886785463240183e-05,4.100885417071575e-05,3.97397242234686e-06,1000,2.5th-97.5th percentile range from distinct-pair replication-block bootstrap,30,30
PC-M01,conversion_rate,message_condition,B_factor_U,3.545789170637673e-05,3.3997272787758196e-05,3.545513633463172e-05,3.707396970962395e-05,3.076696921865753e-06,1000,2.5th-97.5th percentile range from distinct-pair replication-block bootstrap,30,30
PC-M01,conversion_rate,message_condition,q_proportion,0.00864824522400236,0.008278112568292115,0.008646243398234645,0.009014309201080907,0.0007361966327887916,1000,2.5th-97.5th percentile range from distinct-pair replication-block bootstrap,30,30
PC-M01,conversion_rate,message_condition,rho_proportion,0.05046020446402995,0.04839044457339193,0.05044230858565786,0.05280775833486111,0.0044173137614691785,1000,2.5th-97.5th percentile range from distinct-pair replication-block bootstrap,30,30
PC-M01,conversion_rate,message_condition,tau_proportion,0.009480178753067618,0.009044499013370134,0.009481721933923593,0.009949433202028306,0.000904934188658172,1000,2.5th-97.5th percentile range from distinct-pair replication-block bootstrap,30,30
PC-M01,conversion_rate,inoculation,B_total_U,3.886882747617072e-05,3.703488174836889e-05,3.886785463240183e-05,4.100885417071575e-05,3.97397242234686e-06,1000,2.5th-97.5th percentile range from distinct-pair replication-block bootstrap,30,30
PC-M01,conversion_rate,inoculation,B_factor_U,1.1783404885038584e-07,-4.9320263518649797e-08,1.1772057549852096e-07,3.017486027388859e-07,3.510688662575357e-07,1000,2.5th-97.5th percentile range from distinct-pair replication-block bootstrap,30,30
PC-M01,conversion_rate,inoculation,q_proportion,2.8739941974946677e-05,-1.2005674062028284e-05,2.8639456787518192e-05,7.390860898435465e-05,8.591428304638294e-05,1000,2.5th-97.5th percentile range from distinct-pair replication-block bootstrap,30,30
PC-M01,conversion_rate,inoculation,rho_proportion,0.03682149089606155,-0.019613645228293917,0.03642867034543377,0.10469182825837818,0.12430547348667209,1000,2.5th-97.5th percentile range from distinct-pair replication-block bootstrap,30,30
PC-M01,conversion_rate,inoculation,tau_proportion,0.009480178753067618,0.009044499013370134,0.009481721933923593,0.009949433202028306,0.000904934188658172,1000,2.5th-97.5th percentile range from distinct-pair replication-block bootstrap,30,30
PC-M01,conversion_rate,seeding_regime,B_total_U,3.886882747617072e-05,3.703488174836889e-05,3.886785463240183e-05,4.100885417071575e-05,3.97397242234686e-06,1000,2.5th-97.5th percentile range from distinct-pair replication-block bootstrap,30,30
PC-M01,conversion_rate,seeding_regime,B_factor_U,3.2225455127386305e-06,2.4861735416147715e-06,3.2073058172833423e-06,4.061486009003442e-06,1.5753124673886704e-06,1000,2.5th-97.5th percentile range from distinct-pair replication-block bootstrap,30,30
PC-M01,conversion_rate,seeding_regime,q_proportion,0.0007859847976990715,0.0006096408942235377,0.0007825736429269412,0.0009817408077246587,0.00037209991350112097,1000,2.5th-97.5th percentile range from distinct-pair replication-block bootstrap,30,30
PC-M01,conversion_rate,seeding_regime,rho_proportion,0.0009502474639125019,0.000736736134964083,0.0009460881033908493,0.0011869435666308939,0.0004502074316668109,1000,2.5th-97.5th percentile range from distinct-pair replication-block bootstrap,30,30
PC-M01,conversion_rate,seeding_regime,tau_proportion,0.009480178753067618,0.009044499013370134,0.009481721933923593,0.009949433202028306,0.000904934188658172,1000,2.5th-97.5th percentile range from distinct-pair replication-block bootstrap,30,30
PC-M05,conversion_rate,topology,B_total_U,1.3660896672591703e-05,1.2863943669850314e-05,1.3636592512659343e-05,1.448214053526142e-05,1.6181968654111057e-06,1000,2.5th-97.5th percentile range from distinct-pair replication-block bootstrap,30,30
PC-M05,conversion_rate,topology,B_factor_U,1.1558755730963542e-08,-3.692889928473011e-08,9.696918096621036e-09,7.587411515167108e-08,1.128030144364012e-07,1000,2.5th-97.5th percentile range from distinct-pair replication-block bootstrap,30,30
PC-M05,conversion_rate,topology,q_proportion,2.819201854230326e-06,-8.984793924788981e-06,2.373960952910154e-06,1.8544708989486725e-05,2.7529502914275708e-05,1000,2.5th-97.5th percentile range from distinct-pair replication-block bootstrap,30,30
PC-M05,conversion_rate,topology,rho_proportion,0.004055933778462901,-0.016963014957189,0.003584520606105013,0.026815018431983376,0.043778033389172376,1000,2.5th-97.5th percentile range from distinct-pair replication-block bootstrap,30,30
PC-M05,conversion_rate,topology,tau_proportion,0.003331917909351734,0.0031579059306128844,0.0033263756322590133,0.0035149693438915088,0.00035706341327862434,1000,2.5th-97.5th percentile range from distinct-pair replication-block bootstrap,30,30
PC-M05,conversion_rate,message_condition,B_total_U,1.3660896672591703e-05,1.2863943669850314e-05,1.3636592512659343e-05,1.448214053526142e-05,1.6181968654111057e-06,1000,2.5th-97.5th percentile range from distinct-pair replication-block bootstrap,30,30
PC-M05,conversion_rate,message_condition,B_factor_U,3.001835749653151e-06,2.673489731073963e-06,2.99301105234135e-06,3.368722326056947e-06,6.952325949829839e-07,1000,2.5th-97.5th percentile range from distinct-pair replication-block bootstrap,30,30
PC-M05,conversion_rate,message_condition,q_proportion,0.0007321532791671498,0.0006554048021722154,0.0007296499599271102,0.0008202864756437193,0.0001648816734715039,1000,2.5th-97.5th percentile range from distinct-pair replication-block bootstrap,30,30
PC-M05,conversion_rate,message_condition,rho_proportion,0.004271919124500336,0.003861475342763184,0.004257235629463658,0.004754525997827042,0.0008930506550638585,1000,2.5th-97.5th percentile range from distinct-pair replication-block bootstrap,30,30
PC-M05,conversion_rate,message_condition,tau_proportion,0.003331917909351734,0.0031579059306128844,0.0033263756322590133,0.0035149693438915088,0.00035706341327862434,1000,2.5th-97.5th percentile range from distinct-pair replication-block bootstrap,30,30
PC-M05,conversion_rate,inoculation,B_total_U,1.3660896672591703e-05,1.2863943669850314e-05,1.3636592512659343e-05,1.448214053526142e-05,1.6181968654111057e-06,1000,2.5th-97.5th percentile range from distinct-pair replication-block bootstrap,30,30
PC-M05,conversion_rate,inoculation,B_factor_U,-2.8535655808501356e-09,-3.831683002870361e-08,-4.5871383718832015e-09,4.0539274419765624e-08,7.885610444846923e-08,1000,2.5th-97.5th percentile range from distinct-pair replication-block bootstrap,30,30
PC-M05,conversion_rate,inoculation,q_proportion,-6.959899113665172e-07,-9.317863078566802e-06,-1.120817571190874e-06,9.874232691749396e-06,1.91920957703162e-05,1000,2.5th-97.5th percentile range from distinct-pair replication-block bootstrap,30,30
PC-M05,conversion_rate,inoculation,rho_proportion,-0.0008916993015320952,-0.013875862639075526,-0.0014358561127119644,0.011525992524257445,0.025401855163332973,1000,2.5th-97.5th percentile range from distinct-pair replication-block bootstrap,30,30
PC-M05,conversion_rate,inoculation,tau_proportion,0.003331917909351734,0.0031579059306128844,0.0033263756322590133,0.0035149693438915088,0.00035706341327862434,1000,2.5th-97.5th percentile range from distinct-pair replication-block bootstrap,30,30
PC-M05,conversion_rate,seeding_regime,B_total_U,1.3660896672591703e-05,1.2863943669850314e-05,1.3636592512659343e-05,1.448214053526142e-05,1.6181968654111057e-06,1000,2.5th-97.5th percentile range from distinct-pair replication-block bootstrap,30,30
PC-M05,conversion_rate,seeding_regime,B_factor_U,1.0650355732788444e-05,1.0029474088163021e-05,1.0636355013635495e-05,1.122615402285525e-05,1.1966799346922285e-06,1000,2.5th-97.5th percentile range from distinct-pair replication-block bootstrap,30,30
PC-M05,conversion_rate,seeding_regime,q_proportion,0.0025976414182417216,0.002454389390929912,0.002595609892299734,0.002724748960901257,0.0002703595699713448,1000,2.5th-97.5th percentile range from distinct-pair replication-block bootstrap,30,30
PC-M05,conversion_rate,seeding_regime,rho_proportion,0.003140521517800835,0.002968500951357082,0.003137567819161337,0.0032916484025287533,0.0003231474511716714,1000,2.5th-97.5th percentile range from distinct-pair replication-block bootstrap,30,30
PC-M05,conversion_rate,seeding_regime,tau_proportion,0.003331917909351734,0.0031579059306128844,0.0033263756322590133,0.0035149693438915088,0.00035706341327862434,1000,2.5th-97.5th percentile range from distinct-pair replication-block bootstrap,30,30
S-A06,conversion_rate,topology,B_total_U,0.00032702643626624845,0.00032049841266094676,0.0003271844437709039,0.00033399775151869026,1.3499338857743501e-05,1000,2.5th-97.5th percentile range from distinct-pair replication-block bootstrap,30,30
S-A06,conversion_rate,topology,B_factor_U,2.847464560568266e-08,-1.3545476360496568e-07,2.2063949488740987e-08,2.2613402824975783e-07,3.6158879185472354e-07,1000,2.5th-97.5th percentile range from distinct-pair replication-block bootstrap,30,30
S-A06,conversion_rate,topology,q_proportion,6.945018612604605e-06,-3.275888812070958e-05,5.368659696446567e-06,5.492689403048159e-05,8.768578215119117e-05,1000,2.5th-97.5th percentile range from distinct-pair replication-block bootstrap,30,30
S-A06,conversion_rate,topology,rho_proportion,0.009991670351893588,-0.05985875258300306,0.007628525525181444,0.07274143234395367,0.13260018492695672,1000,2.5th-97.5th percentile range from distinct-pair replication-block bootstrap,30,30
S-A06,conversion_rate,topology,tau_proportion,0.07976235132596653,0.07820027916367149,0.0797854307347723,0.08122146609445526,0.0030211869307837647,1000,2.5th-97.5th percentile range from distinct-pair replication-block bootstrap,30,30
S-A06,conversion_rate,message_condition,B_total_U,0.00032702643626624845,0.00032049841266094676,0.0003271844437709039,0.00033399775151869026,1.3499338857743501e-05,1000,2.5th-97.5th percentile range from distinct-pair replication-block bootstrap,30,30
S-A06,conversion_rate,message_condition,B_factor_U,7.400725282098145e-06,6.512922160876725e-06,7.414164449444563e-06,8.385998437444545e-06,1.8730762765678202e-06,1000,2.5th-97.5th percentile range from distinct-pair replication-block bootstrap,30,30
S-A06,conversion_rate,message_condition,q_proportion,0.0018050505541915365,0.001590233012903288,0.001805885668589918,0.002049344132128142,0.00045911111922485406,1000,2.5th-97.5th percentile range from distinct-pair replication-block bootstrap,30,30
S-A06,conversion_rate,message_condition,rho_proportion,0.010531988591121689,0.009281657618121998,0.010530888072873577,0.011940741526963087,0.0026590839088410888,1000,2.5th-97.5th percentile range from distinct-pair replication-block bootstrap,30,30
S-A06,conversion_rate,message_condition,tau_proportion,0.07976235132596653,0.07820027916367149,0.0797854307347723,0.08122146609445526,0.0030211869307837647,1000,2.5th-97.5th percentile range from distinct-pair replication-block bootstrap,30,30
S-A06,conversion_rate,inoculation,B_total_U,0.00032702643626624845,0.00032049841266094676,0.0003271844437709039,0.00033399775151869026,1.3499338857743501e-05,1000,2.5th-97.5th percentile range from distinct-pair replication-block bootstrap,30,30
S-A06,conversion_rate,inoculation,B_factor_U,2.0292560168787573e-07,-2.6027464756472778e-08,1.8880429950010758e-07,4.803893200533557e-07,5.064167848098284e-07,1000,2.5th-97.5th percentile range from distinct-pair replication-block bootstrap,30,30
S-A06,conversion_rate,inoculation,q_proportion,4.9493928746738406e-05,-6.3375512818447645e-06,4.601316593231636e-05,0.0001176141795552955,0.00012395173083714026,1000,2.5th-97.5th percentile range from distinct-pair replication-block bootstrap,30,30
S-A06,conversion_rate,inoculation,rho_proportion,0.06341141009773137,-0.010672958751242393,0.05813219697173428,0.13877090236712067,0.14944386111836305,1000,2.5th-97.5th percentile range from distinct-pair replication-block bootstrap,30,30
S-A06,conversion_rate,inoculation,tau_proportion,0.07976235132596653,0.07820027916367149,0.0797854307347723,0.08122146609445526,0.0030211869307837647,1000,2.5th-97.5th percentile range from distinct-pair replication-block bootstrap,30,30
S-A06,conversion_rate,seeding_regime,B_total_U,0.00032702643626624845,0.00032049841266094676,0.0003271844437709039,0.00033399775151869026,1.3499338857743501e-05,1000,2.5th-97.5th percentile range from distinct-pair replication-block bootstrap,30,30
S-A06,conversion_rate,seeding_regime,B_factor_U,0.00031939431073685674,0.0003130060991321808,0.00031954257069458504,0.00032597024653289455,1.2964147400713725e-05,1000,2.5th-97.5th percentile range from distinct-pair replication-block bootstrap,30,30
S-A06,conversion_rate,seeding_regime,q_proportion,0.07790086182441565,0.07637615712200826,0.07793670020201109,0.07925699885116325,0.0028808417291549815,1000,2.5th-97.5th percentile range from distinct-pair replication-block bootstrap,30,30
S-A06,conversion_rate,seeding_regime,rho_proportion,0.09418133353463543,0.09252892153106632,0.09420854233513679,0.09569116323243612,0.0031622417013698056,1000,2.5th-97.5th percentile range from distinct-pair replication-block bootstrap,30,30
S-A06,conversion_rate,seeding_regime,tau_proportion,0.07976235132596653,0.07820027916367149,0.0797854307347723,0.08122146609445526,0.0030211869307837647,1000,2.5th-97.5th percentile range from distinct-pair replication-block bootstrap,30,30
S-A18,conversion_rate,topology,B_total_U,0.0067737586046934355,0.006711972589393217,0.006774988208990026,0.006840440294076769,0.00012846770468355213,1000,2.5th-97.5th percentile range from distinct-pair replication-block bootstrap,30,30
S-A18,conversion_rate,topology,B_factor_U,6.024955320693377e-06,4.142578253646774e-06,5.965564830613547e-06,8.123128900462414e-06,3.98055064681564e-06,1000,2.5th-97.5th percentile range from distinct-pair replication-block bootstrap,30,30
S-A18,conversion_rate,topology,q_proportion,0.0014694977216494663,0.001013218528748693,0.0014516639088807395,0.001966389492139236,0.0009531709633905428,1000,2.5th-97.5th percentile range from distinct-pair replication-block bootstrap,30,30
S-A18,conversion_rate,topology,rho_proportion,2.1141393042391936,1.584127491878919,2.133187806311481,3.1606441229924997,1.5765166311135808,1000,2.5th-97.5th percentile range from distinct-pair replication-block bootstrap,30,30
S-A18,conversion_rate,topology,tau_proportion,1.6521322245182923,1.640626428696615,1.6519723412593361,1.6644936982519258,0.02386726955531082,1000,2.5th-97.5th percentile range from distinct-pair replication-block bootstrap,30,30
S-A18,conversion_rate,message_condition,B_total_U,0.0067737586046934355,0.006711972589393217,0.006774988208990026,0.006840440294076769,0.00012846770468355213,1000,2.5th-97.5th percentile range from distinct-pair replication-block bootstrap,30,30
S-A18,conversion_rate,message_condition,B_factor_U,0.00024931370206215746,0.0002368442841357951,0.00024868793573782044,0.00026231034965377287,2.5466065517977765e-05,1000,2.5th-97.5th percentile range from distinct-pair replication-block bootstrap,30,30
S-A18,conversion_rate,message_condition,q_proportion,0.06080807203632031,0.05786919670759112,0.06069269928593851,0.0638348135315729,0.005965616823981779,1000,2.5th-97.5th percentile range from distinct-pair replication-block bootstrap,30,30
S-A18,conversion_rate,message_condition,rho_proportion,0.35479888330411513,0.33810618481274374,0.3539395846608102,0.3723199708999848,0.03421378608724107,1000,2.5th-97.5th percentile range from distinct-pair replication-block bootstrap,30,30
S-A18,conversion_rate,message_condition,tau_proportion,1.6521322245182923,1.640626428696615,1.6519723412593361,1.6644936982519258,0.02386726955531082,1000,2.5th-97.5th percentile range from distinct-pair replication-block bootstrap,30,30
S-A18,conversion_rate,inoculation,B_total_U,0.0067737586046934355,0.006711972589393217,0.006774988208990026,0.006840440294076769,0.00012846770468355213,1000,2.5th-97.5th percentile range from distinct-pair replication-block bootstrap,30,30
S-A18,conversion_rate,inoculation,B_factor_U,5.421368712636444e-06,3.885050919533658e-06,5.350415677710452e-06,7.096637080571397e-06,3.2115861610377395e-06,1000,2.5th-97.5th percentile range from distinct-pair replication-block bootstrap,30,30
S-A18,conversion_rate,inoculation,q_proportion,0.0013222818340375866,0.0009511706427191504,0.0013073449296821206,0.0017271566916570722,0.0007759860489379219,1000,2.5th-97.5th percentile range from distinct-pair replication-block bootstrap,30,30
S-A18,conversion_rate,inoculation,rho_proportion,1.694101837661518,1.303742810379191,1.69106991375358,2.2344771148293114,0.9307343044501204,1000,2.5th-97.5th percentile range from distinct-pair replication-block bootstrap,30,30
S-A18,conversion_rate,inoculation,tau_proportion,1.6521322245182923,1.640626428696615,1.6519723412593361,1.6644936982519258,0.02386726955531082,1000,2.5th-97.5th percentile range from distinct-pair replication-block bootstrap,30,30
S-A18,conversion_rate,seeding_regime,B_total_U,0.0067737586046934355,0.006711972589393217,0.006774988208990026,0.006840440294076769,0.00012846770468355213,1000,2.5th-97.5th percentile range from distinct-pair replication-block bootstrap,30,30
S-A18,conversion_rate,seeding_regime,B_factor_U,0.006512998578597949,0.006457743933702741,0.0065149774787951024,0.006573356113238446,0.00011561217953570506,1000,2.5th-97.5th percentile range from distinct-pair replication-block bootstrap,30,30
S-A18,conversion_rate,seeding_regime,q_proportion,1.5885323729262852,1.577627795217762,1.5884989634652502,1.5997361499705254,0.022108354752763404,1000,2.5th-97.5th percentile range from distinct-pair replication-block bootstrap,30,30
S-A18,conversion_rate,seeding_regime,rho_proportion,1.9205191539773905,1.9083798220654633,1.9203304339712421,1.9325984591397316,0.0242186370742683,1000,2.5th-97.5th percentile range from distinct-pair replication-block bootstrap,30,30
S-A18,conversion_rate,seeding_regime,tau_proportion,1.6521322245182923,1.640626428696615,1.6519723412593361,1.6644936982519258,0.02386726955531082,1000,2.5th-97.5th percentile range from distinct-pair replication-block bootstrap,30,30
