design,outcome,tau,omega,ss_sys,ss_mc,factor,allocation,p_sys,q_sys,rho,factor_ss
C-D1,mean_total_shift,0.0007140595665477367,0.0570490831804594,0.01036772837197347,0.0010103518723019076,topology,main,0.00012612924908397347,9.006379692989362e-08,0.0004806560035262959,1.3076737942636206e-06
C-D1,mean_total_shift,0.0007140595665477367,0.0570490831804594,0.01036772837197347,0.0010103518723019076,topology,shapley,0.000998249024688613,7.12809265875852e-07,0.0019311967829180813,1.0349574735558979e-05
C-D1,mean_total_shift,0.0007140595665477367,0.0570490831804594,0.01036772837197347,0.0010103518723019076,message_condition,main,0.9960913969384002,0.0007112685911397637,0.008727386898986854,0.01032720503711694
C-D1,mean_total_shift,0.0007140595665477367,0.0570490831804594,0.01036772837197347,0.0010103518723019076,message_condition,shapley,0.9968974042944058,0.0007118441284030272,0.00557726219155257,0.010335561502449818
C-D1,mean_total_shift,0.0007140595665477367,0.0570490831804594,0.01036772837197347,0.0010103518723019076,inoculation,main,0.0005324878662025177,3.8022805493249904e-07,0.0027863885314171975,5.5206895581594564e-06
C-D1,mean_total_shift,0.0007140595665477367,0.0570490831804594,0.01036772837197347,0.0010103518723019076,inoculation,shapley,0.0012580841989351071,8.983470577721592e-07,0.0033982722601414617,1.3043475243631026e-05
C-D1,mean_total_shift,0.0007140595665477367,0.0570490831804594,0.01036772837197347,0.0010103518723019076,seeding_regime,main,0.0001450968989549923,1.0360782877522256e-07,1.2552369309869949e-07,1.5043252359810415e-06
C-D1,mean_total_shift,0.0007140595665477367,0.0570490831804594,0.01036772837197347,0.0010103518723019076,seeding_regime,shapley,0.0008462624819706876,6.042818210616011e-07,6.931957619143185e-07,8.773819544464185e-06
C-D5,mean_total_shift,0.017629236309321828,0.14202249021334468,0.2559662275012204,0.0025152496919561653,topology,main,0.00024439820629265494,4.308553732307599e-06,0.022994058528992587,6.255768687279591e-05
C-D5,mean_total_shift,0.017629236309321828,0.14202249021334468,0.2559662275012204,0.0025152496919561653,topology,shapley,0.00040401476040215456,7.122471683583622e-06,0.01929673905804344,0.00010341413407494893
C-D5,mean_total_shift,0.017629236309321828,0.14202249021334468,0.2559662275012204,0.0025152496919561653,message_condition,main,0.2466523860492884,0.00434829319992098,0.05335429903509825,0.063134680761211
C-D5,mean_total_shift,0.017629236309321828,0.14202249021334468,0.2559662275012204,0.0025152496919561653,message_condition,shapley,0.2898148662838226,0.005109214763672015,0.0400304353059393,0.07418281799644069
C-D5,mean_total_shift,0.017629236309321828,0.14202249021334468,0.2559662275012204,0.0025152496919561653,inoculation,main,0.00019936611983897932,3.5146724387139414e-06,0.025756234575218837,5.103099358673975e-05
C-D5,mean_total_shift,0.017629236309321828,0.14202249021334468,0.2559662275012204,0.0025152496919561653,inoculation,shapley,0.0003201917929288363,5.644736781847898e-06,0.02135294177856479,8.195828531284616e-05
C-D5,mean_total_shift,0.017629236309321828,0.14202249021334468,0.2559662275012204,0.0025152496919561653,seeding_regime,main,0.6662353423917097,0.01174522028864539,0.014229652761926392,0.17053374721998982
C-D5,mean_total_shift,0.017629236309321828,0.14202249021334468,0.2559662275012204,0.0025152496919561653,seeding_regime,shapley,0.7094609271628465,0.012507254337184382,0.014347569954180147,0.1815980370853919
C-D10,mean_total_shift,0.06800605126666832,0.23764783166116377,0.9874081942380698,0.004208795624424474,topology,main,0.0002790695094878445,1.8978415369194335e-05,0.1012847514270322,0.00027555552043029643
C-D10,mean_total_shift,0.06800605126666832,0.23764783166116377,0.9874081942380698,0.004208795624424474,topology,shapley,0.0005013479888194842,3.40946970300989e-05,0.09237193225622498,0.0004950351123251349
C-D10,mean_total_shift,0.06800605126666832,0.23764783166116377,0.9874081942380698,0.004208795624424474,message_condition,main,0.16423091030182116,0.011168695705557256,0.13704180079603384,0.16216294657919564
C-D10,mean_total_shift,0.06800605126666832,0.23764783166116377,0.9874081942380698,0.004208795624424474,message_condition,shapley,0.21098875205710568,0.0143485118890859,0.11241985382891727,0.20833202267325054
C-D10,mean_total_shift,0.06800605126666832,0.23764783166116377,0.9874081942380698,0.004208795624424474,inoculation,main,0.0001523362753085861,1.0359788548409008e-05,0.07591863784043672,0.00015041808651940447
C-D10,mean_total_shift,0.06800605126666832,0.23764783166116377,0.9874081942380698,0.004208795624424474,inoculation,shapley,0.00027819408980709714,1.891888153350558e-05,0.07156645057384975,0.0002746911238641292
C-D10,mean_total_shift,0.06800605126666832,0.23764783166116377,0.9874081942380698,0.004208795624424474,seeding_regime,main,0.7413269429187999,0.050414718085498404,0.06107879757185813,0.7319922980474808
C-D10,mean_total_shift,0.06800605126666832,0.23764783166116377,0.9874081942380698,0.004208795624424474,seeding_regime,shapley,0.7882317058642684,0.05360452579901886,0.06149188806975322,0.7783064453286306
C-D50,mean_total_shift,1.0,1.0,14.519416667293346,0.017710221023288522,topology,main,0.00018737682723017602,0.00018737682723017602,1.0,0.0027206022283503633
C-D50,mean_total_shift,1.0,1.0,14.519416667293346,0.017710221023288522,topology,shapley,0.00036910234740489847,0.00036910234740489847,1.0,0.0053591507748477814
C-D50,mean_total_shift,1.0,1.0,14.519416667293346,0.017710221023288522,message_condition,main,0.08149845989093638,0.08149845989093638,1.0,1.1833100968991999
C-D50,mean_total_shift,1.0,1.0,14.519416667293346,0.017710221023288522,message_condition,shapley,0.12763325516257784,0.12763325516257784,1.0,1.853160412308437
C-D50,mean_total_shift,1.0,1.0,14.519416667293346,0.017710221023288522,inoculation,main,0.0001364590941447457,0.0001364590941447457,1.0,0.0019813064459289725
C-D50,mean_total_shift,1.0,1.0,14.519416667293346,0.017710221023288522,inoculation,shapley,0.00026435405670961846,0.00026435405670961846,1.0,0.0038382666970562442
C-D50,mean_total_shift,1.0,1.0,14.519416667293346,0.017710221023288522,seeding_regime,main,0.8254045608246687,0.8254045608246687,1.0,11.98439273769764
C-D50,mean_total_shift,1.0,1.0,14.519416667293346,0.017710221023288522,seeding_regime,shapley,0.8717332884333078,0.8717332884333078,1.0,12.657058837513006
E-S,mean_total_shift,0.893445345314025,0.9999160164239238,12.972305238068113,0.017708733655593886,topology,main,0.00020866915559631971,0.00018643448577813988,0.9949708751825617,0.0027069199801653884
E-S,mean_total_shift,0.893445345314025,0.9999160164239238,12.972305238068113,0.017708733655593886,topology,shapley,0.0003916986267332224,0.00034996131482069326,0.9481416666169077,0.0050812341473154676
E-S,mean_total_shift,0.893445345314025,0.9999160164239238,12.972305238068113,0.017708733655593886,message_condition,main,0.0074425666623993605,0.006649526541710048,0.08159082454574772,0.09654724649931434
E-S,mean_total_shift,0.893445345314025,0.9999160164239238,12.972305238068113,0.017708733655593886,message_condition,shapley,0.012817900097689456,0.011452093178980832,0.08972656197159025,0.16627771257829072
E-S,mean_total_shift,0.893445345314025,0.9999160164239238,12.972305238068113,0.017708733655593886,inoculation,main,0.00016953563103155075,0.000151470820410015,1.1100089837130676,0.002199267954469769
E-S,mean_total_shift,0.893445345314025,0.9999160164239238,12.972305238068113,0.017708733655593886,inoculation,shapley,0.0003175652451573197,0.0002837271901193145,1.073284797104425,0.004119553293182683
E-S,mean_total_shift,0.893445345314025,0.9999160164239238,12.972305238068113,0.017708733655593886,seeding_regime,main,0.9808506631640758,0.876336459452118,1.0617053758178447,12.723894195525922
E-S,mean_total_shift,0.893445345314025,0.9999160164239238,12.972305238068113,0.017708733655593886,seeding_regime,shapley,0.98647283603042,0.8813595636301041,1.011042683954512,12.796826738049324
E-SD,mean_total_shift,2.0963918022549474e-05,0.05338740006932486,0.0003043838607483762,0.0009455026550864722,topology,main,0.007581253259649935,1.5893277184348722e-07,0.0008481986497095087,2.3076111364834588e-06
E-SD,mean_total_shift,2.0963918022549474e-05,0.05338740006932486,0.0003043838607483762,0.0009455026550864722,topology,shapley,0.03854939892370706,8.081464388551518e-07,0.002189491463647155,1.1733814873927254e-05
E-SD,mean_total_shift,2.0963918022549474e-05,0.05338740006932486,0.0003043838607483762,0.0009455026550864722,message_condition,main,0.865377103158164,1.8141694649199088e-05,0.00022260168687208122,0.00026340682366252777
E-SD,mean_total_shift,2.0963918022549474e-05,0.05338740006932486,0.0003043838607483762,0.0009455026550864722,message_condition,shapley,0.893939656725843,1.8740477680706588e-05,0.0001468306802708681,0.0002721008039902902
E-SD,mean_total_shift,2.0963918022549474e-05,0.05338740006932486,0.0003043838607483762,0.0009455026550864722,inoculation,main,0.017622248086000557,3.694313642479451e-07,0.0027072681858497437,5.363927907482533e-06
E-SD,mean_total_shift,2.0963918022549474e-05,0.05338740006932486,0.0003043838607483762,0.0009455026550864722,inoculation,shapley,0.04202175163269335,8.809405563917181e-07,0.0033324268496450326,1.2790742997368584e-05
E-SD,mean_total_shift,2.0963918022549474e-05,0.05338740006932486,0.0003043838607483762,0.0009455026550864722,seeding_regime,main,0.003648820694502115,7.649357791852438e-08,9.267404318931676e-08,1.1106421301711252e-06
E-SD,mean_total_shift,2.0963918022549474e-05,0.05338740006932486,0.0003043838607483762,0.0009455026550864722,seeding_regime,shapley,0.02548919271775654,5.343533465960131e-07,6.129780217024419e-07,7.758498886790131e-06
CS-0,mean_total_shift,0.048989858083720875,0.4871391915565029,0.7113041619891125,0.008627342751571752,topology,main,0.0016201593300086484,7.937137565013998e-05,0.4235922703112013,0.0011524260745206436
CS-0,mean_total_shift,0.048989858083720875,0.4871391915565029,0.7113041619891125,0.008627342751571752,topology,shapley,0.0020620831285152524,0.00010102115982279738,0.2736941678454812,0.001466768311680429
CS-0,mean_total_shift,0.048989858083720875,0.4871391915565029,0.7113041619891125,0.008627342751571752,message_condition,main,0.9907259263525225,0.04853552253187298,0.5955391377557887,0.7047074748050682
CS-0,mean_total_shift,0.048989858083720875,0.4871391915565029,0.7113041619891125,0.008627342751571752,message_condition,shapley,0.9914814022090912,0.048572533186871956,0.3805633032315974,0.7052448479261278
CS-0,mean_total_shift,0.048989858083720875,0.4871391915565029,0.7113041619891125,0.008627342751571752,inoculation,main,0.0010665607589906124,5.225066022061572e-05,0.38290346677218956,0.0007586491068842893
CS-0,mean_total_shift,0.048989858083720875,0.4871391915565029,0.7113041619891125,0.008627342751571752,inoculation,shapley,0.0014364598879795954,7.037196605507797e-05,0.26620346565128955,0.0010217598968503005
CS-0,mean_total_shift,0.048989858083720875,0.4871391915565029,0.7113041619891125,0.008627342751571752,seeding_regime,main,0.0044891241966469805,0.00021992155731393302,0.00026644092818460747,0.003193132724761028
CS-0,mean_total_shift,0.048989858083720875,0.4871391915565029,0.7113041619891125,0.008627342751571752,seeding_regime,shapley,0.005020054774413908,0.00024593177097104277,0.00028211813662988035,0.0035707858544539285
CS-15,mean_total_shift,0.06203007035246954,0.5058062773821922,0.900640437349025,0.008957940967405407,topology,main,0.0011288000101785907,7.001954404524631e-05,0.3736830486473839,0.0010166429348468298
CS-15,mean_total_shift,0.06203007035246954,0.5058062773821922,0.900640437349025,0.008957940967405407,topology,shapley,0.0015271283869436056,9.472788127936517e-05,0.2566439415662953,0.001375393578305
CS-15,mean_total_shift,0.06203007035246954,0.5058062773821922,0.900640437349025,0.008957940967405407,message_condition,main,0.7516057516568563,0.04662215765259554,0.5720618244195863,0.6769265328862737
CS-15,mean_total_shift,0.06203007035246954,0.5058062773821922,0.900640437349025,0.008957940967405407,message_condition,shapley,0.7647212841450939,0.04743571505555102,0.37165639155036767,0.6887389118025453
CS-15,mean_total_shift,0.06203007035246954,0.5058062773821922,0.900640437349025,0.008957940967405407,inoculation,main,0.0007346691340790112,4.557157807270894e-05,0.33395779415309607,0.0006616727302237502
CS-15,mean_total_shift,0.06203007035246954,0.5058062773821922,0.900640437349025,0.008957940967405407,inoculation,shapley,0.0010752835165111704,6.669991217803874e-05,0.2523127997665106,0.0009684438165848181
CS-15,mean_total_shift,0.06203007035246954,0.5058062773821922,0.900640437349025,0.008957940967405407,seeding_regime,main,0.21964992730883445,0.01362490044388182,0.01650693622321285,0.1978256065951102
CS-15,mean_total_shift,0.06203007035246954,0.5058062773821922,0.900640437349025,0.008957940967405407,seeding_regime,shapley,0.23267630395145125,0.014432927503461108,0.016556586395134895,0.20955768815158973
CS-30,mean_total_shift,0.11329766791826283,0.4928977353292736,1.645016047937892,0.008729327834559803,topology,main,0.0005782702716595602,6.551667320548848e-05,0.3496519509587329,0.0009512638769253808
CS-30,mean_total_shift,0.11329766791826283,0.4928977353292736,1.645016047937892,0.008729327834559803,topology,shapley,0.0008320546552382226,9.42698520190248e-05,0.2554030140469752,0.001368743260628306
CS-30,mean_total_shift,0.11329766791826283,0.4928977353292736,1.645016047937892,0.008729327834559803,message_condition,main,0.38777131751157395,0.04393358595965356,0.539072591291256,0.6378900402365588
CS-30,mean_total_shift,0.11329766791826283,0.4928977353292736,1.645016047937892,0.008729327834559803,message_condition,shapley,0.4207992368962547,0.04767557220213028,0.37353565997671734,0.6922214976543577
CS-30,mean_total_shift,0.11329766791826283,0.4928977353292736,1.645016047937892,0.008729327834559803,inoculation,main,0.0004357259623790905,4.936673538899168e-05,0.3617694789665473,0.000716776200616786
CS-30,mean_total_shift,0.11329766791826283,0.4928977353292736,1.645016047937892,0.008729327834559803,inoculation,shapley,0.0006498096708368699,7.362192029655136e-05,0.2784974106806383,0.0010689473366318901
CS-30,mean_total_shift,0.11329766791826283,0.4928977353292736,1.645016047937892,0.008729327834559803,seeding_regime,main,0.5446818935158207,0.06171118829264605,0.07476477744560786,0.896010455854723
CS-30,mean_total_shift,0.11329766791826283,0.4928977353292736,1.645016047937892,0.008729327834559803,seeding_regime,shapley,0.57771889877767,0.06545420394381696,0.0750851261645087,0.9503568596862738
CS-45,mean_total_shift,0.2061169692879262,0.49538455885637106,2.9926981592911064,0.008773370028870613,topology,main,0.00032739778575294876,6.748223935097558e-05,0.3601418614484253,0.0009798027507788337
CS-45,mean_total_shift,0.2061169692879262,0.49538455885637106,2.9926981592911064,0.008773370028870613,topology,shapley,0.0005347852131429419,0.00011022830735302082,0.2986388684006455,0.001600450722988984
CS-45,mean_total_shift,0.2061169692879262,0.49538455885637106,2.9926981592911064,0.008773370028870613,message_condition,main,0.19286354298461084,0.039752448966119666,0.48776932741204626,0.577182370084406
CS-45,mean_total_shift,0.2061169692879262,0.49538455885637106,2.9926981592911064,0.008773370028870613,message_condition,shapley,0.23684893696453654,0.04881858506619735,0.3824911070709023,0.7088173776838238
CS-45,mean_total_shift,0.2061169692879262,0.49538455885637106,2.9926981592911064,0.008773370028870613,inoculation,main,0.000250404297273591,5.16125748507055e-05,0.3782274473840395,0.0007493844795292588
CS-45,mean_total_shift,0.2061169692879262,0.49538455885637106,2.9926981592911064,0.008773370028870613,inoculation,shapley,0.00040686632590992793,8.386205400186799e-05,0.317233845569417,0.0012176281046281767
CS-45,mean_total_shift,0.2061169692879262,0.49538455885637106,2.9926981592911064,0.008773370028870613,seeding_regime,main,0.7181076428306243,0.14801417096274488,0.1793231803987885,2.1490794208720847
CS-45,mean_total_shift,0.2061169692879262,0.49538455885637106,2.9926981592911064,0.008773370028870613,seeding_regime,shapley,0.7622094114964106,0.15710429386037397,0.18022059722271727,2.2810627027796655
CS-45-R,mean_total_shift,0.24333565721735914,0.48053356228055916,3.5330917971485047,0.008510355597096883,topology,main,0.00015469093059115925,3.7641819260964625e-05,0.2008883372474065,0.0005465372579648934
CS-45-R,mean_total_shift,0.24333565721735914,0.48053356228055916,3.5330917971485047,0.008510355597096883,topology,shapley,0.0003140872122753537,7.642861822259139e-05,0.20706619386180874,0.0011096989532792933
CS-45-R,mean_total_shift,0.24333565721735914,0.48053356228055916,3.5330917971485047,0.008510355597096883,message_condition,main,0.18483756802437892,0.04497757109367058,0.5518824669062566,0.653048095391812
CS-45-R,mean_total_shift,0.24333565721735914,0.48053356228055916,3.5330917971485047,0.008510355597096883,message_condition,shapley,0.2310258145857102,0.05621681842638955,0.44045588553532683,0.8162354104423241
CS-45-R,mean_total_shift,0.24333565721735914,0.48053356228055916,3.5330917971485047,0.008510355597096883,inoculation,main,0.0002172362109123026,5.2861316153754e-05,0.3873784776680595,0.0007675154748178788
CS-45-R,mean_total_shift,0.24333565721735914,0.48053356228055916,3.5330917971485047,0.008510355597096883,inoculation,shapley,0.0003946347196728017,9.602869887236949e-05,0.36325789763783684,0.0013942806909459753
CS-45-R,mean_total_shift,0.24333565721735914,0.48053356228055916,3.5330917971485047,0.008510355597096883,seeding_regime,main,0.7219693984610588,0.17568089806534318,0.2128421702562667,2.550784159495007
CS-45-R,mean_total_shift,0.24333565721735914,0.48053356228055916,3.5330917971485047,0.008510355597096883,seeding_regime,shapley,0.7682654634823417,0.18694638147387466,0.2144536453458804,2.7143524070619556
D-A95,mean_total_shift,0.13929664040367773,0.922721477885881,2.022505962375126,0.016341601316294384,topology,main,0.0012737406471917325,0.00017742779289941452,0.9469036034080138,0.002576148053464831
D-A95,mean_total_shift,0.13929664040367773,0.922721477885881,2.022505962375126,0.016341601316294384,topology,shapley,0.0017424825020601038,0.00024272195849916691,0.6576006904472634,0.003524181249750888
D-A95,mean_total_shift,0.13929664040367773,0.922721477885881,2.022505962375126,0.016341601316294384,message_condition,main,0.9839030098157757,0.1370543837504043,1.6816806591660074,1.9899497037512386
D-A95,mean_total_shift,0.13929664040367773,0.922721477885881,2.022505962375126,0.016341601316294384,message_condition,shapley,0.9851701595523427,0.13723089345159648,1.0751970031383535,1.9925125216486672
D-A95,mean_total_shift,0.13929664040367773,0.922721477885881,2.022505962375126,0.016341601316294384,inoculation,main,0.0012661233250848335,0.0001763667255210508,1.2924512406184818,0.0025607419740862956
D-A95,mean_total_shift,0.13929664040367773,0.922721477885881,2.022505962375126,0.016341601316294384,inoculation,shapley,0.0016971541985075394,0.00023640787809909658,0.8942850396987873,0.0034325044855514765
D-A95,mean_total_shift,0.13929664040367773,0.922721477885881,2.022505962375126,0.016341601316294384,seeding_regime,main,0.01030600595798327,0.001435592005927356,0.0017392586303291609,0.020843958498294738
D-A95,mean_total_shift,0.13929664040367773,0.922721477885881,2.022505962375126,0.016341601316294384,seeding_regime,shapley,0.01139020374708973,0.0015866171154829808,0.0018200717312682566,0.023036754991156483
S-A06,mean_total_shift,0.15650306599843342,0.21135016466191353,2.2723332249401644,0.003743058129470912,topology,main,0.0001588211213947504,2.4855992443587823e-05,0.1326524352611351,0.0003608945109675465
S-A06,mean_total_shift,0.15650306599843342,0.21135016466191353,2.2723332249401644,0.003743058129470912,topology,shapley,0.0003354631369994529,5.2501009469866885e-05,0.14223970624677237,0.000762284031946511
S-A06,mean_total_shift,0.15650306599843342,0.21135016466191353,2.2723332249401644,0.003743058129470912,message_condition,main,0.008612621625080117,0.0013479016906094484,0.016538983588318724,0.019570746272507704
S-A06,mean_total_shift,0.15650306599843342,0.21135016466191353,2.2723332249401644,0.003743058129470912,message_condition,shapley,0.014989182204861947,0.0023458529718700526,0.018379637570803402,0.03406041673878967
S-A06,mean_total_shift,0.15650306599843342,0.21135016466191353,2.2723332249401644,0.003743058129470912,inoculation,main,0.00021627662978094316,3.3847955664525694e-05,0.248044704361164,0.0004914525716293206
S-A06,mean_total_shift,0.15650306599843342,0.21135016466191353,2.2723332249401644,0.003743058129470912,inoculation,shapley,0.00043587513884997184,6.821579562251347e-05,0.25804709211421556,0.0009904535599341985
S-A06,mean_total_shift,0.15650306599843342,0.21135016466191353,2.2723332249401644,0.003743058129470912,seeding_regime,main,0.9775877611723741,0.15299548190602083,0.18535817363689114,2.221405150006856
S-A06,mean_total_shift,0.15650306599843342,0.21135016466191353,2.2723332249401644,0.003743058129470912,seeding_regime,shapley,0.9842394795192886,0.15403649622147095,0.1767014042773423,2.236520070609494
S-A18,mean_total_shift,1.4175609962121325,1.4306355174090415,20.582158755307397,0.025336871217080857,topology,main,0.00021988280089313734,0.0003116972822839898,1.6634782800601964,0.0045256627155442
S-A18,mean_total_shift,1.4175609962121325,1.4306355174090415,20.582158755307397,0.025336871217080857,topology,shapley,0.0003958447001312754,0.0005611340074633836,1.5202666994903449,0.00814733846054896
S-A18,mean_total_shift,1.4175609962121325,1.4306355174090415,20.582158755307397,0.025336871217080857,message_condition,main,0.006939054898346521,0.009836533574470775,0.12069594428697561,0.14282072952956154
S-A18,mean_total_shift,1.4175609962121325,1.4306355174090415,20.582158755307397,0.025336871217080857,message_condition,shapley,0.011837698947992104,0.016780660313575002,0.13147561183956313,0.24364539904510885
S-A18,mean_total_shift,1.4175609962121325,1.4306355174090415,20.582158755307397,0.025336871217080857,inoculation,main,0.00015968841388529006,0.0002263680670707671,1.6588712426205368,0.003286732285970274
S-A18,mean_total_shift,1.4175609962121325,1.4306355174090415,20.582158755307397,0.025336871217080857,inoculation,shapley,0.00028846172361426514,0.00040891208829570657,1.546834928071026,0.00593716499025841
S-A18,mean_total_shift,1.4175609962121325,1.4306355174090415,20.582158755307397,0.025336871217080857,seeding_regime,main,0.9823363085636811,1.3925216361828807,1.6870777098585457,20.21860185396032
S-A18,mean_total_shift,1.4175609962121325,1.4306355174090415,20.582158755307397,0.025336871217080857,seeding_regime,shapley,0.9874779946282625,1.3998102898027986,1.6057781759356224,20.324428852811483
J-S06-D05,mean_total_shift,3.605167678339579e-06,0.010229207548298145,5.2344931677270935e-05,0.00018116152657345145,topology,main,0.008784177266385635,3.1668431961578805e-08,0.00016900932964713353,4.598071588499926e-07
J-S06-D05,mean_total_shift,3.605167678339579e-06,0.010229207548298145,5.2344931677270935e-05,0.00018116152657345145,topology,shapley,0.04381377797642317,1.579560162265473e-07,0.0004279463875998395,2.2934292146989888e-06
J-S06-D05,mean_total_shift,3.605167678339579e-06,0.010229207548298145,5.2344931677270935e-05,0.00018116152657345145,message_condition,main,0.8363029796436761,3.0150124715104635e-06,3.699471714613063e-05,4.3776222330946326e-05
J-S06-D05,mean_total_shift,3.605167678339579e-06,0.010229207548298145,5.2344931677270935e-05,0.00018116152657345145,message_condition,shapley,0.8682266239546815,3.13010256215531e-06,2.4524192838051646e-05,4.544726331129541e-05
J-S06-D05,mean_total_shift,3.605167678339579e-06,0.010229207548298145,5.2344931677270935e-05,0.00018116152657345145,inoculation,main,0.029922835755940756,1.0787684031158146e-07,0.0007905434297926213,1.5663087932349186e-06
J-S06-D05,mean_total_shift,3.605167678339579e-06,0.010229207548298145,5.2344931677270935e-05,0.00018116152657345145,inoculation,shapley,0.061922780805644624,2.2324200791341646e-07,0.0008444811125355198,3.241343730538092e-06
J-S06-D05,mean_total_shift,3.605167678339579e-06,0.010229207548298145,5.2344931677270935e-05,0.00018116152657345145,seeding_regime,main,0.0005994749784465622,2.1612078162688617e-09,2.618361854106525e-09,3.1379476789018766e-08
J-S06-D05,mean_total_shift,3.605167678339579e-06,0.010229207548298145,5.2344931677270935e-05,0.00018116152657345145,seeding_regime,shapley,0.026036817263250727,9.386709204430549e-08,1.0767868256242096e-07,1.3628954207384478e-06
J-S06-D50,mean_total_shift,0.0003831978994274411,0.08418987688041253,0.005563809967818588,0.0014910213274755542,topology,main,0.028011128254904302,1.0733805507871974e-05,0.05728459418669969,0.00015584859459448144
J-S06-D50,mean_total_shift,0.0003831978994274411,0.08418987688041253,0.005563809967818588,0.0014910213274755542,topology,shapley,0.03496447788143559,1.3398314478743345e-05,0.03629972708909825,0.0001945357105563039
J-S06-D50,mean_total_shift,0.0003831978994274411,0.08418987688041253,0.005563809967818588,0.0014910213274755542,message_condition,main,0.8734756473225089,0.0003347140332550098,0.00410699826356147,0.004859852513219768
J-S06-D50,mean_total_shift,0.0003831978994274411,0.08418987688041253,0.005563809967818588,0.0014910213274755542,message_condition,shapley,0.876835452438885,0.00033600150351809066,0.0026325545257785336,0.0048785458304161896
J-S06-D50,mean_total_shift,0.0003831978994274411,0.08418987688041253,0.005563809967818588,0.0014910213274755542,inoculation,main,0.023920663523412374,9.166348015082233e-06,0.06717286284605738,0.00013309002614839626
J-S06-D50,mean_total_shift,0.0003831978994274411,0.08418987688041253,0.005563809967818588,0.0014910213274755542,inoculation,shapley,0.031153202171580692,1.1937841632588118e-05,0.04515853390402601,0.00017333049677170832
J-S06-D50,mean_total_shift,0.0003831978994274411,0.08418987688041253,0.005563809967818588,0.0014910213274755542,seeding_regime,main,0.054806833619452114,2.1001863517243307e-05,2.5444326956783674e-05,0.00030493480719648254
J-S06-D50,mean_total_shift,0.0003831978994274411,0.08418987688041253,0.005563809967818588,0.0014910213274755542,seeding_regime,shapley,0.0570468675080986,2.1860239798018926e-05,2.5076752360009656e-05,0.0003173979300743853
J-S06-D95,mean_total_shift,0.0015318760255626437,0.16955281724419993,0.022241946297781336,0.0030028178685160265,topology,main,0.018480847852747784,2.8310367757695195e-05,0.15108788090919262,0.00041105002547828375
J-S06-D95,mean_total_shift,0.0015318760255626437,0.16955281724419993,0.022241946297781336,0.0030028178685160265,topology,shapley,0.023878582142101836,3.657902750791408e-05,0.09910266831163651,0.0005311061416717895
J-S06-D95,mean_total_shift,0.0015318760255626437,0.16955281724419993,0.022241946297781336,0.0030028178685160265,message_condition,main,0.8546011870296935,0.0013091430698281643,0.016063408702202443,0.019007993707934625
J-S06-D95,mean_total_shift,0.0015318760255626437,0.16955281724419993,0.022241946297781336,0.0030028178685160265,message_condition,shapley,0.8571893781116987,0.0013131078576962632,0.010288132634583681,0.019065560114988982
J-S06-D95,mean_total_shift,0.0015318760255626437,0.16955281724419993,0.022241946297781336,0.0030028178685160265,inoculation,main,0.02060332062585305,3.156173291372461e-05,0.23129079898659052,0.0004582579509161941
J-S06-D95,mean_total_shift,0.0015318760255626437,0.16955281724419993,0.022241946297781336,0.0030028178685160265,inoculation,shapley,0.026368459682367902,4.039321121843455e-05,0.15279966466640896,0.0005864858642104392
J-S06-D95,mean_total_shift,0.0015318760255626437,0.16955281724419993,0.022241946297781336,0.0030028178685160265,seeding_regime,main,0.09155202483105196,0.00014024635193040435,0.00016991225707583082,0.002036295219745401
J-S06-D95,mean_total_shift,0.0015318760255626437,0.16955281724419993,0.022241946297781336,0.0030028178685160265,seeding_regime,shapley,0.0925635800638316,0.0001417959291400319,0.0001626597619036319,0.0020587941769101255
J-S14-D50,mean_total_shift,0.0023505089262744624,0.4492969808566959,0.03412801848077122,0.007957148836068316,topology,main,0.0334754366604106,7.86843126812305e-05,0.41992552571387987,0.0011424503209983793
J-S14-D50,mean_total_shift,0.0023505089262744624,0.4492969808566959,0.03412801848077122,0.007957148836068316,topology,shapley,0.039688679737918356,9.328859599602549e-05,0.25274452100324796,0.0013544959955730878
J-S14-D50,mean_total_shift,0.0023505089262744624,0.4492969808566959,0.03412801848077122,0.007957148836068316,message_condition,main,0.8416363409824336,0.0019782737321561873,0.024273756029298852,0.02872338059913716
J-S14-D50,mean_total_shift,0.0023505089262744624,0.4492969808566959,0.03412801848077122,0.007957148836068316,message_condition,shapley,0.8454091891742346,0.001987141845508494,0.015569154316226555,0.028852140431952087
J-S14-D50,mean_total_shift,0.0023505089262744624,0.4492969808566959,0.03412801848077122,0.007957148836068316,inoculation,main,0.02086041118648753,4.903258269959459e-05,0.35932074008628884,0.000711924498488933
J-S14-D50,mean_total_shift,0.0023505089262744624,0.4492969808566959,0.03412801848077122,0.007957148836068316,inoculation,shapley,0.02752858540864772,6.47061857307354e-05,0.244770920242818,0.0009394960715758184
J-S14-D50,mean_total_shift,0.0023505089262744624,0.4492969808566959,0.03412801848077122,0.007957148836068316,seeding_regime,main,0.08506845015117533,0.00019995415142467178,0.00024224987468556737,0.002903217638889877
J-S14-D50,mean_total_shift,0.0023505089262744624,0.4492969808566959,0.03412801848077122,0.007957148836068316,seeding_regime,shapley,0.08737354567919962,0.00020537229903920822,0.0002355907497903475,0.002981885981670233
J-S14-D95,mean_total_shift,0.009823855463019997,0.8941546808754863,0.14263665074685333,0.015835677027312877,topology,main,0.018701376727976622,0.00018371962193512817,0.9804820833551884,0.002667501740833732
J-S14-D95,mean_total_shift,0.009823855463019997,0.8941546808754863,0.14263665074685333,0.015835677027312877,topology,shapley,0.024107597540572883,0.00023682955379924437,0.6416365419086504,0.003438626970740395
J-S14-D95,mean_total_shift,0.009823855463019997,0.8941546808754863,0.14263665074685333,0.015835677027312877,message_condition,main,0.8137199102473617,0.007993866785651687,0.09808610857615362,0.11606628264371377
J-S14-D95,mean_total_shift,0.009823855463019997,0.8941546808754863,0.14263665074685333,0.015835677027312877,message_condition,shapley,0.8167579779770956,0.008023712323915458,0.06286537402571876,0.1164996224494251
J-S14-D95,mean_total_shift,0.009823855463019997,0.8941546808754863,0.14263665074685333,0.015835677027312877,inoculation,main,0.019626991801691755,0.00019281273063369823,1.4129709114819182,0.0027995283748292604
J-S14-D95,mean_total_shift,0.009823855463019997,0.8941546808754863,0.14263665074685333,0.015835677027312877,inoculation,shapley,0.02515751550850056,0.0002471437961641935,0.9348969304286877,0.0035883837532445406
J-S14-D95,mean_total_shift,0.009823855463019997,0.8941546808754863,0.14263665074685333,0.015835677027312877,seeding_regime,main,0.13214233553402985,0.0012981472048322006,0.0015727405280329572,0.018848340162440923
J-S14-D95,mean_total_shift,0.009823855463019997,0.8941546808754863,0.14263665074685333,0.015835677027312877,seeding_regime,shapley,0.13397690897383105,0.001316169789141103,0.0015098308239513754,0.0191100175734433
J-S18-D05,mean_total_shift,3.3976744381606865e-05,0.08720417726502303,0.0004933225086746683,0.0015444052535175897,topology,main,0.010298031551941006,3.498935856740218e-07,0.0018673258099530534,5.080250759614424e-06
J-S18-D05,mean_total_shift,3.3976744381606865e-05,0.08720417726502303,0.0004933225086746683,0.0015444052535175897,topology,shapley,0.041785836654903326,1.4197466907952287e-06,0.003846485130146823,2.0613893765666817e-05
J-S18-D05,mean_total_shift,3.3976744381606865e-05,0.08720417726502303,0.0004933225086746683,0.0015444052535175897,message_condition,main,0.8500990938562026,2.8883599610987822e-05,0.00035440669246560854,0.00041937301760320417
J-S18-D05,mean_total_shift,3.3976744381606865e-05,0.08720417726502303,0.0004933225086746683,0.0015444052535175897,message_condition,shapley,0.878580228337799,2.985129583696719e-05,0.0002338833699645358,0.0004334234023155659
J-S18-D05,mean_total_shift,3.3976744381606865e-05,0.08720417726502303,0.0004933225086746683,0.0015444052535175897,inoculation,main,0.02505800859818685,8.513895528527016e-07,0.006239155830461623,1.2361679664048945e-05
J-S18-D05,mean_total_shift,3.3976744381606865e-05,0.08720417726502303,0.0004933225086746683,0.0015444052535175897,inoculation,shapley,0.04968886133246364,1.6882657401062266e-06,0.006386381056980389,2.4512633725718683e-05
J-S18-D05,mean_total_shift,3.3976744381606865e-05,0.08720417726502303,0.0004933225086746683,0.0015444052535175897,seeding_regime,main,0.006199755821440424,2.106475187734604e-07,2.552051790978725e-07,3.0584790950033688e-06
J-S18-D05,mean_total_shift,3.3976744381606865e-05,0.08720417726502303,0.0004933225086746683,0.0015444052535175897,seeding_regime,shapley,0.029945073674834215,1.0174361137382271e-06,1.167141518212272e-06,1.4772578867716983e-05
J-S18-D50,mean_total_shift,0.004040322596118702,0.7456975662832761,0.058663127243327805,0.013206468715405163,topology,main,0.03566796343611165,0.00014411007862845756,0.7690923192515741,0.0020923942775629813
J-S18-D50,mean_total_shift,0.004040322596118702,0.7456975662832761,0.058663127243327805,0.013206468715405163,topology,shapley,0.042116983548144506,0.00017016620030992788,0.46102714194678013,0.002470713964989945
J-S18-D50,mean_total_shift,0.004040322596118702,0.7456975662832761,0.058663127243327805,0.013206468715405163,message_condition,main,0.8124053315750912,0.003282379618370148,0.04027535762961317,0.047658237339347494
J-S18-D50,mean_total_shift,0.004040322596118702,0.7456975662832761,0.058663127243327805,0.013206468715405163,message_condition,shapley,0.8159141030835686,0.0032965561871804664,0.025828348442428654,0.047864072848817066
J-S18-D50,mean_total_shift,0.004040322596118702,0.7456975662832761,0.058663127243327805,0.013206468715405163,inoculation,main,0.024283696338978544,9.811396703566e-05,0.7189991084917212,0.0014245575682718318
J-S18-D50,mean_total_shift,0.004040322596118702,0.7456975662832761,0.058663127243327805,0.013206468715405163,inoculation,shapley,0.030983965223125576,0.0001251852148083503,0.4735513287237384,0.0018176162943870592
J-S18-D50,mean_total_shift,0.004040322596118702,0.7456975662832761,0.058663127243327805,0.013206468715405163,seeding_regime,main,0.10847270532651417,0.0004382647223928407,0.0005309695913903924,0.006363348114997302
J-S18-D50,mean_total_shift,0.004040322596118702,0.7456975662832761,0.058663127243327805,0.013206468715405163,seeding_regime,shapley,0.11098494814516133,0.00044841499381995776,0.0005143947119718876,0.006510724135133737
J-S18-D95,mean_total_shift,0.016857985942455352,1.4167085672105095,0.24476812206988316,0.025090221850884525,topology,main,0.01895963840260594,0.0003196213176651676,1.7057675828427854,0.004640715086929895
J-S18-D95,mean_total_shift,0.016857985942455352,1.4167085672105095,0.24476812206988316,0.025090221850884525,topology,shapley,0.023919931407068426,0.00040324186740485577,1.092493370036758,0.005854836690548556
J-S18-D95,mean_total_shift,0.016857985942455352,1.4167085672105095,0.24476812206988316,0.025090221850884525,message_condition,main,0.7767160159383671,0.013093867677968921,0.16066398917834174,0.19011532060283556
J-S18-D95,mean_total_shift,0.016857985942455352,1.4167085672105095,0.24476812206988316,0.025090221850884525,message_condition,shapley,0.7799011960405007,0.013147563399354875,0.10301048408275457,0.19089495115488914
J-S18-D95,mean_total_shift,0.016857985942455352,1.4167085672105095,0.24476812206988316,0.025090221850884525,inoculation,main,0.019065888243838345,0.00032141247599505157,2.355376004871621,0.004666721661038574
J-S18-D95,mean_total_shift,0.016857985942455352,1.4167085672105095,0.24476812206988316,0.025090221850884525,inoculation,shapley,0.023884205510472094,0.00040263960074225324,1.5231073271727225,0.00584609212992941
J-S18-D95,mean_total_shift,0.016857985942455352,1.4167085672105095,0.24476812206988316,0.025090221850884525,seeding_regime,main,0.16971198358027145,0.0028610022334624296,0.003466181760134664,0.04154008351369789
J-S18-D95,mean_total_shift,0.016857985942455352,1.4167085672105095,0.24476812206988316,0.025090221850884525,seeding_regime,shapley,0.1722946670419588,0.002904541074953367,0.0033319148339206505,0.042172242094516046
NC-NoOp,mean_total_shift,1.0,1.0,14.519416667293346,0.017710221023288522,topology,main,0.00018737682723017602,0.00018737682723017602,1.0,0.0027206022283503633
NC-NoOp,mean_total_shift,1.0,1.0,14.519416667293346,0.017710221023288522,topology,shapley,0.00036910234740489847,0.00036910234740489847,1.0,0.0053591507748477814
NC-NoOp,mean_total_shift,1.0,1.0,14.519416667293346,0.017710221023288522,message_condition,main,0.08149845989093638,0.08149845989093638,1.0,1.1833100968991999
NC-NoOp,mean_total_shift,1.0,1.0,14.519416667293346,0.017710221023288522,message_condition,shapley,0.12763325516257784,0.12763325516257784,1.0,1.853160412308437
NC-NoOp,mean_total_shift,1.0,1.0,14.519416667293346,0.017710221023288522,inoculation,main,0.0001364590941447457,0.0001364590941447457,1.0,0.0019813064459289725
NC-NoOp,mean_total_shift,1.0,1.0,14.519416667293346,0.017710221023288522,inoculation,shapley,0.00026435405670961846,0.00026435405670961846,1.0,0.0038382666970562442
NC-NoOp,mean_total_shift,1.0,1.0,14.519416667293346,0.017710221023288522,seeding_regime,main,0.8254045608246687,0.8254045608246687,1.0,11.98439273769764
NC-NoOp,mean_total_shift,1.0,1.0,14.519416667293346,0.017710221023288522,seeding_regime,shapley,0.8717332884333078,0.8717332884333078,1.0,12.657058837513006
PC-M01,mean_total_shift,0.023931568018165417,0.2249621314678196,0.3474724075574153,0.003984129070165175,topology,main,0.0014938818291411022,3.5750934605191654e-05,0.19079698986083676,0.0005190827157779341
PC-M01,mean_total_shift,0.023931568018165417,0.2249621314678196,0.3474724075574153,0.003984129070165175,topology,shapley,0.0019414583273356018,4.646214201506561e-05,0.1258787497336003,0.0006746031991716941
PC-M01,mean_total_shift,0.023931568018165417,0.2249621314678196,0.3474724075574153,0.003984129070165175,message_condition,main,0.9048314166574065,0.021654034592709696,0.2656986969040612,0.3144039507795358
PC-M01,mean_total_shift,0.023931568018165417,0.2249621314678196,0.3474724075574153,0.003984129070165175,message_condition,shapley,0.910128056076566,0.021780791479237005,0.1706513827567343,0.3162443868304747
PC-M01,mean_total_shift,0.023931568018165417,0.2249621314678196,0.3474724075574153,0.003984129070165175,inoculation,main,0.00102788375717308,2.4598870049554985e-05,0.18026552355288483,0.00035716124379409173
PC-M01,mean_total_shift,0.023931568018165417,0.2249621314678196,0.3474724075574153,0.003984129070165175,inoculation,shapley,0.0013949467129947717,3.338326214375065e-05,0.12628239021283766,0.0004847054927785962
PC-M01,mean_total_shift,0.023931568018165417,0.2249621314678196,0.3474724075574153,0.003984129070165175,seeding_regime,main,0.08143085131372996,0.0019487679569916432,0.002360985205902682,0.028294973955431665
PC-M01,mean_total_shift,0.023931568018165417,0.2249621314678196,0.3474724075574153,0.003984129070165175,seeding_regime,shapley,0.08653553888310377,0.002070931134769596,0.002375647646187178,0.03006871203499039
PC-M05,mean_total_shift,0.008815637585617377,0.03310338175518696,0.1279979152934306,0.0005862682075026579,topology,main,0.00031640516007987515,2.78931322148343e-06,0.014886116190114602,4.049920087830821e-05
PC-M05,mean_total_shift,0.008815637585617377,0.03310338175518696,0.1279979152934306,0.0005862682075026579,topology,shapley,0.0005685175326680559,5.011844529070968e-06,0.013578468314570396,7.276905898927598e-05
PC-M05,mean_total_shift,0.008815637585617377,0.03310338175518696,0.1279979152934306,0.0005862682075026579,message_condition,main,0.16869534722555862,0.0014871570435204086,0.018247670514394573,0.021592652764572916
PC-M05,mean_total_shift,0.008815637585617377,0.03310338175518696,0.1279979152934306,0.0005862682075026579,message_condition,shapley,0.2162684553895602,0.0019065443239156218,0.014937676873375097,0.027681911433594
PC-M05,mean_total_shift,0.008815637585617377,0.03310338175518696,0.1279979152934306,0.0005862682075026579,inoculation,main,0.00016831825867724275,1.4838327675407692e-06,0.010873828357433103,2.1544386216507457e-05
PC-M05,mean_total_shift,0.008815637585617377,0.03310338175518696,0.1279979152934306,0.0005862682075026579,inoculation,shapley,0.0003245603255388403,2.8612062046204117e-06,0.010823386787528378,4.154304505592874e-05
PC-M05,mean_total_shift,0.008815637585617377,0.03310338175518696,0.1279979152934306,0.0005862682075026579,seeding_regime,main,0.7351444378497638,0.006480766937165935,0.007851624821034362,0.09409695548433072
PC-M05,mean_total_shift,0.008815637585617377,0.03310338175518696,0.1279979152934306,0.0005862682075026579,seeding_regime,shapley,0.782838466752233,0.006901220210968065,0.007916664767237513,0.10020169175579141
C-D1,mean_signed_shift,0.00034263822788370006,0.048641363357079435,0.0033402427150194852,0.0011216490230709923,topology,main,0.00046944200269167645,1.6084877589645117e-07,0.0006364808845277127,1.5680502296150298e-06
C-D1,mean_signed_shift,0.00034263822788370006,0.048641363357079435,0.0033402427150194852,0.0011216490230709923,topology,shapley,0.004730147130532699,1.6207292304348927e-06,0.0029712575802743582,1.579983949373217e-05
C-D1,mean_signed_shift,0.00034263822788370006,0.048641363357079435,0.0033402427150194852,0.0011216490230709923,message_condition,main,0.978493740535171,0.000335269361252264,0.004442999284542364,0.0032684065885147714
C-D1,mean_signed_shift,0.00034263822788370006,0.048641363357079435,0.0033402427150194852,0.0011216490230709923,message_condition,shapley,0.9826071537608554,0.0003366787738704659,0.0026952449445626432,0.0032821463870757283
C-D1,mean_signed_shift,0.00034263822788370006,0.048641363357079435,0.0033402427150194852,0.0011216490230709923,inoculation,main,0.005041918185072172,1.7275539120677303e-06,0.004355775923029662,1.6841230487411587e-05
C-D1,mean_signed_shift,0.00034263822788370006,0.048641363357079435,0.0033402427150194852,0.0011216490230709923,inoculation,shapley,0.009297766548812652,3.185770253561513e-06,0.004289943116428283,3.1056796980623324e-05
C-D1,mean_signed_shift,0.00034263822788370006,0.048641363357079435,0.0033402427150194852,0.0011216490230709923,seeding_regime,main,8.583545870053354e-05,2.9410509458735336e-08,3.5695322326307214e-08,2.8671126561481303e-07
C-D1,mean_signed_shift,0.00034263822788370006,0.048641363357079435,0.0033402427150194852,0.0011216490230709923,seeding_regime,shapley,0.003364932559799331,1.1529545292378055e-06,1.3194777971516651e-06,1.1239691469401584e-05
C-D5,mean_signed_shift,0.009366823975782014,0.13602170389559348,0.09131341164476098,0.0031366022817026747,topology,main,0.0005415348646475425,5.0724617539024685e-06,0.020071803007908794,4.9449396015550966e-05
C-D5,mean_signed_shift,0.009366823975782014,0.13602170389559348,0.09131341164476098,0.0031366022817026747,topology,shapley,0.00114066421153808,1.0684400884951376e-05,0.01958754523825263,0.00010415794069662342
C-D5,mean_signed_shift,0.009366823975782014,0.13602170389559348,0.09131341164476098,0.0031366022817026747,message_condition,main,0.23969154661294703,0.0022451485256064245,0.029752773279676854,0.021887052863637447
C-D5,mean_signed_shift,0.009366823975782014,0.13602170389559348,0.09131341164476098,0.0031366022817026747,message_condition,shapley,0.28612793530800046,0.0026801100045839837,0.021455326267482314,0.026127317939844984
C-D5,mean_signed_shift,0.009366823975782014,0.13602170389559348,0.09131341164476098,0.0031366022817026747,inoculation,main,0.001678661485337441,1.572372664808059e-05,0.039645089785958675,0.00015328430722282363
C-D5,mean_signed_shift,0.009366823975782014,0.13602170389559348,0.09131341164476098,0.0031366022817026747,inoculation,shapley,0.002661874757711308,2.493331230105922e-05,0.03357508011009505,0.00024306486549769107
C-D5,mean_signed_shift,0.009366823975782014,0.13602170389559348,0.09131341164476098,0.0031366022817026747,seeding_regime,main,0.6633964304783307,0.006213917590452634,0.007541786775626119,0.06057699133993287
C-D5,mean_signed_shift,0.009366823975782014,0.13602170389559348,0.09131341164476098,0.0031366022817026747,seeding_regime,shapley,0.7100695257227501,0.006651096258012019,0.007611725889109433,0.06483887089872167
C-D10,mean_signed_shift,0.04239189232433976,0.2346779724040331,0.413261562747542,0.005411573613817182,topology,main,0.00038368902142948806,1.626530368247015e-05,0.06436203705768377,0.00015856392460502538
C-D10,mean_signed_shift,0.04239189232433976,0.2346779724040331,0.413261562747542,0.005411573613817182,topology,shapley,0.0008702597443712282,3.689195737759255e-05,0.06763344916036167,0.0003596449019551302
C-D10,mean_signed_shift,0.04239189232433976,0.2346779724040331,0.413261562747542,0.005411573613817182,message_condition,main,0.15532939171412236,0.006584706848350268,0.08726072584404365,0.06419166716040331
C-D10,mean_signed_shift,0.04239189232433976,0.2346779724040331,0.413261562747542,0.005411573613817182,message_condition,shapley,0.20604183549962238,0.008734503304809318,0.06992310683836113,0.08514917092994592
C-D10,mean_signed_shift,0.04239189232433976,0.2346779724040331,0.413261562747542,0.005411573613817182,inoculation,main,0.0010142612751288832,4.2996454764011164e-05,0.10840930701407324,0.00041915519959407694
C-D10,mean_signed_shift,0.04239189232433976,0.2346779724040331,0.413261562747542,0.005411573613817182,inoculation,shapley,0.0016923929983254837,7.174374175548042e-05,0.09660978243696468,0.0006994009752709876
C-D10,mean_signed_shift,0.04239189232433976,0.2346779724040331,0.413261562747542,0.005411573613817182,seeding_regime,main,0.740273434316947,0.03138159171813322,0.03808761058909948,0.30592655632631144
C-D10,mean_signed_shift,0.04239189232433976,0.2346779724040331,0.413261562747542,0.005411573613817182,seeding_regime,shapley,0.7913955117576809,0.03354875332039737,0.03839425927546894,0.32705334594036994
C-D50,mean_signed_shift,1.0,1.0,9.748599085544088,0.023059572052635396,topology,main,0.00025271579996594183,0.00025271579996594183,1.0,0.0024636250164505233
C-D50,mean_signed_shift,1.0,1.0,9.748599085544088,0.023059572052635396,topology,shapley,0.0005454691108554913,0.0005454691108554913,1.0,0.005317559675278389
C-D50,mean_signed_shift,1.0,1.0,9.748599085544088,0.023059572052635396,message_condition,main,0.07546014297564697,0.07546014297564697,1.0,0.7356306808074182
C-D50,mean_signed_shift,1.0,1.0,9.748599085544088,0.023059572052635396,message_condition,shapley,0.12491583540474784,0.12491583540474784,1.0,1.2177543987967006
C-D50,mean_signed_shift,1.0,1.0,9.748599085544088,0.023059572052635396,inoculation,main,0.0003966122093044054,0.0003966122093044054,1.0,0.003866413420940547
C-D50,mean_signed_shift,1.0,1.0,9.748599085544088,0.023059572052635396,inoculation,shapley,0.0007426136354493015,0.0007426136354493015,1.0,0.007239442607453631
C-D50,mean_signed_shift,1.0,1.0,9.748599085544088,0.023059572052635396,seeding_regime,main,0.8239317518940006,0.8239317518940006,1.0,8.032180323064592
C-D50,mean_signed_shift,1.0,1.0,9.748599085544088,0.023059572052635396,seeding_regime,shapley,0.8737960818489475,0.8737960818489475,1.0,8.518287684464656
E-S,mean_signed_shift,0.9321414723518002,0.9906377304966281,9.08707350496648,0.0228436821244462,topology,main,0.0002507785505813903,0.0002337610873731876,0.9249959337908087,0.0022788431226020483
E-S,mean_signed_shift,0.9321414723518002,0.9906377304966281,9.08707350496648,0.0228436821244462,topology,shapley,0.0005260096278475213,0.000490315388973011,0.8988875432451537,0.004779888152570489
E-S,mean_signed_shift,0.9321414723518002,0.9906377304966281,9.08707350496648,0.0228436821244462,message_condition,main,0.0173072142868926,0.016132772207692183,0.213791964493079,0.15727192839119908
E-S,mean_signed_shift,0.9321414723518002,0.9906377304966281,9.08707350496648,0.0228436821244462,message_condition,shapley,0.028855810680905362,0.026897697854003928,0.2153265658181044,0.2622148727027839
E-S,mean_signed_shift,0.9321414723518002,0.9906377304966281,9.08707350496648,0.0228436821244462,inoculation,main,0.000432174296455156,0.0004028475850103125,1.0157215929303915,0.003927199598845177
E-S,mean_signed_shift,0.9321414723518002,0.9906377304966281,9.08707350496648,0.0228436821244462,inoculation,shapley,0.0007791876674287218,0.0007263131395553736,0.9780498295266747,0.00708053560808817
E-S,mean_signed_shift,0.9321414723518002,0.9906377304966281,9.08707350496648,0.0228436821244462,seeding_regime,main,0.9578345207852094,0.892837280474106,1.083630140993729,8.70391269596954
E-S,mean_signed_shift,0.9321414723518002,0.9906377304966281,9.08707350496648,0.0228436821244462,seeding_regime,shapley,0.9698389920238184,0.9040271459692679,1.0345973903388896,8.812998208503037
E-SD,mean_signed_shift,8.052267393821659e-05,0.045735306018888214,0.0007849832655196631,0.001054636584491882,topology,main,0.003029500776227162,2.4394350319971385e-07,0.0009652878974428578,2.3781074122171517e-06
E-SD,mean_signed_shift,8.052267393821659e-05,0.045735306018888214,0.0007849832655196631,0.001054636584491882,topology,shapley,0.019378812069082835,1.5604337655487335e-06,0.002860718846391528,1.5212043179880501e-05
E-SD,mean_signed_shift,8.052267393821659e-05,0.045735306018888214,0.0007849832655196631,0.001054636584491882,message_condition,main,0.9211447650894438,7.41730395691924e-05,0.0009829432683838147,0.0007230832257162545
E-SD,mean_signed_shift,8.052267393821659e-05,0.045735306018888214,0.0007849832655196631,0.001054636584491882,message_condition,shapley,0.9343393139515271,7.523549992497581e-05,0.000602289531036641,0.0007334407257690715
E-SD,mean_signed_shift,8.052267393821659e-05,0.045735306018888214,0.0007849832655196631,0.001054636584491882,inoculation,main,0.018259095525737158,1.4702711954256827e-06,0.003707074973824694,1.4333084431228624e-05
E-SD,mean_signed_shift,8.052267393821659e-05,0.045735306018888214,0.0007849832655196631,0.001054636584491882,inoculation,shapley,0.03467235192608925,2.7919104888155807e-06,0.003759573424916173,2.721721603818852e-05
E-SD,mean_signed_shift,8.052267393821659e-05,0.045735306018888214,0.0007849832655196631,0.001054636584491882,seeding_regime,main,0.00020093315323704389,1.6179674781484196e-08,1.96371541020132e-08,1.5772916277917756e-07
E-SD,mean_signed_shift,8.052267393821659e-05,0.045735306018888214,0.0007849832655196631,0.001054636584491882,seeding_regime,shapley,0.011609522053300878,9.348297588764814e-07,1.0698488792698487e-06,9.113280532522667e-06
CS-0,mean_signed_shift,0.031180811065743656,0.5034168044903237,0.3039692262420316,0.011608576075652084,topology,main,0.0020455570498262377,6.37821278948319e-05,0.2523867835071164,0.0006217863936696143
CS-0,mean_signed_shift,0.031180811065743656,0.5034168044903237,0.3039692262420316,0.011608576075652084,topology,shapley,0.0035071125857865397,0.00010935461492370179,0.20047810727942872,0.001066054299045225
CS-0,mean_signed_shift,0.031180811065743656,0.5034168044903237,0.3039692262420316,0.011608576075652084,message_condition,main,0.9852520187512246,0.030720957048824462,0.40711501247405457,0.29948629379320935
CS-0,mean_signed_shift,0.031180811065743656,0.5034168044903237,0.3039692262420316,0.011608576075652084,message_condition,shapley,0.9866931979658333,0.030765894185627054,0.24629298668131624,0.29992436792395005
CS-0,mean_signed_shift,0.031180811065743656,0.5034168044903237,0.3039692262420316,0.011608576075652084,inoculation,main,0.006222030164892747,0.0001940079470168786,0.4891628206734674,0.0018913056948770286
CS-0,mean_signed_shift,0.031180811065743656,0.5034168044903237,0.3039692262420316,0.011608576075652084,inoculation,shapley,0.007825202465345231,0.0002439961596231211,0.32856407151142164,0.002378620738578228
CS-0,mean_signed_shift,0.031180811065743656,0.5034168044903237,0.3039692262420316,0.011608576075652084,seeding_regime,main,0.001326156626995571,4.135063922993278e-05,5.0186971353972744e-05,0.0004031108037835862
CS-0,mean_signed_shift,0.031180811065743656,0.5034168044903237,0.3039692262420316,0.011608576075652084,seeding_regime,shapley,0.0019744869830348372,6.156610556977945e-05,7.045820741093956e-05,0.0006001832804580628
CS-15,mean_signed_shift,0.043039819992565315,0.5324721661366123,0.41957794982150437,0.012278580281050056,topology,main,0.0011809808820032485,5.082920457608083e-05,0.2011318824661181,0.000495513537249315
CS-15,mean_signed_shift,0.043039819992565315,0.5324721661366123,0.41957794982150437,0.012278580281050056,topology,shapley,0.0022732230465802666,9.783911072776559e-05,0.17936691332405377,0.0009537942653711424
CS-15,mean_signed_shift,0.043039819992565315,0.5324721661366123,0.41957794982150437,0.012278580281050056,message_condition,main,0.6934652610728193,0.02984662000767145,0.39552827268434626,0.2909627325133678
CS-15,mean_signed_shift,0.043039819992565315,0.5324721661366123,0.41957794982150437,0.012278580281050056,message_condition,shapley,0.7107406086705582,0.03059014785858713,0.24488606876358007,0.29821108744088093
CS-15,mean_signed_shift,0.043039819992565315,0.5324721661366123,0.41957794982150437,0.012278580281050056,inoculation,main,0.004103485187318974,0.0001766132638043668,0.44530465694467225,0.001721731902018207
CS-15,mean_signed_shift,0.043039819992565315,0.5324721661366123,0.41957794982150437,0.012278580281050056,inoculation,shapley,0.005462199605389534,0.00023509208777942683,0.31657389059007746,0.002291818511945171
CS-15,mean_signed_shift,0.043039819992565315,0.5324721661366123,0.41957794982150437,0.012278580281050056,seeding_regime,main,0.26452901145604196,0.011385281035879293,0.013818233136066855,0.11099054029503533
CS-15,mean_signed_shift,0.043039819992565315,0.5324721661366123,0.41957794982150437,0.012278580281050056,seeding_regime,shapley,0.28152396867747204,0.012116740935470993,0.013866783322983137,0.11812124960330714
CS-30,mean_signed_shift,0.08333755254703083,0.5135035402719594,0.8124243885514671,0.01184117188618461,topology,main,0.0006540476378054915,5.450672938387654e-05,0.21568390022001924,0.0005313642522276579
CS-30,mean_signed_shift,0.08333755254703083,0.5135035402719594,0.8124243885514671,0.01184117188618461,topology,shapley,0.0012991399933206197,0.00010826714745930644,0.19848447016459778,0.0010554530147162617
CS-30,mean_signed_shift,0.08333755254703083,0.5135035402719594,0.8124243885514671,0.01184117188618461,message_condition,main,0.3496306503191067,0.029137362693021116,0.38612917421087484,0.28404846730435207
CS-30,mean_signed_shift,0.08333755254703083,0.5135035402719594,0.8124243885514671,0.01184117188618461,message_condition,shapley,0.38747869369201493,0.03229152599641316,0.25850626457232834,0.3147971407994565
CS-30,mean_signed_shift,0.08333755254703083,0.5135035402719594,0.8124243885514671,0.01184117188618461,inoculation,main,0.001996996442008679,0.0001664247959221319,0.4196159170541281,0.0016224086133383563
CS-30,mean_signed_shift,0.08333755254703083,0.5135035402719594,0.8124243885514671,0.01184117188618461,inoculation,shapley,0.0028414686330061846,0.00023680104151389277,0.3188751595849996,0.0023084784167582226
CS-30,mean_signed_shift,0.08333755254703083,0.5135035402719594,0.8124243885514671,0.01184117188618461,seeding_regime,main,0.5704505439054729,0.04753995217820466,0.05769889565358165,0.46344793433125564
CS-30,mean_signed_shift,0.08333755254703083,0.5135035402719594,0.8124243885514671,0.01184117188618461,seeding_regime,shapley,0.6083806976816583,0.050700958361644476,0.05802378771756626,0.4942633163205362
CS-45,mean_signed_shift,0.15047722176421355,0.5032531214788561,1.4669421064858272,0.011604801615455358,topology,main,0.0004083040311394086,6.144045624098715e-05,0.2431207556047837,0.0005989583755262989
CS-45,mean_signed_shift,0.15047722176421355,0.5032531214788561,1.4669421064858272,0.011604801615455358,topology,shapley,0.0008742532906134541,0.00013155520628973418,0.24117810462889164,0.0012824789637346664
CS-45,mean_signed_shift,0.15047722176421355,0.5032531214788561,1.4669421064858272,0.011604801615455358,message_condition,main,0.18703691075344736,0.02814479469753992,0.3729756343905021,0.27437231985126376
CS-45,mean_signed_shift,0.15047722176421355,0.5032531214788561,1.4669421064858272,0.011604801615455358,message_condition,shapley,0.234905738209265,0.03534796286220186,0.2829742341927159,0.34459311843430745
CS-45,mean_signed_shift,0.15047722176421355,0.5032531214788561,1.4669421064858272,0.011604801615455358,inoculation,main,0.001106169937678629,0.00016645337902097335,0.4196879851805521,0.0016226872585095842
CS-45,mean_signed_shift,0.15047722176421355,0.5032531214788561,1.4669421064858272,0.011604801615455358,inoculation,shapley,0.0017211873297038151,0.00025899948750959556,0.3487674816971194,0.0025248821670924306
CS-45,mean_signed_shift,0.15047722176421355,0.5032531214788561,1.4669421064858272,0.011604801615455358,seeding_regime,main,0.7143130649431008,0.10748784548251807,0.13045721958819043,1.0478559121779798
CS-45,mean_signed_shift,0.15047722176421355,0.5032531214788561,1.4669421064858272,0.011604801615455358,seeding_regime,shapley,0.7624988211704178,0.11473870420821237,0.1313106187949778,1.1185416269206927
CS-45-R,mean_signed_shift,0.17183914344418938,0.512973929128832,1.675190916640704,0.011828959279869784,topology,main,0.00022884058770619343,3.9323770576697174e-05,0.1556047171644859,0.0003833516738841356
CS-45-R,mean_signed_shift,0.17183914344418938,0.512973929128832,1.675190916640704,0.011828959279869784,topology,shapley,0.0006122977186831767,0.00010521671551134832,0.1928921609260894,0.0010257155766178827
CS-45-R,mean_signed_shift,0.17183914344418938,0.512973929128832,1.675190916640704,0.011828959279869784,message_condition,main,0.18462919212222856,0.03172652222907643,0.42044079136340146,0.3092891455898687
CS-45-R,mean_signed_shift,0.17183914344418938,0.512973929128832,1.675190916640704,0.011828959279869784,message_condition,shapley,0.236148675916628,0.04057958619499283,0.32485542015956825,0.3955941168722646
CS-45-R,mean_signed_shift,0.17183914344418938,0.512973929128832,1.675190916640704,0.011828959279869784,inoculation,main,0.0010223615915013237,0.0001756817401738257,0.4429559555968876,0.0017126508516053514
CS-45-R,mean_signed_shift,0.17183914344418938,0.512973929128832,1.675190916640704,0.011828959279869784,inoculation,shapley,0.0016777656277579794,0.0002883058083740339,0.3882312344017236,0.0028105777398721556
CS-45-R,mean_signed_shift,0.17183914344418938,0.512973929128832,1.675190916640704,0.011828959279869784,seeding_regime,main,0.7097416235063144,0.12196139265001342,0.148023658961627,1.1889527208596042
CS-45-R,mean_signed_shift,0.17183914344418938,0.512973929128832,1.675190916640704,0.011828959279869784,seeding_regime,shapley,0.7615612607369308,0.13086603472531116,0.14976724826735247,1.2757605064519493
D-A95,mean_signed_shift,0.10756608697946071,0.9935097270647851,1.0486186571635265,0.02290990913624454,topology,main,0.0019857821322619373,0.00021360281356114653,0.8452293587893336,0.0020823281929518373
D-A95,mean_signed_shift,0.10756608697946071,0.9935097270647851,1.0486186571635265,0.02290990913624454,topology,shapley,0.0031916087131651045,0.0003433088604447223,0.6293827709259115,0.0033467804429906027
D-A95,mean_signed_shift,0.10756608697946071,0.9935097270647851,1.0486186571635265,0.02290990913624454,message_condition,main,0.9826788256922828,0.10570291603729041,1.4007781044279706,1.0304553506204728
D-A95,mean_signed_shift,0.10756608697946071,0.9935097270647851,1.0486186571635265,0.02290990913624454,message_condition,shapley,0.9843249001815685,0.10587997782897958,0.8476105330113757,1.0321814550410187
D-A95,mean_signed_shift,0.10756608697946071,0.9935097270647851,1.0486186571635265,0.02290990913624454,inoculation,main,0.0054115813121798865,0.0005821026261223658,1.467687107119776,0.005674685128709308
D-A95,mean_signed_shift,0.10756608697946071,0.9935097270647851,1.0486186571635265,0.02290990913624454,inoculation,shapley,0.006753653864325811,0.000726464118999241,0.9782531377298378,0.007082007446156593
D-A95,mean_signed_shift,0.10756608697946071,0.9935097270647851,1.0486186571635265,0.02290990913624454,seeding_regime,main,0.00473175700335029,0.0005089765853880497,0.0006177411954546569,0.004961808674877294
D-A95,mean_signed_shift,0.10756608697946071,0.9935097270647851,1.0486186571635265,0.02290990913624454,seeding_regime,shapley,0.005729837240940627,0.0006163361710371727,0.0007053546975548447,0.006008414233360726
S-A06,mean_signed_shift,0.15884955040444146,0.2008289978762814,1.5485605818118275,0.004631030746786672,topology,main,0.00022860633689835647,3.6314013835910206e-05,0.1436950671101854,0.0003540107620731896
S-A06,mean_signed_shift,0.15884955040444146,0.2008289978762814,1.5485605818118275,0.004631030746786672,topology,shapley,0.0005169872286084588,8.212318882929187e-05,0.15055515921056142,0.0008005860435231992
S-A06,mean_signed_shift,0.15884955040444146,0.2008289978762814,1.5485605818118275,0.004631030746786672,message_condition,main,0.019525860726208842,0.0031016741976180153,0.04110347628971508,0.030236978246554677
S-A06,mean_signed_shift,0.15884955040444146,0.2008289978762814,1.5485605818118275,0.004631030746786672,message_condition,shapley,0.03303466962899798,0.005247542418325586,0.042008624457601285,0.05115618722064262
S-A06,mean_signed_shift,0.15884955040444146,0.2008289978762814,1.5485605818118275,0.004631030746786672,inoculation,main,0.0005418468752039962,8.60721325142063e-05,0.21701836326512258,0.000839082712318821
S-A06,mean_signed_shift,0.15884955040444146,0.2008289978762814,1.5485605818118275,0.004631030746786672,inoculation,shapley,0.0010197304788179993,0.00016198372809394498,0.21812652011963182,0.0015791144235696543
S-A06,mean_signed_shift,0.15884955040444146,0.2008289978762814,1.5485605818118275,0.004631030746786672,seeding_regime,main,0.9513634020383515,0.15112364868503203,0.183417677905529,1.4732438633749891
S-A06,mean_signed_shift,0.15884955040444146,0.2008289978762814,1.5485605818118275,0.004631030746786672,seeding_regime,shapley,0.9654286126635755,0.15335790106919261,0.17550765476618777,1.495024694124092
S-A18,mean_signed_shift,1.4797845112172443,1.4630927948363854,14.425825932854732,0.03373829372222133,topology,main,0.00028295385046069884,0.0004187107253010224,1.6568442707478181,0.004081842993777049
S-A18,mean_signed_shift,1.4797845112172443,1.4630927948363854,14.425825932854732,0.03373829372222133,topology,shapley,0.0005595792684705241,0.0008280567342809575,1.5180634756425848,0.008072393122589967
S-A18,mean_signed_shift,1.4797845112172443,1.4630927948363854,14.425825932854732,0.03373829372222133,message_condition,main,0.016740084866924985,0.024771718302537774,0.3282755283213852,0.2414895503914755
S-A18,mean_signed_shift,1.4797845112172443,1.4630927948363854,14.425825932854732,0.03373829372222133,message_condition,shapley,0.027598624620666597,0.04084001724456132,0.3269402723220235,0.3981329547639353
S-A18,mean_signed_shift,1.4797845112172443,1.4630927948363854,14.425825932854732,0.03373829372222133,inoculation,main,0.0004459314762212471,0.0006598824915764423,1.6637977250719813,0.00643292985394866
S-A18,mean_signed_shift,1.4797845112172443,1.4630927948363854,14.425825932854732,0.03373829372222133,inoculation,shapley,0.0007804410721620493,0.00115488461050318,1.5551621400062812,0.011258507057860242
S-A18,mean_signed_shift,1.4797845112172443,1.4630927948363854,14.425825932854732,0.03373829372222133,seeding_regime,main,0.9597170965499904,1.4201744946250603,1.7236554986022272,13.844711779614899
S-A18,mean_signed_shift,1.4797845112172443,1.4630927948363854,14.425825932854732,0.03373829372222133,seeding_regime,shapley,0.971061355038701,1.436961552627899,1.6445044587374398,14.008362077910348
J-S06-D05,mean_signed_shift,1.2312886352472663e-05,0.008079093927791204,0.00012003339263612329,0.00018630044854791038,topology,main,0.005784036646392569,7.121818588556881e-08,0.00028181137030279383,6.94277541798165e-07
J-S06-D05,mean_signed_shift,1.2312886352472663e-05,0.008079093927791204,0.00012003339263612329,0.00018630044854791038,topology,shapley,0.021600391495631217,2.659631656546242e-07,0.00048758611690678235,2.59276827348908e-06
J-S06-D05,mean_signed_shift,1.2312886352472663e-05,0.008079093927791204,0.00012003339263612329,0.00018630044854791038,message_condition,main,0.9090250694875052,1.1192722372148217e-05,0.00014832628101116123,0.00010911336308187297
J-S06-D05,mean_signed_shift,1.2312886352472663e-05,0.008079093927791204,0.00012003339263612329,0.00018630044854791038,message_condition,shapley,0.9243759232967313,1.138173569051464e-05,9.111523493907675e-05,0.00011095597814445554
J-S06-D05,mean_signed_shift,1.2312886352472663e-05,0.008079093927791204,0.00012003339263612329,0.00018630044854791038,inoculation,main,0.02901079868977012,3.5720666726160235e-07,0.0009006446571276407,3.4822645898167078e-06
J-S06-D05,mean_signed_shift,1.2312886352472663e-05,0.008079093927791204,0.00012003339263612329,0.00018630044854791038,inoculation,shapley,0.04191089029444299,5.160440291264261e-07,0.0006949024425254532,5.030706350442364e-06
J-S06-D05,mean_signed_shift,1.2312886352472663e-05,0.008079093927791204,0.00012003339263612329,0.00018630044854791038,seeding_regime,main,1.6536831385637237e-05,2.0361612548135433e-10,2.471274168197728e-10,1.984971974669561e-09
J-S06-D05,mean_signed_shift,1.2312886352472663e-05,0.008079093927791204,0.00012003339263612329,0.00018630044854791038,seeding_regime,shapley,0.012112794913194367,1.4914346717697123e-07,1.7068452271081886e-07,1.4539398677362964e-06
J-S06-D50,mean_signed_shift,0.001068185909612269,0.08305882183887815,0.010413316181637244,0.001915300886800617,topology,main,0.011669610792245946,1.2465313818936386e-05,0.04932542334359909,0.00012151934689630334
J-S06-D50,mean_signed_shift,0.001068185909612269,0.08305882183887815,0.010413316181637244,0.001915300886800617,topology,shapley,0.017195647802998155,1.8368148689817797e-05,0.0336740400588586,0.0001790637175206956
J-S06-D50,mean_signed_shift,0.001068185909612269,0.08305882183887815,0.010413316181637244,0.001915300886800617,message_condition,main,0.9466593565388892,0.0010112081858574585,0.01340056016304929,0.009857863195944717
J-S06-D50,mean_signed_shift,0.001068185909612269,0.08305882183887815,0.010413316181637244,0.001915300886800617,message_condition,shapley,0.9488757461834009,0.0010135757020459364,0.00811406895500306,0.009880943162094723
J-S06-D50,mean_signed_shift,0.001068185909612269,0.08305882183887815,0.010413316181637244,0.001915300886800617,inoculation,main,0.026396228893875898,2.819607977133848e-05,0.07109231412918404,0.00027487227747479846
J-S06-D50,mean_signed_shift,0.001068185909612269,0.08305882183887815,0.010413316181637244,0.001915300886800617,inoculation,shapley,0.03194560545209971,3.4123845617965785e-05,0.045951008692858064,0.0003326596901865489
J-S06-D50,mean_signed_shift,0.001068185909612269,0.08305882183887815,0.010413316181637244,0.001915300886800617,seeding_regime,main,0.00043468192176952764,4.64321103997392e-07,5.635431611053232e-07,4.5264802898277966e-06
J-S06-D50,mean_signed_shift,0.001068185909612269,0.08305882183887815,0.010413316181637244,0.001915300886800617,seeding_regime,shapley,0.0019830005615012734,2.1182132585488777e-06,2.4241505570347153e-06,2.0649611835276953e-05
J-S06-D95,mean_signed_shift,0.0037584995997920556,0.17485507790481292,0.036640105761550655,0.004032083267715209,topology,main,0.010936468555221682,4.11047126879391e-05,0.1626519303244147,0.00040071336452119553
J-S06-D95,mean_signed_shift,0.0037584995997920556,0.17485507790481292,0.036640105761550655,0.004032083267715209,topology,shapley,0.014991724565494927,5.634639077960541e-05,0.10329895801291855,0.0005492983736277711
J-S06-D95,mean_signed_shift,0.0037584995997920556,0.17485507790481292,0.036640105761550655,0.004032083267715209,message_condition,main,0.9485537259202288,0.0035651387992524436,0.04724532261226976,0.03475510883823012
J-S06-D95,mean_signed_shift,0.0037584995997920556,0.17485507790481292,0.036640105761550655,0.004032083267715209,message_condition,shapley,0.9506616666546518,0.003573061493659157,0.028603751334503356,0.034832344009678454
J-S06-D95,mean_signed_shift,0.0037584995997920556,0.17485507790481292,0.036640105761550655,0.004032083267715209,inoculation,main,0.02556873664854779,9.610008646075535e-05,0.24230239061298584,0.0009368412149920273
J-S06-D95,mean_signed_shift,0.0037584995997920556,0.17485507790481292,0.036640105761550655,0.004032083267715209,inoculation,shapley,0.02996718663859586,0.00011263165898805638,0.1516692578906273,0.00109800088781428
J-S06-D95,mean_signed_shift,0.0037584995997920556,0.17485507790481292,0.036640105761550655,0.004032083267715209,seeding_regime,main,0.0035496966494611855,1.3341533436383068e-05,1.6192522506523654e-05,0.00013006126065767985
J-S06-D95,mean_signed_shift,0.0037584995997920556,0.17485507790481292,0.036640105761550655,0.004032083267715209,seeding_regime,shapley,0.004379422141257413,1.6460056365236455e-05,1.8837411504989893e-05,0.00016046249043014823
J-S14-D50,mean_signed_shift,0.006768656802352073,0.4634031943011345,0.0659849215137712,0.010685879348408412,topology,main,0.00910970047080375,6.16604360590957e-05,0.2439912188608927,0.00060110287057995
J-S14-D50,mean_signed_shift,0.006768656802352073,0.4634031943011345,0.0659849215137712,0.010685879348408412,topology,shapley,0.014622360998455037,9.897374323864034e-05,0.18144701738181654,0.0009648553428290846
J-S14-D50,mean_signed_shift,0.006768656802352073,0.4634031943011345,0.0659849215137712,0.010685879348408412,message_condition,main,0.9446554095863717,0.00639404826397548,0.08473411276253494,0.06233301305911612
J-S14-D50,mean_signed_shift,0.006768656802352073,0.4634031943011345,0.0659849215137712,0.010685879348408412,message_condition,shapley,0.9472168882212195,0.006411386033761322,0.051325646688327196,0.06250203202579575
J-S14-D50,mean_signed_shift,0.006768656802352073,0.4634031943011345,0.0659849215137712,0.010685879348408412,inoculation,main,0.02613939006294002,0.00017692856035885315,0.4460996313481061,0.0017248056017209479
J-S14-D50,mean_signed_shift,0.006768656802352073,0.4634031943011345,0.0659849215137712,0.010685879348408412,inoculation,shapley,0.03162138866685694,0.00021403432749974,0.28821761045397903,0.002086534849339009
J-S14-D50,mean_signed_shift,0.006768656802352073,0.4634031943011345,0.0659849215137712,0.010685879348408412,seeding_regime,main,0.0049987032842631635,3.383450698796751e-05,4.106469608701322e-05,0.00032983904388273513
J-S14-D50,mean_signed_shift,0.006768656802352073,0.4634031943011345,0.0659849215137712,0.010685879348408412,seeding_regime,shapley,0.006539362113468449,4.426269785237165e-05,5.065563782194129e-05,0.0004314992958073445
J-S14-D95,mean_signed_shift,0.02363892435773659,0.9663094441900943,0.23044639637707678,0.022282682253443542,topology,main,0.00989403891993633,0.0002338844376208767,0.9254840324680806,0.002280045614713872
J-S14-D95,mean_signed_shift,0.02363892435773659,0.9663094441900943,0.23044639637707678,0.022282682253443542,topology,shapley,0.014696230964576175,0.0003474030921154424,0.636888661890661,0.0033866934661117907
J-S14-D95,mean_signed_shift,0.02363892435773659,0.9663094441900943,0.23044639637707678,0.022282682253443542,message_condition,main,0.9319203642923747,0.022029594998941773,0.29193683089165784,0.21475768966159037
J-S14-D95,mean_signed_shift,0.02363892435773659,0.9663094441900943,0.23044639637707678,0.022282682253443542,message_condition,shapley,0.93449904528637,0.022090552243901558,0.17684348963703872,0.21535193740406264
J-S14-D95,mean_signed_shift,0.02363892435773659,0.9663094441900943,0.23044639637707678,0.022282682253443542,inoculation,main,0.025670935649680766,0.0006068333060151273,1.530041919484567,0.005915774612096765
J-S14-D95,mean_signed_shift,0.02363892435773659,0.9663094441900943,0.23044639637707678,0.022282682253443542,inoculation,shapley,0.03068376170997786,0.000725331122072981,0.9767274494416412,0.00707096231335733
J-S14-D95,mean_signed_shift,0.02363892435773659,0.9663094441900943,0.23044639637707678,0.022282682253443542,seeding_regime,main,0.018698430220422165,0.0004420107775889755,0.00053646527952456,0.004308985862204517
J-S14-D95,mean_signed_shift,0.02363892435773659,0.9663094441900943,0.23044639637707678,0.022282682253443542,seeding_regime,shapley,0.020120962039076026,0.00047563789964660754,0.0005443351252390152,0.004636803193545029
J-S18-D05,mean_signed_shift,0.00013325878033050733,0.07532350430128133,0.0012990864240707042,0.001736927774692389,topology,main,0.0033527833902434637,4.467878252962273e-07,0.001767945753120463,4.3555553851150335e-06
J-S18-D05,mean_signed_shift,0.00013325878033050733,0.07532350430128133,0.0012990864240707042,0.001736927774692389,topology,shapley,0.01956065900952867,2.6066295620707404e-06,0.004778693257226995,2.5410986565155005e-05
J-S18-D05,mean_signed_shift,0.00013325878033050733,0.07532350430128133,0.0012990864240707042,0.001736927774692389,message_condition,main,0.9153440815786107,0.00012197763589391405,0.0016164511632754197,0.0011891110697322402
J-S18-D05,mean_signed_shift,0.00013325878033050733,0.07532350430128133,0.0012990864240707042,0.001736927774692389,message_condition,shapley,0.9294405337018807,0.00012385611191084841,0.0009915164999660313,0.001207423579313143
J-S18-D05,mean_signed_shift,0.00013325878033050733,0.07532350430128133,0.0012990864240707042,0.001736927774692389,inoculation,main,0.024705827404549463,3.292268426986285e-06,0.008300975990528377,3.209500497668417e-05
J-S18-D05,mean_signed_shift,0.00013325878033050733,0.07532350430128133,0.0012990864240707042,0.001736927774692389,inoculation,shapley,0.038704219188832885,5.1576770427484876e-06,0.006945303447906598,5.028012570246964e-05
J-S18-D05,mean_signed_shift,0.00013325878033050733,0.07532350430128133,0.0012990864240707042,0.001736927774692389,seeding_regime,main,0.0002131914960402669,2.840963873916215e-08,3.44805727827043e-08,2.7695417823323403e-07
J-S18-D05,mean_signed_shift,0.00013325878033050733,0.07532350430128133,0.0012990864240707042,0.001736927774692389,seeding_regime,shapley,0.01229458809975771,1.638361814839682e-06,1.874993318089637e-06,1.5971732489936477e-05
J-S18-D50,mean_signed_shift,0.011431600404400572,0.7649813492475949,0.11144208924864484,0.017640142541897157,topology,main,0.009509728016176121,0.00010871141063545839,0.43017259170225713,0.0010597839583090375
J-S18-D50,mean_signed_shift,0.011431600404400572,0.7649813492475949,0.11144208924864484,0.017640142541897157,topology,shapley,0.015026510590847973,0.00017177706454706715,0.3149162090547329,0.0016745857343609867
J-S18-D50,mean_signed_shift,0.011431600404400572,0.7649813492475949,0.11144208924864484,0.017640142541897157,message_condition,main,0.9369787491383356,0.010711166647564538,0.1419446906033735,0.10441886938555799
J-S18-D50,mean_signed_shift,0.011431600404400572,0.7649813492475949,0.11144208924864484,0.017640142541897157,message_condition,shapley,0.939561389225853,0.010740690357033424,0.08598341693214333,0.10470668419268823
J-S18-D50,mean_signed_shift,0.011431600404400572,0.7649813492475949,0.11144208924864484,0.017640142541897157,inoculation,main,0.028797818043507197,0.0003292051483920109,0.8300429000140572,0.0032092890085707636
J-S18-D50,mean_signed_shift,0.011431600404400572,0.7649813492475949,0.11144208924864484,0.017640142541897157,inoculation,shapley,0.03401902074283135,0.0003888918512810623,0.5236799227983097,0.0037911507457741114
J-S18-D50,mean_signed_shift,0.011431600404400572,0.7649813492475949,0.11144208924864484,0.017640142541897157,seeding_regime,main,0.009642290180771632,0.00011022680832985665,0.00013378147895923956,0.0010745569628868839
J-S18-D50,mean_signed_shift,0.011431600404400572,0.7649813492475949,0.11144208924864484,0.017640142541897157,seeding_regime,shapley,0.011393079440467418,0.00013024113153901518,0.00014905208920532774,0.0012696685758214706
J-S18-D95,mean_signed_shift,0.039874305069015174,1.5239186030043237,0.3887186139325073,0.03514091082832968,topology,main,0.009700228770727895,0.00038678988124324213,1.5305330386757348,0.0037706594825855765
J-S18-D95,mean_signed_shift,0.039874305069015174,1.5239186030043237,0.3887186139325073,0.03514091082832968,topology,shapley,0.013919152480175194,0.0005550165322966448,1.0175031385850242,0.0054106336592089225
J-S18-D95,mean_signed_shift,0.039874305069015174,1.5239186030043237,0.3887186139325073,0.03514091082832968,message_condition,main,0.9205538069194561,0.03670644332954968,0.4864348500028133,0.3578363998760239
J-S18-D95,mean_signed_shift,0.039874305069015174,1.5239186030043237,0.3887186139325073,0.03514091082832968,message_condition,shapley,0.9232420292729033,0.03681363432776438,0.2947075061258819,0.3588813619431983
J-S18-D95,mean_signed_shift,0.039874305069015174,1.5239186030043237,0.3887186139325073,0.03514091082832968,inoculation,main,0.026067639474515895,0.0010394290088359493,2.6207690647217894,0.010132976685026131
J-S18-D95,mean_signed_shift,0.039874305069015174,1.5239186030043237,0.3887186139325073,0.03514091082832968,inoculation,shapley,0.030200760316331437,0.001204234330169607,1.6216162384912476,0.011739597689872226
J-S18-D95,mean_signed_shift,0.039874305069015174,1.5239186030043237,0.3887186139325073,0.03514091082832968,seeding_regime,main,0.030954658528528158,0.0012342954974737242,0.0014980555059765643,0.012032651957963532
J-S18-D95,mean_signed_shift,0.039874305069015174,1.5239186030043237,0.3887186139325073,0.03514091082832968,seeding_regime,shapley,0.032638057930589916,0.0013014198787845324,0.001489386260499973,0.01268702064022779
NC-NoOp,mean_signed_shift,1.0,1.0,9.748599085544088,0.023059572052635396,topology,main,0.00025271579996594183,0.00025271579996594183,1.0,0.0024636250164505233
NC-NoOp,mean_signed_shift,1.0,1.0,9.748599085544088,0.023059572052635396,topology,shapley,0.0005454691108554913,0.0005454691108554913,1.0,0.005317559675278389
NC-NoOp,mean_signed_shift,1.0,1.0,9.748599085544088,0.023059572052635396,message_condition,main,0.07546014297564697,0.07546014297564697,1.0,0.7356306808074182
NC-NoOp,mean_signed_shift,1.0,1.0,9.748599085544088,0.023059572052635396,message_condition,shapley,0.12491583540474784,0.12491583540474784,1.0,1.2177543987967006
NC-NoOp,mean_signed_shift,1.0,1.0,9.748599085544088,0.023059572052635396,inoculation,main,0.0003966122093044054,0.0003966122093044054,1.0,0.003866413420940547
NC-NoOp,mean_signed_shift,1.0,1.0,9.748599085544088,0.023059572052635396,inoculation,shapley,0.0007426136354493015,0.0007426136354493015,1.0,0.007239442607453631
NC-NoOp,mean_signed_shift,1.0,1.0,9.748599085544088,0.023059572052635396,seeding_regime,main,0.8239317518940006,0.8239317518940006,1.0,8.032180323064592
NC-NoOp,mean_signed_shift,1.0,1.0,9.748599085544088,0.023059572052635396,seeding_regime,shapley,0.8737960818489475,0.8737960818489475,1.0,8.518287684464656
PC-M01,mean_signed_shift,0.015272565887709897,0.23054547288549604,0.14888612184684052,0.005316279943411996,topology,main,0.001912806290528253,2.9213460102518703e-05,0.11559807541299656,0.0002847903104409925
PC-M01,mean_signed_shift,0.015272565887709897,0.23054547288549604,0.14888612184684052,0.005316279943411996,topology,shapley,0.0033179454425711244,5.0673540383494266e-05,0.0928990099989713,0.0004939960294438136
PC-M01,mean_signed_shift,0.015272565887709897,0.23054547288549604,0.14888612184684052,0.005316279943411996,message_condition,main,0.8961559926959998,0.013686601444115725,0.18137523869432318,0.13342519032231295
PC-M01,mean_signed_shift,0.015272565887709897,0.23054547288549604,0.14888612184684052,0.005316279943411996,message_condition,shapley,0.9022102719249984,0.013779065822543199,0.11030679799640103,0.13432658847729642
PC-M01,mean_signed_shift,0.015272565887709897,0.23054547288549604,0.14888612184684052,0.005316279943411996,inoculation,main,0.005852762299098878,8.938669783809207e-05,0.22537555763818284,0.00087139508080423
PC-M01,mean_signed_shift,0.015272565887709897,0.23054547288549604,0.14888612184684052,0.005316279943411996,inoculation,shapley,0.00739256446477799,0.0001129034278674647,0.15203522057490237,0.0011006502536635592
PC-M01,mean_signed_shift,0.015272565887709897,0.23054547288549604,0.14888612184684052,0.005316279943411996,seeding_regime,main,0.08169173452115651,0.0012476423979556677,0.0015142545424274144,0.012162765539796656
PC-M01,mean_signed_shift,0.015272565887709897,0.23054547288549604,0.14888612184684052,0.005316279943411996,seeding_regime,shapley,0.08707921816765217,0.0013299230969157324,0.0015220062489884627,0.01296488708643667
PC-M05,mean_signed_shift,0.00491003416611351,0.034315896955019645,0.04786595458176439,0.000791309898385087,topology,main,0.000453996818397688,2.2291398896394787e-06,0.00882073811744219,2.173099108968927e-05
PC-M05,mean_signed_shift,0.00491003416611351,0.034315896955019645,0.04786595458176439,0.000791309898385087,topology,shapley,0.0010850819436890034,5.3277894165458625e-06,0.009767353110407988,5.193848303411046e-05
PC-M05,mean_signed_shift,0.00491003416611351,0.034315896955019645,0.04786595458176439,0.000791309898385087,message_condition,main,0.1836460945397288,0.00090170859866338,0.011949468462501929,0.008790395620357067
PC-M05,mean_signed_shift,0.00491003416611351,0.034315896955019645,0.04786595458176439,0.000791309898385087,message_condition,shapley,0.2337672309509603,0.0011478050908869627,0.00918862758406799,0.011189491659403493
PC-M05,mean_signed_shift,0.00491003416611351,0.034315896955019645,0.04786595458176439,0.000791309898385087,inoculation,main,0.0013085880539895367,6.425212054456615e-06,0.016200237672272903,6.263681635850261e-05
PC-M05,mean_signed_shift,0.00491003416611351,0.034315896955019645,0.04786595458176439,0.000791309898385087,inoculation,shapley,0.0021722959729542192,1.0666047446116007e-05,0.0143628489122244,0.00010397902037957635
PC-M05,mean_signed_shift,0.00491003416611351,0.034315896955019645,0.04786595458176439,0.000791309898385087,seeding_regime,main,0.7124454203456518,0.0034981313553882516,0.004245656691039003,0.03410188013225101
PC-M05,mean_signed_shift,0.00491003416611351,0.034315896955019645,0.04786595458176439,0.000791309898385087,seeding_regime,shapley,0.7629753911323962,0.003746235238363884,0.00428731063938496,0.0365205454189472
C-D1,conversion_rate,0.00026407201412317167,0.0766430969939068,0.004679904500018081,0.022419724193394858,topology,main,0.001142509287604676,3.017047287321968e-07,0.001232063280597458,5.346834356373575e-06
C-D1,conversion_rate,0.00026407201412317167,0.0766430969939068,0.004679904500018081,0.022419724193394858,topology,shapley,0.039030842258464406,1.0306953128116497e-05,0.012128806308730164,0.00018266061432488346
C-D1,conversion_rate,0.00026407201412317167,0.0766430969939068,0.004679904500018081,0.022419724193394858,message_condition,main,0.8634138905771703,0.0002280034451066371,0.0023366025140218274,0.0040406945518902185
C-D1,conversion_rate,0.00026407201412317167,0.0766430969939068,0.004679904500018081,0.022419724193394858,message_condition,shapley,0.8951813187248695,0.00023639233384111316,0.00137884891444883,0.004189363081832637
C-D1,conversion_rate,0.00026407201412317167,0.0766430969939068,0.004679904500018081,0.022419724193394858,inoculation,main,0.004902449187128773,1.2945996309816009e-06,0.003553391221999322,2.294299401195393e-05
C-D1,conversion_rate,0.00026407201412317167,0.0766430969939068,0.004679904500018081,0.022419724193394858,inoculation,shapley,0.03201266294926811,8.453648382459461e-06,0.009313917624881795,0.00014981620539384193
C-D1,conversion_rate,0.00026407201412317167,0.0766430969939068,0.004679904500018081,0.022419724193394858,seeding_regime,main,0.001693062046657134,4.470903046962486e-07,5.940653666077091e-07,7.923368690960544e-06
C-D1,conversion_rate,0.00026407201412317167,0.0766430969939068,0.004679904500018081,0.022419724193394858,seeding_regime,shapley,0.03377517606739799,8.91907877148253e-06,1.0787458139882971e-05,0.00015806459846671883
C-D5,conversion_rate,0.006579118356992333,0.19194858942309614,0.11659564042511035,0.056149015409947906,topology,main,0.0010677179739300722,7.024642922374e-06,0.028686340583173688,0.00012449126096377805
C-D5,conversion_rate,0.006579118356992333,0.19194858942309614,0.11659564042511035,0.056149015409947906,topology,shapley,0.004915986390104462,3.234285630186074e-05,0.03805976748708154,0.0005731825814753561
C-D5,conversion_rate,0.006579118356992333,0.19194858942309614,0.11659564042511035,0.056149015409947906,message_condition,main,0.234866153840289,0.0015452122241668307,0.015835492161080395,0.027384369621190986
C-D5,conversion_rate,0.006579118356992333,0.19194858942309614,0.11659564042511035,0.056149015409947906,message_condition,shapley,0.2822214772167455,0.001856768501494184,0.010830314126805952,0.032905793877807135
C-D5,conversion_rate,0.006579118356992333,0.19194858942309614,0.11659564042511035,0.056149015409947906,inoculation,main,0.0014765704509893888,9.714531759496735e-06,0.02666425283456607,0.0001721616773659018
C-D5,conversion_rate,0.006579118356992333,0.19194858942309614,0.11659564042511035,0.056149015409947906,inoculation,shapley,0.0055592230419279475,3.657478636576292e-05,0.040296749042128634,0.0006481811708396191
C-D5,conversion_rate,0.006579118356992333,0.19194858942309614,0.11659564042511035,0.056149015409947906,seeding_regime,main,0.6600008047720406,0.004342223410305445,0.00576967229000465,0.0769532165134843
C-D5,conversion_rate,0.006579118356992333,0.19194858942309614,0.11659564042511035,0.056149015409947906,seeding_regime,shapley,0.7073033133512223,0.0046534322128305265,0.005628238800087227,0.08246848279498827
C-D10,conversion_rate,0.027958118021674836,0.29987037739521183,0.49547591317512385,0.08771841716553237,topology,main,0.0005440316008538192,1.5210099704191773e-05,0.062113064712336755,0.00026955455422917056
C-D10,conversion_rate,0.027958118021674836,0.29987037739521183,0.49547591317512385,0.08771841716553237,topology,shapley,0.0021117813001661585,5.904143082601139e-05,0.06947757206011895,0.0010463367681259777
C-D10,conversion_rate,0.027958118021674836,0.29987037739521183,0.49547591317512385,0.08771841716553237,message_condition,main,0.15280545196709222,0.0042721528604513295,0.04378145737818738,0.07571142085153254
C-D10,conversion_rate,0.027958118021674836,0.29987037739521183,0.49547591317512385,0.08771841716553237,message_condition,shapley,0.2019431408273295,0.005645950164918181,0.03293216886281141,0.10005796211087373
C-D10,conversion_rate,0.027958118021674836,0.29987037739521183,0.49547591317512385,0.08771841716553237,inoculation,main,0.0011879916139042042,3.32140097502937e-05,0.09116515088499273,0.0005886212297435748
C-D10,conversion_rate,0.027958118021674836,0.29987037739521183,0.49547591317512385,0.08771841716553237,inoculation,shapley,0.0028032667806563694,7.837406349983124e-05,0.08634964909107204,0.0013889511680192043
C-D10,conversion_rate,0.027958118021674836,0.29987037739521183,0.49547591317512385,0.08771841716553237,seeding_regime,main,0.7437063593787246,0.020792630168980506,0.027627934075792452,0.36848858754732045
C-D10,conversion_rate,0.027958118021674836,0.29987037739521183,0.49547591317512385,0.08771841716553237,seeding_regime,shapley,0.7931418110918479,0.02217475236243081,0.02681994620754224,0.3929826631281049
C-D50,conversion_rate,1.0,1.0,17.722076743184243,0.29252111504806816,topology,main,0.0002448776239690324,0.0002448776239690324,1.0,0.004339740044667805
C-D50,conversion_rate,1.0,1.0,17.722076743184243,0.29252111504806816,topology,shapley,0.0008497912214739287,0.0008497912214739287,1.0,0.015060065242645242
C-D50,conversion_rate,1.0,1.0,17.722076743184243,0.29252111504806816,message_condition,main,0.09757904638824984,0.09757904638824984,1.0,1.7293033486192988
C-D50,conversion_rate,1.0,1.0,17.722076743184243,0.29252111504806816,message_condition,shapley,0.17144179566301992,0.17144179566301992,1.0,3.0383046597293504
C-D50,conversion_rate,1.0,1.0,17.722076743184243,0.29252111504806816,inoculation,main,0.0003643279194721463,0.0003643279194721463,1.0,0.006456647348570026
C-D50,conversion_rate,1.0,1.0,17.722076743184243,0.29252111504806816,inoculation,shapley,0.0009076361551529986,0.0009076361551529986,1.0,0.01608519759651012
C-D50,conversion_rate,1.0,1.0,17.722076743184243,0.29252111504806816,seeding_regime,main,0.7525944615308378,0.7525944615308378,1.0,13.337536803744928
C-D50,conversion_rate,1.0,1.0,17.722076743184243,0.29252111504806816,seeding_regime,shapley,0.8268007769603535,0.8268007769603535,1.0,14.652626820615742
E-S,conversion_rate,0.7720055363294537,1.0009631238224554,13.68154136099369,0.2928028491025422,topology,main,9.228371682814168e-05,7.124354030438495e-05,0.29093528085438514,0.0012625834887304498
E-S,conversion_rate,0.7720055363294537,1.0009631238224554,13.68154136099369,0.2928028491025422,topology,shapley,0.0006191169657772667,0.0004779617252155428,0.562446061029599,0.008470474374574589
E-S,conversion_rate,0.7720055363294537,1.0009631238224554,13.68154136099369,0.2928028491025422,message_condition,main,0.019075147067115075,0.01472611914211138,0.15091476794637596,0.26097741356577236
E-S,conversion_rate,0.7720055363294537,1.0009631238224554,13.68154136099369,0.2928028491025422,message_condition,shapley,0.03497798092867471,0.02700319492656293,0.15750648680581644,0.4785526927997116
E-S,conversion_rate,0.7720055363294537,1.0009631238224554,13.68154136099369,0.2928028491025422,inoculation,main,0.0005266585437208989,0.00040658331150774155,1.1159817564814045,0.007205500649038181
E-S,conversion_rate,0.7720055363294537,1.0009631238224554,13.68154136099369,0.2928028491025422,inoculation,shapley,0.0013725889606349996,0.0010596462767149101,1.167479138748376,0.018779132636571085
E-S,conversion_rate,0.7720055363294537,1.0009631238224554,13.68154136099369,0.2928028491025422,seeding_regime,main,0.9465817707013867,0.730766367570008,0.9709962070190769,12.950697647413667
E-S,conversion_rate,0.7720055363294537,1.0009631238224554,13.68154136099369,0.2928028491025422,seeding_regime,shapley,0.963030313144913,0.7434647334009604,0.8992066216171575,13.175739061182833
E-SD,conversion_rate,5.794366813496716e-05,0.08132626530753743,0.0010268821334694874,0.023789649810455872,topology,main,0.003012173521263834,1.7453638288104707e-07,0.000712749413572876,3.0931471718957045e-06
E-SD,conversion_rate,5.794366813496716e-05,0.08132626530753743,0.0010268821334694874,0.023789649810455872,topology,shapley,0.19835120441531098,1.1493196362811812e-05,0.013524729453991448,0.00020368330796623695
E-SD,conversion_rate,5.794366813496716e-05,0.08132626530753743,0.0010268821334694874,0.023789649810455872,message_condition,main,0.28658852117769595,1.6605990162411425e-05,0.00017017987751529273,0.0002942926320548178
E-SD,conversion_rate,5.794366813496716e-05,0.08132626530753743,0.0010268821334694874,0.023789649810455872,message_condition,shapley,0.4583430755123537,2.6558079059448016e-05,0.00015491017786380202,0.00047066431524309213
E-SD,conversion_rate,5.794366813496716e-05,0.08132626530753743,0.0010268821334694874,0.023789649810455872,inoculation,main,0.013675295102258121,7.923967610529864e-07,0.002174954810493372,1.4042916210431652e-05
E-SD,conversion_rate,5.794366813496716e-05,0.08132626530753743,0.0010268821334694874,0.023789649810455872,inoculation,shapley,0.16961289794556103,9.827993469967642e-06,0.01082812029266392,0.00017417245450628016
E-SD,conversion_rate,5.794366813496716e-05,0.08132626530753743,0.0010268821334694874,0.023789649810455872,seeding_regime,main,0.0027746931977579463,1.6077590182723725e-07,2.1362886660128498e-07,2.8492828706369543e-06
E-SD,conversion_rate,5.794366813496716e-05,0.08132626530753743,0.0010268821334694874,0.023789649810455872,seeding_regime,shapley,0.1736928221267743,1.0064399242739692e-05,1.217270172355232e-05,0.0001783620557538782
CS-0,conversion_rate,0.020260410131266064,0.6148926588754127,0.3590565431946847,0.1798690862091071,topology,main,0.0015232059506133794,3.086077727381207e-05,0.1260253051038864,0.0005469170632008137
CS-0,conversion_rate,0.020260410131266064,0.6148926588754127,0.3590565431946847,0.1798690862091071,topology,shapley,0.006015740105480381,0.00012188136178013828,0.14342506571054,0.0021599908470314134
CS-0,conversion_rate,0.020260410131266064,0.6148926588754127,0.3590565431946847,0.1798690862091071,message_condition,main,0.9760738038153092,0.019775655583683095,0.20266293139409505,0.3504656859008118
CS-0,conversion_rate,0.020260410131266064,0.6148926588754127,0.3590565431946847,0.1798690862091071,message_condition,shapley,0.9804911013276627,0.0198651518429552,0.1158711139610405,0.35205174547585993
CS-0,conversion_rate,0.020260410131266064,0.6148926588754127,0.3590565431946847,0.1798690862091071,inoculation,main,0.0036334775560344984,7.361574548800921e-05,0.20205902856598748,0.0013046238910452183
CS-0,conversion_rate,0.020260410131266064,0.6148926588754127,0.3590565431946847,0.1798690862091071,inoculation,shapley,0.007654579245454296,0.00015508491489518115,0.17086683250188373,0.0027484267634825974
CS-0,conversion_rate,0.020260410131266064,0.6148926588754127,0.3590565431946847,0.1798690862091071,seeding_regime,main,0.0025683816884706284,5.203646638204856e-05,6.914277083065718e-05,0.0009221942506667915
CS-0,conversion_rate,0.020260410131266064,0.6148926588754127,0.3590565431946847,0.1798690862091071,seeding_regime,shapley,0.0058385793214025304,0.00011829201163554437,0.00014307196477298021,0.0020963801083107607
CS-15,conversion_rate,0.027711739414527432,0.6163189766428209,0.4911095725913787,0.18028631427284225,topology,main,0.00051634526496565,1.4308825430653213e-05,0.058432555815972516,0.0002535821023868626
CS-15,conversion_rate,0.027711739414527432,0.6163189766428209,0.4911095725913787,0.18028631427284225,topology,shapley,0.004156078775389199,0.00011517217200983375,0.13552996206535559,0.00204109007103749
CS-15,conversion_rate,0.027711739414527432,0.6163189766428209,0.4911095725913787,0.18028631427284225,message_condition,main,0.7013700765923618,0.019436184795674678,0.19918400020370688,0.3444495585436574
CS-15,conversion_rate,0.027711739414527432,0.6163189766428209,0.4911095725913787,0.18028631427284225,message_condition,shapley,0.7200192364597305,0.01995298545421906,0.11638343717209987,0.3536083394753091
CS-15,conversion_rate,0.027711739414527432,0.6163189766428209,0.4911095725913787,0.18028631427284225,inoculation,main,0.0016345112982832852,4.529515116812732e-05,0.12432522666325667,0.0008027241450956837
CS-15,conversion_rate,0.027711739414527432,0.6163189766428209,0.4911095725913787,0.18028631427284225,inoculation,shapley,0.004664050633489179,0.00012924895577141372,0.14240172676861515,0.0022905599131574196
CS-15,conversion_rate,0.027711739414527432,0.6163189766428209,0.4911095725913787,0.18028631427284225,seeding_regime,main,0.25279818538632803,0.00700547743789132,0.009308436078099239,0.12415160877695569
CS-15,conversion_rate,0.027711739414527432,0.6163189766428209,0.4911095725913787,0.18028631427284225,seeding_regime,shapley,0.2711606341313911,0.007514332832527122,0.00908844432893832,0.13316958313187469
CS-30,conversion_rate,0.05363347414962705,0.6096282256361345,0.9504965448832787,0.17832912832785736,topology,main,0.0001865658838062455,1.000617650632459e-05,0.04086194705805373,0.00017733022795093158
CS-30,conversion_rate,0.05363347414962705,0.6096282256361345,0.9504965448832787,0.17832912832785736,topology,shapley,0.0023038024571656133,0.0001235609295322392,0.1454015132304235,0.0021897562756295233
CS-30,conversion_rate,0.05363347414962705,0.6096282256361345,0.9504965448832787,0.17832912832785736,message_condition,main,0.36291063445413446,0.01946415813162057,0.19947067379789832,0.34494530415005337
CS-30,conversion_rate,0.05363347414962705,0.6096282256361345,0.9504965448832787,0.17832912832785736,message_condition,shapley,0.40318424937942765,0.021624172016628317,0.12613127349139555,0.3832252359865042
CS-30,conversion_rate,0.05363347414962705,0.6096282256361345,0.9504965448832787,0.17832912832785736,inoculation,main,0.001408266193564697,7.553020848834585e-05,0.20731380838936858,0.0013385521512591712
CS-30,conversion_rate,0.05363347414962705,0.6096282256361345,0.9504965448832787,0.17832912832785736,inoculation,shapley,0.003417230773426031,0.00018327795834985507,0.20192888671227538,0.0032480660432102565
CS-30,conversion_rate,0.05363347414962705,0.6096282256361345,0.9504965448832787,0.17832912832785736,seeding_regime,main,0.5510719216156548,0.029555901662558524,0.03927201590407593,0.5237919574778689
CS-30,conversion_rate,0.05363347414962705,0.6096282256361345,0.9504965448832787,0.17832912832785736,seeding_regime,shapley,0.591094717389981,0.03170246324511665,0.03834353344667555,0.561833486577935
CS-45,conversion_rate,0.09984454651250275,0.5909044735687803,1.7694527156830024,0.17285203549523132,topology,main,0.00013332591017352281,1.3311865039642063e-05,0.05436129616042625,0.00023591389382744799
CS-45,conversion_rate,0.09984454651250275,0.5909044735687803,1.7694527156830024,0.17285203549523132,topology,shapley,0.0012110024611574261,0.00012091199155978795,0.14228434997253908,0.0021428115935938075
CS-45,conversion_rate,0.09984454651250275,0.5909044735687803,1.7694527156830024,0.17285203549523132,message_condition,main,0.1911433269538134,0.019084618798594542,0.19558111607957518,0.33821907896310915
CS-45,conversion_rate,0.09984454651250275,0.5909044735687803,1.7694527156830024,0.17285203549523132,message_condition,shapley,0.24287414281588418,0.024249658649064785,0.14144543082556763,0.42975431157474764
CS-45,conversion_rate,0.09984454651250275,0.5909044735687803,1.7694527156830024,0.17285203549523132,inoculation,main,0.0006884110261837136,6.873408672351954e-05,0.18865994904564104,0.0012181107597868945
CS-45,conversion_rate,0.09984454651250275,0.5909044735687803,1.7694527156830024,0.17285203549523132,inoculation,shapley,0.0016863661951420422,0.00016837446800797195,0.18550877138602898,0.0029839452436300987
CS-45,conversion_rate,0.09984454651250275,0.5909044735687803,1.7694527156830024,0.17285203549523132,seeding_regime,main,0.7024575811506552,0.07013655863425677,0.09319303053545379,1.2429654746191399
CS-45,conversion_rate,0.09984454651250275,0.5909044735687803,1.7694527156830024,0.17285203549523132,seeding_regime,shapley,0.7542284885278164,0.07530560140387021,0.09108070952802363,1.334571647271031
CS-45-R,conversion_rate,0.11326953650744066,0.5919207423963486,2.0073714186497726,0.17314931558586022,topology,main,0.00013683961025134033,1.5499759229028146e-05,0.06329593932595602,0.00027468792255771503
CS-45-R,conversion_rate,0.11326953650744066,0.5919207423963486,2.0073714186497726,0.17314931558586022,topology,shapley,0.00173737177370019,0.0001967912955481306,0.23157605135859607,0.003487550442094622
CS-45-R,conversion_rate,0.11326953650744066,0.5919207423963486,2.0073714186497726,0.17314931558586022,message_condition,main,0.18588268741595743,0.02105484584836297,0.21577220343586315,0.3731355939406027
CS-45-R,conversion_rate,0.11326953650744066,0.5919207423963486,2.0073714186497726,0.17314931558586022,message_condition,shapley,0.23900587867692477,0.027072085100288863,0.15790831515496268,0.4797735697453339
CS-45-R,conversion_rate,0.11326953650744066,0.5919207423963486,2.0073714186497726,0.17314931558586022,inoculation,main,0.0008997538646029573,0.00010191470321435548,0.27973344277873025,0.0018061401916236537
CS-45-R,conversion_rate,0.11326953650744066,0.5919207423963486,2.0073714186497726,0.17314931558586022,inoculation,shapley,0.0026523068124956043,0.0003004255633269044,0.3309977920351379,0.005324164888893757
CS-45-R,conversion_rate,0.11326953650744066,0.5919207423963486,2.0073714186497726,0.17314931558586022,seeding_regime,main,0.7028206614162247,0.07960817056646866,0.10577831041240886,1.4108221081634584
CS-45-R,conversion_rate,0.11326953650744066,0.5919207423963486,2.0073714186497726,0.17314931558586022,seeding_regime,shapley,0.7566044427368797,0.08570023454827679,0.1036528229488907,1.5187861335734507
D-A95,conversion_rate,0.07518082328544534,1.0719426130086578,1.3323603198804352,0.31356584842483237,topology,main,0.0008576492426291437,6.44787761509977e-05,0.2633102000334329,0.001142697819254579
D-A95,conversion_rate,0.07518082328544534,1.0719426130086578,1.3323603198804352,0.31356584842483237,topology,shapley,0.004990788840181082,0.00037521161384862663,0.4415338784011409,0.006649529015559373
D-A95,conversion_rate,0.07518082328544534,1.0719426130086578,1.3323603198804352,0.31356584842483237,message_condition,main,0.9775131131920775,0.0734902406220991,0.7531354664985593,1.3023996841799164
D-A95,conversion_rate,0.07518082328544534,1.0719426130086578,1.3323603198804352,0.31356584842483237,message_condition,shapley,0.9801904877151489,0.07369152784298709,0.4298340877613801,1.3059669117559156
D-A95,conversion_rate,0.07518082328544534,1.0719426130086578,1.3323603198804352,0.31356584842483237,inoculation,main,0.0035948606674523083,0.0002702645845755301,0.741816836236709,0.0047896497088123526
D-A95,conversion_rate,0.07518082328544534,1.0719426130086578,1.3323603198804352,0.31356584842483237,inoculation,shapley,0.007522073825351592,0.000565515703003832,0.6230643191031807,0.010022112688109697
D-A95,conversion_rate,0.07518082328544534,1.0719426130086578,1.3323603198804352,0.31356584842483237,seeding_regime,main,0.00475920632497453,0.0003578010496968839,0.00047542344248599407,0.006340977661520056
D-A95,conversion_rate,0.07518082328544534,1.0719426130086578,1.3323603198804352,0.31356584842483237,seeding_regime,shapley,0.007296649619318346,0.0005485681256057846,0.0006634828375736872,0.009721766420850448
S-A06,conversion_rate,0.07992760856801376,0.37132869377367256,1.4164832129415301,0.10862148355201734,topology,main,0.00015693274697106053,1.2543259171406072e-05,0.051222561572192946,0.000222292601645308
S-A06,conversion_rate,0.07992760856801376,0.37132869377367256,1.4164832129415301,0.10862148355201734,topology,shapley,0.0008076103996325943,6.455036789729116e-05,0.07596026678803665,0.0011439665736765704
S-A06,conversion_rate,0.07992760856801376,0.37132869377367256,1.4164832129415301,0.10862148355201734,message_condition,main,0.012984236311143798,0.0010377989574316922,0.01063546935376344,0.01839195276760105
S-A06,conversion_rate,0.07992760856801376,0.37132869377367256,1.4164832129415301,0.10862148355201734,message_condition,shapley,0.023274344530677383,0.0018602626993250734,0.010850695375248763,0.032967718319922026
S-A06,conversion_rate,0.07992760856801376,0.37132869377367256,1.4164832129415301,0.10862148355201734,inoculation,main,0.0004965137785749713,3.968515894256576e-05,0.10892703199925849,0.0007033034323456148
S-A06,conversion_rate,0.07992760856801376,0.37132869377367256,1.4164832129415301,0.10862148355201734,inoculation,shapley,0.001229309996836482,9.825580823589255e-05,0.10825462127974589,0.001741296974020082
S-A06,conversion_rate,0.07992760856801376,0.37132869377367256,1.4164832129415301,0.10862148355201734,seeding_regime,main,0.9639725595213378,0.07704802140772782,0.10237654586376564,1.3654509482982549
S-A06,conversion_rate,0.07992760856801376,0.37132869377367256,1.4164832129415301,0.10862148355201734,seeding_regime,shapley,0.9746887350728538,0.07790453969255552,0.0942240765411027,1.3806302310739118
S-A18,conversion_rate,1.6520080637344978,1.4323884959512503,29.277013685861977,0.419003880017685,topology,main,0.00040289600209189775,0.0006655874443022063,2.7180410913590762,0.011795591767223567
S-A18,conversion_rate,1.6520080637344978,1.4323884959512503,29.277013685861977,0.419003880017685,topology,shapley,0.001022813596752246,0.0016896963095319954,1.9883663973384957,0.029944927670201217
S-A18,conversion_rate,1.6520080637344978,1.4323884959512503,29.277013685861977,0.419003880017685,message_condition,main,0.019785331755214776,0.03268552760327704,0.3349646139523344,0.5792554285767426
S-A18,conversion_rate,1.6520080637344978,1.4323884959512503,29.277013685861977,0.419003880017685,message_condition,shapley,0.0369226179506774,0.06099646258870719,0.35578525267315636,1.0809839910598353
S-A18,conversion_rate,1.6520080637344978,1.4323884959512503,29.277013685861977,0.419003880017685,inoculation,main,0.00036911039935324114,0.0006097733561398151,1.6736937345435412,0.01080645021345882
S-A18,conversion_rate,1.6520080637344978,1.4323884959512503,29.277013685861977,0.419003880017685,inoculation,shapley,0.0009090510348292138,0.001501759639884051,1.6545833166274675,0.026614299587841884
S-A18,conversion_rate,1.6520080637344978,1.4323884959512503,29.277013685861977,0.419003880017685,seeding_regime,main,0.9433587292037693,1.5584362276389554,2.0707516561694734,27.618726425576117
S-A18,conversion_rate,1.6520080637344978,1.4323884959512503,29.277013685861977,0.419003880017685,seeding_regime,shapley,0.9611455174177412,1.5878201451963747,1.9204386225105272,28.1394704675441
J-S06-D05,conversion_rate,2.0447805363453592e-05,0.03035801349581257,0.00036237757588081893,0.008880359958439395,topology,main,0.0213908181159658,4.3739528540030574e-07,0.001786179064917828,7.751552814971192e-06
J-S06-D05,conversion_rate,2.0447805363453592e-05,0.03035801349581257,0.00036237757588081893,0.008880359958439395,topology,shapley,0.2708173312085306,5.5376200776019796e-06,0.006516447731711326,9.813812798986017e-05
J-S06-D05,conversion_rate,2.0447805363453592e-05,0.03035801349581257,0.00036237757588081893,0.008880359958439395,message_condition,main,0.11915913228097556,2.436542744159408e-06,2.4969938058882373e-05,4.318059750004176e-05
J-S06-D05,conversion_rate,2.0447805363453592e-05,0.03035801349581257,0.00036237757588081893,0.008880359958439395,message_condition,shapley,0.3487172813808504,7.130503096548309e-06,4.1591392979596295e-05,0.000126367323094542
J-S06-D05,conversion_rate,2.0447805363453592e-05,0.03035801349581257,0.00036237757588081893,0.008880359958439395,inoculation,main,0.010149789822713154,2.0754092677480072e-07,0.0005696541925073839,3.6780562316545995e-06
J-S06-D05,conversion_rate,2.0447805363453592e-05,0.03035801349581257,0.00036237757588081893,0.008880359958439395,inoculation,shapley,0.18810779288093982,3.846391536178299e-06,0.004237812161118592,6.816604598848614e-05
J-S06-D05,conversion_rate,2.0447805363453592e-05,0.03035801349581257,0.00036237757588081893,0.008880359958439395,seeding_regime,main,0.011963553862897039,2.44628420843712e-07,3.250467992364946e-07,4.335323647756236e-06
J-S06-D05,conversion_rate,2.0447805363453592e-05,0.03035801349581257,0.00036237757588081893,0.008880359958439395,seeding_regime,shapley,0.19235759452967913,3.933290653125004e-06,4.757241118695287e-06,6.97060788079306e-05
J-S06-D50,conversion_rate,0.0003711962558322107,0.2647659741342703,0.0065783685326410895,0.07744963798054472,topology,main,0.01776677136072574,6.594959007328346e-06,0.026931652228716314,0.00011687636964602712
J-S06-D50,conversion_rate,0.0003711962558322107,0.2647659741342703,0.0065783685326410895,0.07744963798054472,topology,shapley,0.10054847591444958,3.73232177890789e-05,0.04392045580836112,0.0006614449299606356
J-S06-D50,conversion_rate,0.0003711962558322107,0.2647659741342703,0.0065783685326410895,0.07744963798054472,message_condition,main,0.6890901942275445,0.00025578770002795536,0.0026213383866267883,0.004533089249858015
J-S06-D50,conversion_rate,0.0003711962558322107,0.2647659741342703,0.0065783685326410895,0.07744963798054472,message_condition,shapley,0.75784599295908,0.0002813095950838544,0.0016408460608799667,0.004985390232670152
J-S06-D50,conversion_rate,0.0003711962558322107,0.2647659741342703,0.0065783685326410895,0.07744963798054472,inoculation,main,0.002879426335074722,1.0688322745244013e-06,0.0029337094891683587,1.894192759471361e-05
J-S06-D50,conversion_rate,0.0003711962558322107,0.2647659741342703,0.0065783685326410895,0.07744963798054472,inoculation,shapley,0.06604356202062388,2.4515122943877973e-05,0.027009857204008697,0.0004344588901800023
J-S06-D50,conversion_rate,0.0003711962558322107,0.2647659741342703,0.0065783685326410895,0.07744963798054472,seeding_regime,main,0.005850618596326567,2.1717277172587257e-06,2.8856546629924124e-06,3.848752527055947e-05
J-S06-D50,conversion_rate,0.0003711962558322107,0.2647659741342703,0.0065783685326410895,0.07744963798054472,seeding_regime,shapley,0.07556196910584653,2.804832001539941e-05,3.392391589001177e-05,0.000497074479830299
J-S06-D95,conversion_rate,0.0013374261284047632,0.4508733073699469,0.023701968485928995,0.13188996261726724,topology,main,0.008384900326741307,1.121418478105346e-05,0.04579505713626013,0.0001987386433020782
J-S06-D95,conversion_rate,0.0013374261284047632,0.4508733073699469,0.023701968485928995,0.13188996261726724,topology,shapley,0.05778209180852465,7.72792793386037e-05,0.09093913585570572,0.0013695493190967072
J-S06-D95,conversion_rate,0.0013374261284047632,0.4508733073699469,0.023701968485928995,0.13188996261726724,message_condition,main,0.7677731034903557,0.0010268398092944159,0.010523158888116217,0.018197733903272312
J-S06-D95,conversion_rate,0.0013374261284047632,0.4508733073699469,0.023701968485928995,0.13188996261726724,message_condition,shapley,0.8159673249920731,0.0010912960203689395,0.006365402416304326,0.0193400318225099
J-S06-D95,conversion_rate,0.0013374261284047632,0.4508733073699469,0.023701968485928995,0.13188996261726724,inoculation,main,0.010023985511421614,1.340634013372605e-05,0.036797454757652726,0.00023758818869512395
J-S06-D95,conversion_rate,0.0013374261284047632,0.4508733073699469,0.023701968485928995,0.13188996261726724,inoculation,shapley,0.05493038380180154,7.346533053983114e-05,0.08094138837764482,0.0013019582257902847
J-S06-D95,conversion_rate,0.0013374261284047632,0.4508733073699469,0.023701968485928995,0.13188996261726724,seeding_regime,main,0.0345745895792124,4.6240959482109715e-05,6.144206720316793e-05,0.0008194858326204214
J-S06-D95,conversion_rate,0.0013374261284047632,0.4508733073699469,0.023701968485928995,0.13188996261726724,seeding_regime,shapley,0.07132019939760056,9.538549815738864e-05,0.00011536696724943032,0.0016904291185321006
J-S14-D50,conversion_rate,0.0020940938921043734,0.6432398062989506,0.03711169266330709,0.1881612253818724,topology,main,0.004491700040670821,9.406041620333734e-06,0.038411192774082274,0.00016669459144513947
J-S14-D50,conversion_rate,0.0020940938921043734,0.6432398062989506,0.03711169266330709,0.1881612253818724,topology,shapley,0.051824747868996296,0.00010852588797231429,0.1277088833467596,0.0019233041152675696
J-S14-D50,conversion_rate,0.0020940938921043734,0.6432398062989506,0.03711169266330709,0.1881612253818724,message_condition,main,0.7861196149071891,0.001646208284040587,0.016870510063099142,0.029174229545032924
J-S14-D50,conversion_rate,0.0020940938921043734,0.6432398062989506,0.03711169266330709,0.1881612253818724,message_condition,shapley,0.8256114152246011,0.001728907821873485,0.010084517694108655,0.030639837101133414
J-S14-D50,conversion_rate,0.0020940938921043734,0.6432398062989506,0.03711169266330709,0.1881612253818724,inoculation,main,0.02747852768002785,5.754261697876728e-05,0.15794182631442974,0.0010197746741013704
J-S14-D50,conversion_rate,0.0020940938921043734,0.6432398062989506,0.03711169266330709,0.1881612253818724,inoculation,shapley,0.06431429478179346,0.00013468017187755386,0.14838564011903102,0.0023868123417992537
J-S14-D50,conversion_rate,0.0020940938921043734,0.6432398062989506,0.03711169266330709,0.1881612253818724,seeding_regime,main,0.020060510961027025,4.200859347597953e-05,5.58183664951914e-05,0.0007444795174545381
J-S14-D50,conversion_rate,0.0020940938921043734,0.6432398062989506,0.03711169266330709,0.1881612253818724,seeding_regime,shapley,0.05824954212460918,0.00012198001038102049,0.00014753252993963942,0.0021617391051068557
J-S14-D95,conversion_rate,0.00916045353865717,1.0926440487806115,0.16234226061445603,0.31962145549994025,topology,main,0.0029706175397557636,2.7212203954052743e-05,0.11112572685487197,0.0004822567668249044
J-S14-D95,conversion_rate,0.00916045353865717,1.0926440487806115,0.16234226061445603,0.31962145549994025,topology,shapley,0.034716606588566595,0.00031801986167440366,0.3742329334996083,0.005635972394450619
J-S14-D95,conversion_rate,0.00916045353865717,1.0926440487806115,0.16234226061445603,0.31962145549994025,message_condition,main,0.8341881747549472,0.0076415420173399215,0.0783113004295571,0.13542399406756503
J-S14-D95,conversion_rate,0.00916045353865717,1.0926440487806115,0.16234226061445603,0.31962145549994025,message_condition,shapley,0.8546650802739613,0.007829119758962323,0.04566634249649934,0.1387482611999104
J-S14-D95,conversion_rate,0.00916045353865717,1.0926440487806115,0.16234226061445603,0.31962145549994025,inoculation,main,0.02798897270538804,0.00025639168406245085,0.7037387758641224,0.004543793101269002
J-S14-D95,conversion_rate,0.00916045353865717,1.0926440487806115,0.16234226061445603,0.31962145549994025,inoculation,shapley,0.06035650060189123,0.0005528929195195582,0.6091570023743247,0.009798410750488798
J-S14-D95,conversion_rate,0.00916045353865717,1.0926440487806115,0.16234226061445603,0.31962145549994025,seeding_regime,main,0.03188295052814714,0.0002920622869883969,0.0003880739254901221,0.005175950263798271
J-S14-D95,conversion_rate,0.00916045353865717,1.0926440487806115,0.16234226061445603,0.31962145549994025,seeding_regime,shapley,0.050261812535580874,0.0004604209985008851,0.0005568705440669454,0.008159616269606203
J-S18-D05,conversion_rate,7.599563239534995e-05,0.10165029901477701,0.0013468004294572102,0.029734858812772116,topology,main,0.011363194969806038,8.635531877620693e-07,0.0035264683386150284,1.5303955865340783e-05
J-S18-D05,conversion_rate,7.599563239534995e-05,0.10165029901477701,0.0013468004294572102,0.029734858812772116,topology,shapley,0.1983349494718796,1.5072589911215266e-05,0.017736815267487074,0.0002671175951251015
J-S18-D05,conversion_rate,7.599563239534995e-05,0.10165029901477701,0.0013468004294572102,0.029734858812772116,message_condition,main,0.2857952997966456,2.171919454366471e-05,0.0002225805164896556,0.00038490923250297446
J-S18-D05,conversion_rate,7.599563239534995e-05,0.10165029901477701,0.0013468004294572102,0.029734858812772116,message_condition,shapley,0.46790149765813727,3.555847021326149e-05,0.00020740840980897093,0.0006301699379896511
J-S18-D05,conversion_rate,7.599563239534995e-05,0.10165029901477701,0.0013468004294572102,0.029734858812772116,inoculation,main,0.010136445982894156,7.703256227113459e-07,0.0021143743905968726,1.3651769802931662e-05
J-S18-D05,conversion_rate,7.599563239534995e-05,0.10165029901477701,0.0013468004294572102,0.029734858812772116,inoculation,shapley,0.15328560987217218,1.1649036859342621e-05,0.012834478654476875,0.0002064451252054519
J-S18-D05,conversion_rate,7.599563239534995e-05,0.10165029901477701,0.0013468004294572102,0.029734858812772116,seeding_regime,main,0.015472377408325189,1.1758331058051984e-06,1.5623727862858025e-06,2.08382045382564e-05
J-S18-D05,conversion_rate,7.599563239534995e-05,0.10165029901477701,0.0013468004294572102,0.029734858812772116,seeding_regime,shapley,0.18047794299781103,1.3715535411530568e-05,1.658868229654343e-05,0.0002430677711370058
J-S18-D50,conversion_rate,0.004021275840037836,0.8116421004468058,0.0712653590426632,0.2374224522426558,topology,main,0.0072914856389243695,2.932107503778941e-05,0.1197376655430853,0.0005196303420123677
J-S18-D50,conversion_rate,0.004021275840037836,0.8116421004468058,0.0712653590426632,0.2374224522426558,topology,shapley,0.04201286191727951,0.00016894530659880176,0.1988080158156646,0.002994061688944756
J-S18-D50,conversion_rate,0.004021275840037836,0.8116421004468058,0.0712653590426632,0.2374224522426558,message_condition,main,0.8139421777501193,0.0032730860145743362,0.03354291864619484,0.05800588153732945
J-S18-D50,conversion_rate,0.004021275840037836,0.8116421004468058,0.0712653590426632,0.2374224522426558,message_condition,shapley,0.8381306750901649,0.0033703546345346816,0.019658885521470704,0.059729683484970306
J-S18-D50,conversion_rate,0.004021275840037836,0.8116421004468058,0.0712653590426632,0.2374224522426558,inoculation,main,0.04485268934116895,0.00018036503600836525,0.49506235006552807,0.003196443009927438
J-S18-D50,conversion_rate,0.004021275840037836,0.8116421004468058,0.0712653590426632,0.2374224522426558,inoculation,shapley,0.07478916365722287,0.000300747856911426,0.33135288320541784,0.005329876600532486
J-S18-D50,conversion_rate,0.004021275840037836,0.8116421004468058,0.0712653590426632,0.2374224522426558,seeding_regime,main,0.024330348566501854,9.783904287017309e-05,0.00013000234239189136,0.0017339110262249006
J-S18-D50,conversion_rate,0.004021275840037836,0.8116421004468058,0.0712653590426632,0.2374224522426558,seeding_regime,shapley,0.045067299335332676,0.0001812280419929265,0.000219191910606558,0.00321173726821566
J-S18-D95,conversion_rate,0.019644186270851304,1.410825118892463,0.34813577664943307,0.4126961369162466,topology,main,0.005266551224107831,0.00010345711325135417,0.4224849603426302,0.001833474900668802
J-S18-D95,conversion_rate,0.019644186270851304,1.410825118892463,0.34813577664943307,0.4126961369162466,topology,shapley,0.027457987224457123,0.000539389815659891,0.6347321577696944,0.009559107707616591
J-S18-D95,conversion_rate,0.019644186270851304,1.410825118892463,0.34813577664943307,0.4126961369162466,message_condition,main,0.8681755828382278,0.01705460286507904,0.17477730615671097,0.30224298079946066
J-S18-D95,conversion_rate,0.019644186270851304,1.410825118892463,0.34813577664943307,0.4126961369162466,message_condition,shapley,0.8777704139727316,0.0172430855151226,0.10057690686473567,0.3055832847882913
J-S18-D95,conversion_rate,0.019644186270851304,1.410825118892463,0.34813577664943307,0.4126961369162466,inoculation,main,0.03252445518339945,0.000638916455980654,1.7536851331798646,0.011322926465372446
J-S18-D95,conversion_rate,0.019644186270851304,1.410825118892463,0.34813577664943307,0.4126961369162466,inoculation,shapley,0.053502883081934925,0.0010510206012891085,1.1579756880794814,0.018626267754713228
J-S18-D95,conversion_rate,0.019644186270851304,1.410825118892463,0.34813577664943307,0.4126961369162466,seeding_regime,main,0.032513314097833305,0.0006386975984205332,0.0008486610399993786,0.01131904785489616
J-S18-D95,conversion_rate,0.019644186270851304,1.410825118892463,0.34813577664943307,0.4126961369162466,seeding_regime,shapley,0.041268715720876446,0.0008106903387797064,0.0009805147278164452,0.01436711639881199
NC-NoOp,conversion_rate,1.0,1.0,17.722076743184243,0.29252111504806816,topology,main,0.0002448776239690324,0.0002448776239690324,1.0,0.004339740044667805
NC-NoOp,conversion_rate,1.0,1.0,17.722076743184243,0.29252111504806816,topology,shapley,0.0008497912214739287,0.0008497912214739287,1.0,0.015060065242645242
NC-NoOp,conversion_rate,1.0,1.0,17.722076743184243,0.29252111504806816,message_condition,main,0.09757904638824984,0.09757904638824984,1.0,1.7293033486192988
NC-NoOp,conversion_rate,1.0,1.0,17.722076743184243,0.29252111504806816,message_condition,shapley,0.17144179566301992,0.17144179566301992,1.0,3.0383046597293504
NC-NoOp,conversion_rate,1.0,1.0,17.722076743184243,0.29252111504806816,inoculation,main,0.0003643279194721463,0.0003643279194721463,1.0,0.006456647348570026
NC-NoOp,conversion_rate,1.0,1.0,17.722076743184243,0.29252111504806816,inoculation,shapley,0.0009076361551529986,0.0009076361551529986,1.0,0.01608519759651012
NC-NoOp,conversion_rate,1.0,1.0,17.722076743184243,0.29252111504806816,seeding_regime,main,0.7525944615308378,0.7525944615308378,1.0,13.337536803744928
NC-NoOp,conversion_rate,1.0,1.0,17.722076743184243,0.29252111504806816,seeding_regime,shapley,0.8268007769603535,0.8268007769603535,1.0,14.652626820615742
PC-M01,conversion_rate,0.009716463396846875,0.42715349157998167,0.17219590999126097,0.12495141565365184,topology,main,0.002156670280392894,2.095520783850504e-05,0.08557420436730091,0.00037136980148336235
PC-M01,conversion_rate,0.009716463396846875,0.42715349157998167,0.17219590999126097,0.12495141565365184,topology,shapley,0.008364716907139951,8.127546565321154e-05,0.09564168656889926,0.00144037003964425
PC-M01,conversion_rate,0.009716463396846875,0.42715349157998167,0.17219590999126097,0.12495141565365184,message_condition,main,0.8860877046000089,0.008609638748142051,0.08823245426980109,0.15258067862566616
PC-M01,conversion_rate,0.009716463396846875,0.42715349157998167,0.17219590999126097,0.12495141565365184,message_condition,shapley,0.8962877076847122,0.008708746704762299,0.050797103886382,0.15433707743875033
PC-M01,conversion_rate,0.009716463396846875,0.42715349157998167,0.17219590999126097,0.12495141565365184,inoculation,main,0.0032944914523143007,3.201080560763681e-05,0.08786262017474644,0.0005672979535896919
PC-M01,conversion_rate,0.009716463396846875,0.42715349157998167,0.17219590999126097,0.12495141565365184,inoculation,shapley,0.008602029860026098,8.358130827352743e-05,0.09208679909785907,0.0014812343595191932
PC-M01,conversion_rate,0.009716463396846875,0.42715349157998167,0.17219590999126097,0.12495141565365184,seeding_regime,main,0.07817837374300081,0.0007596173068988822,0.001009331513487037,0.013461996208312926
PC-M01,conversion_rate,0.009716463396846875,0.42715349157998167,0.17219590999126097,0.12495141565365184,seeding_regime,shapley,0.08674554554812172,0.0008428599181578381,0.0010194232294465475,0.014937228153347196
PC-M05,conversion_rate,0.0033945628974728363,0.11395901490459859,0.06015870417857947,0.033335418109672596,topology,main,0.0014716797582039068,4.995709504160777e-06,0.020400841135213493,8.85343472193922e-05
PC-M05,conversion_rate,0.0033945628974728363,0.11395901490459859,0.06015870417857947,0.033335418109672596,topology,shapley,0.0058250130427278364,1.9773373152139266e-05,0.023268507196206552,0.000350425236473831
PC-M05,conversion_rate,0.0033945628974728363,0.11395901490459859,0.06015870417857947,0.033335418109672596,message_condition,main,0.16933499159874546,0.0005748182797249758,0.005890796241622152,0.010186973666671168
PC-M05,conversion_rate,0.0033945628974728363,0.11395901490459859,0.06015870417857947,0.033335418109672596,message_condition,shapley,0.2208203600997432,0.0007495886014011794,0.004372262892501109,0.013284266719847846
PC-M05,conversion_rate,0.0033945628974728363,0.11395901490459859,0.06015870417857947,0.033335418109672596,inoculation,main,0.000455836783825522,1.5473666336774629e-06,0.00424718104481082,2.7422550231874657e-05
PC-M05,conversion_rate,0.0033945628974728363,0.11395901490459859,0.06015870417857947,0.033335418109672596,inoculation,shapley,0.004173699061539049,1.4167883979517654e-05,0.01560965139949653,0.00025108432717354243
PC-M05,conversion_rate,0.0033945628974728363,0.11395901490459859,0.06015870417857947,0.033335418109672596,seeding_regime,main,0.7171888200465676,0.002434542559012401,0.0032348664300031462,0.04314515006536593
PC-M05,conversion_rate,0.0033945628974728363,0.11395901490459859,0.06015870417857947,0.033335418109672596,seeding_regime,shapley,0.7691809277959899,0.00261103303894,0.0031579953861910846,0.046272927895084255
