design,outcome,factor,metric,point,lo95,median,hi95,replications_design,replications_benchmark,point_splits,bootstrap_draws,splits_per_bootstrap,denominator
C-D1,mean_total_shift,topology,B_total,2.3917393840097447e-06,2.3837124518542604e-06,2.391748626584752e-06,2.399373717690039e-06,30,30,100,1000,20,C-D50 repeated-cross-fit B at native R=30
C-D1,mean_total_shift,topology,B_factor,2.7811877125394084e-10,-2.056645943899621e-10,1.8361608843180823e-10,5.888469500399524e-10,30,30,100,1000,20,C-D50 repeated-cross-fit B at native R=30
C-D1,mean_total_shift,topology,q,8.275281861997208e-08,-6.121578659886606e-08,5.4630034078987686e-08,1.7506242447633222e-07,30,30,100,1000,20,C-D50 repeated-cross-fit B at native R=30
C-D1,mean_total_shift,topology,rho,0.0002308833519627,-0.0001714817896454101,0.0001511118370690133,0.000486439610781438,30,30,100,1000,20,C-D50 repeated-cross-fit B at native R=30
C-D1,mean_total_shift,topology,tau,0.0007116498269384,0.0007092295078001266,0.0007116226439308789,0.0007140098921466658,30,30,100,1000,20,C-D50 repeated-cross-fit B at native R=30
C-D1,mean_total_shift,message_condition,B_total,2.3917393840097447e-06,2.3837124518542604e-06,2.391748626584752e-06,2.399373717690039e-06,30,30,100,1000,20,C-D50 repeated-cross-fit B at native R=30
C-D1,mean_total_shift,message_condition,B_factor,2.390200727012959e-06,2.38231035156654e-06,2.390305882325455e-06,2.3980350488235848e-06,30,30,100,1000,20,C-D50 repeated-cross-fit B at native R=30
C-D1,mean_total_shift,message_condition,q,0.0007111920074148,0.0007088466780081965,0.0007112095683639234,0.0007135740006651664,30,30,100,1000,20,C-D50 repeated-cross-fit B at native R=30
C-D1,mean_total_shift,message_condition,rho,0.0055724397887628,0.005552857468493948,0.005572614350655388,0.00559180640644016,30,30,100,1000,20,C-D50 repeated-cross-fit B at native R=30
C-D1,mean_total_shift,message_condition,tau,0.0007116498269384,0.0007092295078001266,0.0007116226439308789,0.0007140098921466658,30,30,100,1000,20,C-D50 repeated-cross-fit B at native R=30
C-D1,mean_total_shift,inoculation,B_total,2.3917393840097447e-06,2.3837124518542604e-06,2.391748626584752e-06,2.399373717690039e-06,30,30,100,1000,20,C-D50 repeated-cross-fit B at native R=30
C-D1,mean_total_shift,inoculation,B_factor,1.063352275555769e-09,6.660431570181377e-10,1.0809667951844895e-09,1.5160674154501344e-09,30,30,100,1000,20,C-D50 repeated-cross-fit B at native R=30
C-D1,mean_total_shift,inoculation,q,3.16395033645016e-07,1.982547720997093e-07,3.2171349957186654e-07,4.5106817033969225e-07,30,30,100,1000,20,C-D50 repeated-cross-fit B at native R=30
C-D1,mean_total_shift,inoculation,rho,0.0012394927889514,0.0007839081600332428,0.001262500874472747,0.001760356040839813,30,30,100,1000,20,C-D50 repeated-cross-fit B at native R=30
C-D1,mean_total_shift,inoculation,tau,0.0007116498269384,0.0007092295078001266,0.0007116226439308789,0.0007140098921466658,30,30,100,1000,20,C-D50 repeated-cross-fit B at native R=30
C-D1,mean_total_shift,seeding_regime,B_total,2.3917393840097447e-06,2.3837124518542604e-06,2.391748626584752e-06,2.399373717690039e-06,30,30,100,1000,20,C-D50 repeated-cross-fit B at native R=30
C-D1,mean_total_shift,seeding_regime,B_factor,1.9718594997613702e-10,-1.6238515843037657e-10,1.7996610463056673e-10,4.904119860745891e-10,30,30,100,1000,20,C-D50 repeated-cross-fit B at native R=30
C-D1,mean_total_shift,seeding_regime,q,5.8671671384176434e-08,-4.834324814102544e-08,5.358130795022731e-08,1.4592093670986484e-07,30,30,100,1000,20,C-D50 repeated-cross-fit B at native R=30
C-D1,mean_total_shift,seeding_regime,rho,6.730257849231509e-08,-5.544590329757447e-08,6.146049538563785e-08,1.6738302128170387e-07,30,30,100,1000,20,C-D50 repeated-cross-fit B at native R=30
C-D1,mean_total_shift,seeding_regime,tau,0.0007116498269384,0.0007092295078001266,0.0007116226439308789,0.0007140098921466658,30,30,100,1000,20,C-D50 repeated-cross-fit B at native R=30
C-D10,mean_total_shift,topology,B_total,0.0002285340056288,0.0002282453691320628,0.0002285317422270772,0.00022882688011427576,30,30,100,1000,20,C-D50 repeated-cross-fit B at native R=30
C-D10,mean_total_shift,topology,B_factor,1.0591784357314025e-07,1.0038614966891738e-07,1.0506242255286128e-07,1.1005678549652844e-07,30,30,100,1000,20,C-D50 repeated-cross-fit B at native R=30
C-D10,mean_total_shift,topology,q,3.1515312894229724e-05,2.988079750125729e-05,3.125972573699404e-05,3.274045827481332e-05,30,30,100,1000,20,C-D50 repeated-cross-fit B at native R=30
C-D10,mean_total_shift,topology,rho,0.0879288609200028,0.08364553997601334,0.08733162554016333,0.09100121514372406,30,30,100,1000,20,C-D50 repeated-cross-fit B at native R=30
C-D10,mean_total_shift,topology,tau,0.0679991250897385,0.06791595879695603,0.06799808139124636,0.06807615434965171,30,30,100,1000,20,C-D50 repeated-cross-fit B at native R=30
C-D10,mean_total_shift,message_condition,B_total,0.0002285340056288,0.0002282453691320628,0.0002285317422270772,0.00022882688011427576,30,30,100,1000,20,C-D50 repeated-cross-fit B at native R=30
C-D10,mean_total_shift,message_condition,B_factor,4.821557384074725e-05,4.8116087194325285e-05,4.821135599444588e-05,4.832031306261109e-05,30,30,100,1000,20,C-D50 repeated-cross-fit B at native R=30
C-D10,mean_total_shift,message_condition,q,0.0143462975142304,0.014320587213199586,0.014345441652593102,0.014373070283230753,30,30,100,1000,20,C-D50 repeated-cross-fit B at native R=30
C-D10,mean_total_shift,message_condition,rho,0.1124082923545848,0.11221175117684595,0.1124046561017252,0.11258662034966697,30,30,100,1000,20,C-D50 repeated-cross-fit B at native R=30
C-D10,mean_total_shift,message_condition,tau,0.0679991250897385,0.06791595879695603,0.06799808139124636,0.06807615434965171,30,30,100,1000,20,C-D50 repeated-cross-fit B at native R=30
C-D10,mean_total_shift,inoculation,B_total,0.0002285340056288,0.0002282453691320628,0.0002285317422270772,0.00022882688011427576,30,30,100,1000,20,C-D50 repeated-cross-fit B at native R=30
C-D10,mean_total_shift,inoculation,B_factor,5.6369446636798056e-08,5.2426139866926294e-08,5.6547824252908005e-08,6.04848561101588e-08,30,30,100,1000,20,C-D50 repeated-cross-fit B at native R=30
C-D10,mean_total_shift,inoculation,q,1.6772440681409226e-05,1.5591303711612294e-05,1.6826496205639367e-05,1.8001479874151743e-05,30,30,100,1000,20,C-D50 repeated-cross-fit B at native R=30
C-D10,mean_total_shift,inoculation,rho,0.0657068445045418,0.06093775655015647,0.06593047482569736,0.07118982318802981,30,30,100,1000,20,C-D50 repeated-cross-fit B at native R=30
C-D10,mean_total_shift,inoculation,tau,0.0679991250897385,0.06791595879695603,0.06799808139124636,0.06807615434965171,30,30,100,1000,20,C-D50 repeated-cross-fit B at native R=30
C-D10,mean_total_shift,seeding_regime,B_total,0.0002285340056288,0.0002282453691320628,0.0002285317422270772,0.00022882688011427576,30,30,100,1000,20,C-D50 repeated-cross-fit B at native R=30
C-D10,mean_total_shift,seeding_regime,B_factor,0.0001801561444979,0.00017994978657777803,0.00018015764050001776,0.00018036103182224216,30,30,100,1000,20,C-D50 repeated-cross-fit B at native R=30
C-D10,mean_total_shift,seeding_regime,q,0.0536045398219324,0.053541568309543874,0.05360484799582989,0.053663903455254014,30,30,100,1000,20,C-D50 repeated-cross-fit B at native R=30
C-D10,mean_total_shift,seeding_regime,rho,0.0614900456011728,0.061419609321379076,0.061489250711420904,0.06155617450102872,30,30,100,1000,20,C-D50 repeated-cross-fit B at native R=30
C-D10,mean_total_shift,seeding_regime,tau,0.0679991250897385,0.06791595879695603,0.06799808139124636,0.06807615434965171,30,30,100,1000,20,C-D50 repeated-cross-fit B at native R=30
C-D5,mean_total_shift,topology,B_total,5.92318023093664e-05,5.910698405666749e-05,5.92303866302396e-05,5.934626549589977e-05,30,30,100,1000,20,C-D50 repeated-cross-fit B at native R=30
C-D5,mean_total_shift,topology,B_factor,1.878598382416853e-08,1.66541052352676e-08,1.8457400437671625e-08,2.0326955535088384e-08,30,30,100,1000,20,C-D50 repeated-cross-fit B at native R=30
C-D5,mean_total_shift,topology,q,5.5896734513460845e-06,4.954396608917298e-06,5.492146720943207e-06,6.049699360665035e-06,30,30,100,1000,20,C-D50 repeated-cross-fit B at native R=30
C-D5,mean_total_shift,topology,rho,0.0155953907594435,0.013736705125760718,0.015331850944119464,0.016988335230815013,30,30,100,1000,20,C-D50 repeated-cross-fit B at native R=30
C-D5,mean_total_shift,topology,tau,0.017624119979178,0.017586197492748618,0.017623938037851603,0.017656909399349406,30,30,100,1000,20,C-D50 repeated-cross-fit B at native R=30
C-D5,mean_total_shift,message_condition,B_total,5.92318023093664e-05,5.910698405666749e-05,5.92303866302396e-05,5.934626549589977e-05,30,30,100,1000,20,C-D50 repeated-cross-fit B at native R=30
C-D5,mean_total_shift,message_condition,B_factor,1.7166630873886532e-05,1.7122331050579277e-05,1.7166682458071556e-05,1.7205769928741695e-05,30,30,100,1000,20,C-D50 repeated-cross-fit B at native R=30
C-D5,mean_total_shift,message_condition,q,0.0051078432592586,0.005094639745760451,0.0051077073477925165,0.005119564531894,30,30,100,1000,20,C-D50 repeated-cross-fit B at native R=30
C-D5,mean_total_shift,message_condition,rho,0.0400217504076308,0.03991573583107475,0.04002229811288878,0.04012070211298795,30,30,100,1000,20,C-D50 repeated-cross-fit B at native R=30
C-D5,mean_total_shift,message_condition,tau,0.017624119979178,0.017586197492748618,0.017623938037851603,0.017656909399349406,30,30,100,1000,20,C-D50 repeated-cross-fit B at native R=30
C-D5,mean_total_shift,inoculation,B_total,5.92318023093664e-05,5.910698405666749e-05,5.92303866302396e-05,5.934626549589977e-05,30,30,100,1000,20,C-D50 repeated-cross-fit B at native R=30
C-D5,mean_total_shift,inoculation,B_factor,1.4227470386023635e-08,1.2796298147613686e-08,1.4285099970776269e-08,1.57144645430791e-08,30,30,100,1000,20,C-D50 repeated-cross-fit B at native R=30
C-D5,mean_total_shift,inoculation,q,4.233311081331606e-06,3.8091910938127362e-06,4.250137015380234e-06,4.674788510052867e-06,30,30,100,1000,20,C-D50 repeated-cross-fit B at native R=30
C-D5,mean_total_shift,inoculation,rho,0.01658420013187,0.014936100190792435,0.01661136940662955,0.01852354570777786,30,30,100,1000,20,C-D50 repeated-cross-fit B at native R=30
C-D5,mean_total_shift,inoculation,tau,0.017624119979178,0.017586197492748618,0.017623938037851603,0.017656909399349406,30,30,100,1000,20,C-D50 repeated-cross-fit B at native R=30
C-D5,mean_total_shift,seeding_regime,B_total,5.92318023093664e-05,5.910698405666749e-05,5.92303866302396e-05,5.934626549589977e-05,30,30,100,1000,20,C-D50 repeated-cross-fit B at native R=30
C-D5,mean_total_shift,seeding_regime,B_factor,4.203215798126968e-05,4.194267567049097e-05,4.203216035978598e-05,4.211470186684959e-05,30,30,100,1000,20,C-D50 repeated-cross-fit B at native R=30
C-D5,mean_total_shift,seeding_regime,q,0.0125064537353867,0.012481326130407283,0.012506055825244208,0.012530568545356046,30,30,100,1000,20,C-D50 repeated-cross-fit B at native R=30
C-D5,mean_total_shift,seeding_regime,rho,0.0143462179332662,0.01431766200031426,0.014345734673405039,0.014373371977940086,30,30,100,1000,20,C-D50 repeated-cross-fit B at native R=30
C-D5,mean_total_shift,seeding_regime,tau,0.017624119979178,0.017586197492748618,0.017623938037851603,0.017656909399349406,30,30,100,1000,20,C-D50 repeated-cross-fit B at native R=30
C-D50,mean_total_shift,topology,B_total,0.0033608374420592,0.003358532938486925,0.0033608718756817004,0.0033632568199285415,30,30,100,1000,20,C-D50 repeated-cross-fit B at native R=30
C-D50,mean_total_shift,topology,B_factor,1.204585644177782e-06,1.1570302009310543e-06,1.2031806363759423e-06,1.251451532486371e-06,30,30,100,1000,20,C-D50 repeated-cross-fit B at native R=30
C-D50,mean_total_shift,topology,q,0.0003584183004815,0.0003442335328258775,0.0003580267913438932,0.0003723872618140663,30,30,100,1000,20,C-D50 repeated-cross-fit B at native R=30
C-D50,mean_total_shift,topology,rho,1.0,1.0,1.0,1.0,30,30,100,1000,20,C-D50 repeated-cross-fit B at native R=30
C-D50,mean_total_shift,topology,tau,1.0,1.0,1.0,1.0,30,30,100,1000,20,C-D50 repeated-cross-fit B at native R=30
C-D50,mean_total_shift,message_condition,B_total,0.0033608374420592,0.003358532938486925,0.0033608718756817004,0.0033632568199285415,30,30,100,1000,20,C-D50 repeated-cross-fit B at native R=30
C-D50,mean_total_shift,message_condition,B_factor,0.0004289325354098,0.0004282412554825992,0.0004289137373278483,0.0004296768342385245,30,30,100,1000,20,C-D50 repeated-cross-fit B at native R=30
C-D50,mean_total_shift,message_condition,q,0.1276266831718777,0.12747508081080244,0.12762524756380578,0.12777862445230523,30,30,100,1000,20,C-D50 repeated-cross-fit B at native R=30
C-D50,mean_total_shift,message_condition,rho,1.0,1.0,1.0,1.0,30,30,100,1000,20,C-D50 repeated-cross-fit B at native R=30
C-D50,mean_total_shift,message_condition,tau,1.0,1.0,1.0,1.0,30,30,100,1000,20,C-D50 repeated-cross-fit B at native R=30
C-D50,mean_total_shift,inoculation,B_total,0.0033608374420592,0.003358532938486925,0.0033608718756817004,0.0033632568199285415,30,30,100,1000,20,C-D50 repeated-cross-fit B at native R=30
C-D50,mean_total_shift,inoculation,B_factor,8.578930712903375e-07,8.288110969360991e-07,8.577025981715324e-07,8.85259636653038e-07,30,30,100,1000,20,C-D50 repeated-cross-fit B at native R=30
C-D50,mean_total_shift,inoculation,q,0.0002552616977406,0.0002465356645034282,0.00025521664325034465,0.00026348750502129184,30,30,100,1000,20,C-D50 repeated-cross-fit B at native R=30
C-D50,mean_total_shift,inoculation,rho,1.0,1.0,1.0,1.0,30,30,100,1000,20,C-D50 repeated-cross-fit B at native R=30
C-D50,mean_total_shift,inoculation,tau,1.0,1.0,1.0,1.0,30,30,100,1000,20,C-D50 repeated-cross-fit B at native R=30
C-D50,mean_total_shift,seeding_regime,B_total,0.0033608374420592,0.003358532938486925,0.0033608718756817004,0.0033632568199285415,30,30,100,1000,20,C-D50 repeated-cross-fit B at native R=30
C-D50,mean_total_shift,seeding_regime,B_factor,0.0029298424279339,0.002928066679366463,0.0029298575501382563,0.0029317714032592174,30,30,100,1000,20,C-D50 repeated-cross-fit B at native R=30
C-D50,mean_total_shift,seeding_regime,q,0.8717596368299,0.8716073790440221,0.8717621713213399,0.8719082460798133,30,30,100,1000,20,C-D50 repeated-cross-fit B at native R=30
C-D50,mean_total_shift,seeding_regime,rho,1.0,1.0,1.0,1.0,30,30,100,1000,20,C-D50 repeated-cross-fit B at native R=30
C-D50,mean_total_shift,seeding_regime,tau,1.0,1.0,1.0,1.0,30,30,100,1000,20,C-D50 repeated-cross-fit B at native R=30
CS-0,mean_total_shift,topology,B_total,0.0001645864466672,0.00016435672929630322,0.00016457847102417295,0.00016480179527948263,30,30,100,1000,20,C-D50 repeated-cross-fit B at native R=30
CS-0,mean_total_shift,topology,B_factor,3.217040470492226e-07,3.1211118403404026e-07,3.213517884694172e-07,3.3123288665564693e-07,30,30,100,1000,20,C-D50 repeated-cross-fit B at native R=30
CS-0,mean_total_shift,topology,q,9.572139462124874e-05,9.288584514070674e-05,9.561090215345932e-05,9.85358735004946e-05,30,30,100,1000,20,C-D50 repeated-cross-fit B at native R=30
CS-0,mean_total_shift,topology,rho,0.2670661472715867,0.25556964616190675,0.2671215101735975,0.279822162446661,30,30,100,1000,20,C-D50 repeated-cross-fit B at native R=30
CS-0,mean_total_shift,topology,tau,0.0489718558260389,0.04890862099454945,0.04896989534376287,0.049036362125041304,30,30,100,1000,20,C-D50 repeated-cross-fit B at native R=30
CS-0,mean_total_shift,message_condition,B_total,0.0001645864466672,0.00016435672929630322,0.00016457847102417295,0.00016480179527948263,30,30,100,1000,20,C-D50 repeated-cross-fit B at native R=30
CS-0,mean_total_shift,message_condition,B_factor,0.0001632323180397,0.0001630139713297795,0.0001632268636195457,0.0001634473304734121,30,30,100,1000,20,C-D50 repeated-cross-fit B at native R=30
CS-0,mean_total_shift,message_condition,q,0.0485689417753344,0.04850582585409738,0.04856857118182108,0.04863156029479877,30,30,100,1000,20,C-D50 repeated-cross-fit B at native R=30
CS-0,mean_total_shift,message_condition,rho,0.3805547599315536,0.37992961325618,0.38055142655609386,0.38111757196434465,30,30,100,1000,20,C-D50 repeated-cross-fit B at native R=30
CS-0,mean_total_shift,message_condition,tau,0.0489718558260389,0.04890862099454945,0.04896989534376287,0.049036362125041304,30,30,100,1000,20,C-D50 repeated-cross-fit B at native R=30
CS-0,mean_total_shift,inoculation,B_total,0.0001645864466672,0.00016435672929630322,0.00016457847102417295,0.00016480179527948263,30,30,100,1000,20,C-D50 repeated-cross-fit B at native R=30
CS-0,mean_total_shift,inoculation,B_factor,2.2166419265581174e-07,2.1316130694029412e-07,2.2179908123122442e-07,2.3075245620941573e-07,30,30,100,1000,20,C-D50 repeated-cross-fit B at native R=30
CS-0,mean_total_shift,inoculation,q,6.595504735867056e-05,6.34243032893276e-05,6.600684152919743e-05,6.865931675244503e-05,30,30,100,1000,20,C-D50 repeated-cross-fit B at native R=30
CS-0,mean_total_shift,inoculation,rho,0.2583820758948567,0.24536991935222804,0.2585763954803987,0.2730766518877535,30,30,100,1000,20,C-D50 repeated-cross-fit B at native R=30
CS-0,mean_total_shift,inoculation,tau,0.0489718558260389,0.04890862099454945,0.04896989534376287,0.049036362125041304,30,30,100,1000,20,C-D50 repeated-cross-fit B at native R=30
CS-0,mean_total_shift,seeding_regime,B_total,0.0001645864466672,0.00016435672929630322,0.00016457847102417295,0.00016480179527948263,30,30,100,1000,20,C-D50 repeated-cross-fit B at native R=30
CS-0,mean_total_shift,seeding_regime,B_factor,8.107603878346302e-07,7.940196956017616e-07,8.095660290186103e-07,8.265442525756265e-07,30,30,100,1000,20,C-D50 repeated-cross-fit B at native R=30
CS-0,mean_total_shift,seeding_regime,q,0.0002412376087246,0.00023621013228515718,0.0002408793838053104,0.00024597036458853073,30,30,100,1000,20,C-D50 repeated-cross-fit B at native R=30
CS-0,mean_total_shift,seeding_regime,rho,0.0002767249119285,0.0002709912043601596,0.0002763129312103878,0.0002821480674715596,30,30,100,1000,20,C-D50 repeated-cross-fit B at native R=30
CS-0,mean_total_shift,seeding_regime,tau,0.0489718558260389,0.04890862099454945,0.04896989534376287,0.049036362125041304,30,30,100,1000,20,C-D50 repeated-cross-fit B at native R=30
CS-15,mean_total_shift,topology,B_total,0.0002084114247076,0.0002081678826977263,0.00020840940694774688,0.0002086589123000213,30,30,100,1000,20,C-D50 repeated-cross-fit B at native R=30
CS-15,mean_total_shift,topology,B_factor,3.000538986971594e-07,2.899723942898923e-07,3.000331195031495e-07,3.1048523202660037e-07,30,30,100,1000,20,C-D50 repeated-cross-fit B at native R=30
CS-15,mean_total_shift,topology,q,8.927950365647846e-05,8.624772047327201e-05,8.928327593407174e-05,9.238202627181293e-05,30,30,100,1000,20,C-D50 repeated-cross-fit B at native R=30
CS-15,mean_total_shift,topology,rho,0.2490930388780851,0.23733228480577487,0.2494369249884773,0.26185589639186874,30,30,100,1000,20,C-D50 repeated-cross-fit B at native R=30
CS-15,mean_total_shift,topology,tau,0.0620117540049601,0.061946824233029746,0.06201078335615213,0.06207701874906915,30,30,100,1000,20,C-D50 repeated-cross-fit B at native R=30
CS-15,mean_total_shift,message_condition,B_total,0.0002084114247076,0.0002081678826977263,0.00020840940694774688,0.0002086589123000213,30,30,100,1000,20,C-D50 repeated-cross-fit B at native R=30
CS-15,mean_total_shift,message_condition,B_factor,0.0001594110762541,0.00015922647712403098,0.00015940803555856146,0.00015960038492250698,30,30,100,1000,20,C-D50 repeated-cross-fit B at native R=30
CS-15,mean_total_shift,message_condition,q,0.0474319508165525,0.047382262522793046,0.04743196897774624,0.04748254712343111,30,30,100,1000,20,C-D50 repeated-cross-fit B at native R=30
CS-15,mean_total_shift,message_condition,rho,0.3716460354350419,0.3711003651265148,0.37165297017819715,0.3721361295192637,30,30,100,1000,20,C-D50 repeated-cross-fit B at native R=30
CS-15,mean_total_shift,message_condition,tau,0.0620117540049601,0.061946824233029746,0.06201078335615213,0.06207701874906915,30,30,100,1000,20,C-D50 repeated-cross-fit B at native R=30
CS-15,mean_total_shift,inoculation,B_total,0.0002084114247076,0.0002081678826977263,0.00020840940694774688,0.0002086589123000213,30,30,100,1000,20,C-D50 repeated-cross-fit B at native R=30
CS-15,mean_total_shift,inoculation,B_factor,2.07953522708762e-07,2.0090044539429082e-07,2.09176768427523e-07,2.172862653991613e-07,30,30,100,1000,20,C-D50 repeated-cross-fit B at native R=30
CS-15,mean_total_shift,inoculation,q,6.187550760602815e-05,5.9782184341389604e-05,6.223988127101426e-05,6.466441440111743e-05,30,30,100,1000,20,C-D50 repeated-cross-fit B at native R=30
CS-15,mean_total_shift,inoculation,rho,0.2424002823521861,0.2313368439687671,0.24364105647473897,0.2563072775023662,30,30,100,1000,20,C-D50 repeated-cross-fit B at native R=30
CS-15,mean_total_shift,inoculation,tau,0.0620117540049601,0.061946824233029746,0.06201078335615213,0.06207701874906915,30,30,100,1000,20,C-D50 repeated-cross-fit B at native R=30
CS-15,mean_total_shift,seeding_regime,B_total,0.0002084114247076,0.0002081678826977263,0.00020840940694774688,0.0002086589123000213,30,30,100,1000,20,C-D50 repeated-cross-fit B at native R=30
CS-15,mean_total_shift,seeding_regime,B_factor,4.8492341032049466e-05,4.8367951962822705e-05,4.8492270902291155e-05,4.861398668535195e-05,30,30,100,1000,20,C-D50 repeated-cross-fit B at native R=30
CS-15,mean_total_shift,seeding_regime,q,0.0144286481771451,0.014392456036017916,0.014428806096998377,0.014461729860373333,30,30,100,1000,20,C-D50 repeated-cross-fit B at native R=30
CS-15,mean_total_shift,seeding_regime,rho,0.0165511771451291,0.0165111299822883,0.016551072702488796,0.016588077532312825,30,30,100,1000,20,C-D50 repeated-cross-fit B at native R=30
CS-15,mean_total_shift,seeding_regime,tau,0.0620117540049601,0.061946824233029746,0.06201078335615213,0.06207701874906915,30,30,100,1000,20,C-D50 repeated-cross-fit B at native R=30
CS-30,mean_total_shift,topology,B_total,0.0003807231262917,0.00038030720248952664,0.0003807267985773958,0.00038113472051155893,30,30,100,1000,20,C-D50 repeated-cross-fit B at native R=30
CS-30,mean_total_shift,topology,B_factor,2.989705061355614e-07,2.866298417272822e-07,2.9766214943044726e-07,3.101138633179799e-07,30,30,100,1000,20,C-D50 repeated-cross-fit B at native R=30
CS-30,mean_total_shift,topology,q,8.895714573816921e-05,8.533543923715818e-05,8.856829724208321e-05,9.226409674328647e-05,30,30,100,1000,20,C-D50 repeated-cross-fit B at native R=30
CS-30,mean_total_shift,topology,rho,0.2481936486464029,0.23735944151125216,0.24750585831959582,0.2591412714092496,30,30,100,1000,20,C-D50 repeated-cross-fit B at native R=30
CS-30,mean_total_shift,topology,tau,0.1132822199393342,0.11316580330926082,0.11328124882558377,0.11340011126266977,30,30,100,1000,20,C-D50 repeated-cross-fit B at native R=30
CS-30,mean_total_shift,message_condition,B_total,0.0003807231262917,0.00038030720248952664,0.0003807267985773958,0.00038113472051155893,30,30,100,1000,20,C-D50 repeated-cross-fit B at native R=30
CS-30,mean_total_shift,message_condition,B_factor,0.0001602184221853,0.00016001442808533372,0.00016021886925724033,0.00016041576403051026,30,30,100,1000,20,C-D50 repeated-cross-fit B at native R=30
CS-30,mean_total_shift,message_condition,q,0.047672172471155,0.047615222912413595,0.047672175503926134,0.047724323134424824,30,30,100,1000,20,C-D50 repeated-cross-fit B at native R=30
CS-30,mean_total_shift,message_condition,rho,0.3735282566808844,0.3729160301586205,0.3735329087382,0.3741089841806553,30,30,100,1000,20,C-D50 repeated-cross-fit B at native R=30
CS-30,mean_total_shift,message_condition,tau,0.1132822199393342,0.11316580330926082,0.11328124882558377,0.11340011126266977,30,30,100,1000,20,C-D50 repeated-cross-fit B at native R=30
CS-30,mean_total_shift,inoculation,B_total,0.0003807231262917,0.00038030720248952664,0.0003807267985773958,0.00038113472051155893,30,30,100,1000,20,C-D50 repeated-cross-fit B at native R=30
CS-30,mean_total_shift,inoculation,B_factor,2.318249299375266e-07,2.2142271073136675e-07,2.316454758998873e-07,2.4140539570320703e-07,30,30,100,1000,20,C-D50 repeated-cross-fit B at native R=30
CS-30,mean_total_shift,inoculation,q,6.897832279429803e-05,6.587777189228916e-05,6.89244541637992e-05,7.184168972372196e-05,30,30,100,1000,20,C-D50 repeated-cross-fit B at native R=30
CS-30,mean_total_shift,inoculation,rho,0.2702259030823549,0.2561762012999152,0.2700742831281606,0.28378683826632733,30,30,100,1000,20,C-D50 repeated-cross-fit B at native R=30
CS-30,mean_total_shift,inoculation,tau,0.1132822199393342,0.11316580330926082,0.11328124882558377,0.11340011126266977,30,30,100,1000,20,C-D50 repeated-cross-fit B at native R=30
CS-30,mean_total_shift,seeding_regime,B_total,0.0003807231262917,0.00038030720248952664,0.0003807267985773958,0.00038113472051155893,30,30,100,1000,20,C-D50 repeated-cross-fit B at native R=30
CS-30,mean_total_shift,seeding_regime,B_factor,0.0002199739086702,0.0002196830144751548,0.00021997602867893416,0.00022026485659542677,30,30,100,1000,20,C-D50 repeated-cross-fit B at native R=30
CS-30,mean_total_shift,seeding_regime,q,0.0654521119996466,0.06537737397180311,0.06545339634266834,0.06553479468871706,30,30,100,1000,20,C-D50 repeated-cross-fit B at native R=30
CS-30,mean_total_shift,seeding_regime,rho,0.0750804570829399,0.07499437009447033,0.07508155982242343,0.07517370961076661,30,30,100,1000,20,C-D50 repeated-cross-fit B at native R=30
CS-30,mean_total_shift,seeding_regime,tau,0.1132822199393342,0.11316580330926082,0.11328124882558377,0.11340011126266977,30,30,100,1000,20,C-D50 repeated-cross-fit B at native R=30
CS-45,mean_total_shift,topology,B_total,0.0006926849113463,0.0006920710238126081,0.000692689050403747,0.0006932824716306662,30,30,100,1000,20,C-D50 repeated-cross-fit B at native R=30
CS-45,mean_total_shift,topology,B_factor,3.51855575697178e-07,3.383145393745903e-07,3.51970499992067e-07,3.646957472002486e-07,30,30,100,1000,20,C-D50 repeated-cross-fit B at native R=30
CS-45,mean_total_shift,topology,q,0.0001046928278332,0.00010068583478864463,0.00010472575378241136,0.00010851899576184553,30,30,100,1000,20,C-D50 repeated-cross-fit B at native R=30
CS-45,mean_total_shift,topology,rho,0.2920967698708921,0.2801635561528671,0.29254559601282215,0.3060739563057041,30,30,100,1000,20,C-D50 repeated-cross-fit B at native R=30
CS-45,mean_total_shift,topology,tau,0.2061048543073612,0.2059301782381617,0.20610246143877198,0.20627821626143725,30,30,100,1000,20,C-D50 repeated-cross-fit B at native R=30
CS-45,mean_total_shift,message_condition,B_total,0.0006926849113463,0.0006920710238126081,0.000692689050403747,0.0006932824716306662,30,30,100,1000,20,C-D50 repeated-cross-fit B at native R=30
CS-45,mean_total_shift,message_condition,B_factor,0.0001640588612341,0.00016384625727819995,0.0001640577792834738,0.0001642814159233058,30,30,100,1000,20,C-D50 repeated-cross-fit B at native R=30
CS-45,mean_total_shift,message_condition,q,0.0488148754774711,0.04875778516202052,0.04881572263883803,0.04887266869433786,30,30,100,1000,20,C-D50 repeated-cross-fit B at native R=30
CS-45,mean_total_shift,message_condition,rho,0.3824817370810381,0.3818812802896864,0.3824809882958582,0.3830931908834318,30,30,100,1000,20,C-D50 repeated-cross-fit B at native R=30
CS-45,mean_total_shift,message_condition,tau,0.2061048543073612,0.2059301782381617,0.20610246143877198,0.20627821626143725,30,30,100,1000,20,C-D50 repeated-cross-fit B at native R=30
CS-45,mean_total_shift,inoculation,B_total,0.0006926849113463,0.0006920710238126081,0.000692689050403747,0.0006932824716306662,30,30,100,1000,20,C-D50 repeated-cross-fit B at native R=30
CS-45,mean_total_shift,inoculation,B_factor,2.6602462994074857e-07,2.526338823908569e-07,2.6541615111481433e-07,2.7908559849808593e-07,30,30,100,1000,20,C-D50 repeated-cross-fit B at native R=30
CS-45,mean_total_shift,inoculation,q,7.915426869850311e-05,7.515393589749195e-05,7.898147371267165e-05,8.303783823997809e-05,30,30,100,1000,20,C-D50 repeated-cross-fit B at native R=30
CS-45,mean_total_shift,inoculation,rho,0.3100906614627706,0.2922800629583711,0.3095295373350804,0.32831443048478226,30,30,100,1000,20,C-D50 repeated-cross-fit B at native R=30
CS-45,mean_total_shift,inoculation,tau,0.2061048543073612,0.2059301782381617,0.20610246143877198,0.20627821626143725,30,30,100,1000,20,C-D50 repeated-cross-fit B at native R=30
CS-45,mean_total_shift,seeding_regime,B_total,0.0006926849113463,0.0006920710238126081,0.000692689050403747,0.0006932824716306662,30,30,100,1000,20,C-D50 repeated-cross-fit B at native R=30
CS-45,mean_total_shift,seeding_regime,B_factor,0.0005280081699065,0.0005275861369604922,0.0005280175673562098,0.0005284347255680773,30,30,100,1000,20,C-D50 repeated-cross-fit B at native R=30
CS-45,mean_total_shift,seeding_regime,q,0.1571061317333583,0.15697838960981103,0.15710330678183226,0.15723271836358071,30,30,100,1000,20,C-D50 repeated-cross-fit B at native R=30
CS-45,mean_total_shift,seeding_regime,rho,0.1802172584001079,0.18008359811231076,0.18021570805803763,0.18035287751598633,30,30,100,1000,20,C-D50 repeated-cross-fit B at native R=30
CS-45,mean_total_shift,seeding_regime,tau,0.2061048543073612,0.2059301782381617,0.20610246143877198,0.20627821626143725,30,30,100,1000,20,C-D50 repeated-cross-fit B at native R=30
CS-45-R,mean_total_shift,topology,B_total,0.000817776841506,0.0008171579350073705,0.0008177556317179053,0.0008183700544184525,30,30,100,1000,20,C-D50 repeated-cross-fit B at native R=30
CS-45-R,mean_total_shift,topology,B_factor,2.387219186298148e-07,2.2959344934532998e-07,2.387042080723281e-07,2.4870022150128326e-07,30,30,100,1000,20,C-D50 repeated-cross-fit B at native R=30
CS-45-R,mean_total_shift,topology,q,7.103048652169995e-05,6.830775985969464e-05,7.104168985659709e-05,7.401078445099282e-05,30,30,100,1000,20,C-D50 repeated-cross-fit B at native R=30
CS-45-R,mean_total_shift,topology,rho,0.1981776221422263,0.188880823227366,0.19813576248881531,0.20922636817521717,30,30,100,1000,20,C-D50 repeated-cross-fit B at native R=30
CS-45-R,mean_total_shift,topology,tau,0.2433253186458598,0.24310975278194624,0.24332413426536506,0.24352706557199938,30,30,100,1000,20,C-D50 repeated-cross-fit B at native R=30
CS-45-R,mean_total_shift,message_condition,B_total,0.000817776841506,0.0008171579350073705,0.0008177556317179053,0.0008183700544184525,30,30,100,1000,20,C-D50 repeated-cross-fit B at native R=30
CS-45-R,mean_total_shift,message_condition,B_factor,0.0001889250467487,0.00018869148249256335,0.00018891823035690642,0.00018916142397710925,30,30,100,1000,20,C-D50 repeated-cross-fit B at native R=30
CS-45-R,mean_total_shift,message_condition,q,0.0562136818593129,0.05613866875737253,0.05621152166004067,0.05628622741354303,30,30,100,1000,20,C-D50 repeated-cross-fit B at native R=30
CS-45-R,mean_total_shift,message_condition,rho,0.4404539902021016,0.4397173428973071,0.44047082949236965,0.44113853166284495,30,30,100,1000,20,C-D50 repeated-cross-fit B at native R=30
CS-45-R,mean_total_shift,message_condition,tau,0.2433253186458598,0.24310975278194624,0.24332413426536506,0.24352706557199938,30,30,100,1000,20,C-D50 repeated-cross-fit B at native R=30
CS-45-R,mean_total_shift,inoculation,B_total,0.000817776841506,0.0008171579350073705,0.0008177556317179053,0.0008183700544184525,30,30,100,1000,20,C-D50 repeated-cross-fit B at native R=30
CS-45-R,mean_total_shift,inoculation,B_factor,3.066165380438365e-07,2.9543243307714266e-07,3.065599089629507e-07,3.1869884889789634e-07,30,30,100,1000,20,C-D50 repeated-cross-fit B at native R=30
CS-45-R,mean_total_shift,inoculation,q,9.123218344531586e-05,8.790533434624403e-05,9.12195593598356e-05,9.482486942728779e-05,30,30,100,1000,20,C-D50 repeated-cross-fit B at native R=30
CS-45-R,mean_total_shift,inoculation,rho,0.3574064744253751,0.3379320965359757,0.35734691109538785,0.378037474215187,30,30,100,1000,20,C-D50 repeated-cross-fit B at native R=30
CS-45-R,mean_total_shift,inoculation,tau,0.2433253186458598,0.24310975278194624,0.24332413426536506,0.24352706557199938,30,30,100,1000,20,C-D50 repeated-cross-fit B at native R=30
CS-45-R,mean_total_shift,seeding_regime,B_total,0.000817776841506,0.0008171579350073705,0.0008177556317179053,0.0008183700544184525,30,30,100,1000,20,C-D50 repeated-cross-fit B at native R=30
CS-45-R,mean_total_shift,seeding_regime,B_factor,0.0006283064563005,0.000627863397174299,0.0006282938214434373,0.0006287630291179179,30,30,100,1000,20,C-D50 repeated-cross-fit B at native R=30
CS-45-R,mean_total_shift,seeding_regime,q,0.1869493741165798,0.18679973957347332,0.18694858992085256,0.1870967810673821,30,30,100,1000,20,C-D50 repeated-cross-fit B at native R=30
CS-45-R,mean_total_shift,seeding_regime,rho,0.21445059649287,0.21427630207346407,0.21444764939979954,0.2146159238024551,30,30,100,1000,20,C-D50 repeated-cross-fit B at native R=30
CS-45-R,mean_total_shift,seeding_regime,tau,0.2433253186458598,0.24310975278194624,0.24332413426536506,0.24352706557199938,30,30,100,1000,20,C-D50 repeated-cross-fit B at native R=30
D-A95,mean_total_shift,topology,B_total,0.0004680417401547,0.0004674929246747466,0.00046804524354815554,0.00046857741161248777,30,30,100,1000,20,C-D50 repeated-cross-fit B at native R=30
D-A95,mean_total_shift,topology,B_factor,7.807683844369627e-07,7.594779557487707e-07,7.800094192429626e-07,8.025167699820466e-07,30,30,100,1000,20,C-D50 repeated-cross-fit B at native R=30
D-A95,mean_total_shift,topology,q,0.0002323136414353,0.00022596344216509103,0.00023210168709868472,0.00023872736587507434,30,30,100,1000,20,C-D50 repeated-cross-fit B at native R=30
D-A95,mean_total_shift,topology,rho,0.6481634479131572,0.6207562141110722,0.6479753102142461,0.6780410205477334,30,30,100,1000,20,C-D50 repeated-cross-fit B at native R=30
D-A95,mean_total_shift,topology,tau,0.1392634271141686,0.13910500275500953,0.13926570397235483,0.13941843254262565,30,30,100,1000,20,C-D50 repeated-cross-fit B at native R=30
D-A95,mean_total_shift,message_condition,B_total,0.0004680417401547,0.0004674929246747466,0.00046804524354815554,0.00046857741161248777,30,30,100,1000,20,C-D50 repeated-cross-fit B at native R=30
D-A95,mean_total_shift,message_condition,B_factor,0.0004611939085418,0.0004606202139768722,0.0004611981653614035,0.0004617425904971652,30,30,100,1000,20,C-D50 repeated-cross-fit B at native R=30
D-A95,mean_total_shift,message_condition,q,0.1372258898244195,0.1370667508901055,0.13722818875793125,0.13738225182352648,30,30,100,1000,20,C-D50 repeated-cross-fit B at native R=30
D-A95,mean_total_shift,message_condition,rho,1.0752131640028155,1.0734550860891414,1.075227968034397,1.0768568995930516,30,30,100,1000,20,C-D50 repeated-cross-fit B at native R=30
D-A95,mean_total_shift,message_condition,tau,0.1392634271141686,0.13910500275500953,0.13926570397235483,0.13941843254262565,30,30,100,1000,20,C-D50 repeated-cross-fit B at native R=30
D-A95,mean_total_shift,inoculation,B_total,0.0004680417401547,0.0004674929246747466,0.00046804524354815554,0.00046857741161248777,30,30,100,1000,20,C-D50 repeated-cross-fit B at native R=30
D-A95,mean_total_shift,inoculation,B_factor,7.644616333638354e-07,7.453239271967811e-07,7.652800742920362e-07,7.850332400395309e-07,30,30,100,1000,20,C-D50 repeated-cross-fit B at native R=30
D-A95,mean_total_shift,inoculation,q,0.000227461651015,0.0002217181175635067,0.00022767759661177877,0.00023359199325292975,30,30,100,1000,20,C-D50 repeated-cross-fit B at native R=30
D-A95,mean_total_shift,inoculation,rho,0.8910919774815595,0.858525464393276,0.8920496891109682,0.9287058888468985,30,30,100,1000,20,C-D50 repeated-cross-fit B at native R=30
D-A95,mean_total_shift,inoculation,tau,0.1392634271141686,0.13910500275500953,0.13926570397235483,0.13941843254262565,30,30,100,1000,20,C-D50 repeated-cross-fit B at native R=30
D-A95,mean_total_shift,seeding_regime,B_total,0.0004680417401547,0.0004674929246747466,0.00046804524354815554,0.00046857741161248777,30,30,100,1000,20,C-D50 repeated-cross-fit B at native R=30
D-A95,mean_total_shift,seeding_regime,B_factor,5.302601595179634e-06,5.243868332988282e-06,5.301493950265986e-06,5.360804543374514e-06,30,30,100,1000,20,C-D50 repeated-cross-fit B at native R=30
D-A95,mean_total_shift,seeding_regime,q,0.0015777619972986,0.0015602415390516028,0.001577250932872715,0.001594675297335984,30,30,100,1000,20,C-D50 repeated-cross-fit B at native R=30
D-A95,mean_total_shift,seeding_regime,rho,0.001809858968736,0.0017896034635522964,0.001809381968626882,0.0018294504730043434,30,30,100,1000,20,C-D50 repeated-cross-fit B at native R=30
D-A95,mean_total_shift,seeding_regime,tau,0.1392634271141686,0.13910500275500953,0.13926570397235483,0.13941843254262565,30,30,100,1000,20,C-D50 repeated-cross-fit B at native R=30
E-S,mean_total_shift,topology,B_total,0.0030027118336996,0.003001092317589533,0.003002713342178517,0.0030043584464361163,30,30,100,1000,20,C-D50 repeated-cross-fit B at native R=30
E-S,mean_total_shift,topology,B_factor,1.1398577631844707e-06,1.096236320463249e-06,1.13862197918818e-06,1.183960204885571e-06,30,30,100,1000,20,C-D50 repeated-cross-fit B at native R=30
E-S,mean_total_shift,topology,q,0.0003391588503864,0.00032614282606833783,0.00033878341305935294,0.00035214758067195635,30,30,100,1000,20,C-D50 repeated-cross-fit B at native R=30
E-S,mean_total_shift,topology,rho,0.9462654388202568,0.917745696983835,0.9463163928389122,0.9741862511163789,30,30,100,1000,20,C-D50 repeated-cross-fit B at native R=30
E-S,mean_total_shift,topology,tau,0.8934415560009289,0.8928175725284492,0.8934410150249326,0.894028372552366,30,30,100,1000,20,C-D50 repeated-cross-fit B at native R=30
E-S,mean_total_shift,message_condition,B_total,0.0030027118336996,0.003001092317589533,0.003002713342178517,0.0030043584464361163,30,30,100,1000,20,C-D50 repeated-cross-fit B at native R=30
E-S,mean_total_shift,message_condition,B_factor,3.845195226567705e-05,3.823173800645303e-05,3.8453696414311777e-05,3.866093045109212e-05,30,30,100,1000,20,C-D50 repeated-cross-fit B at native R=30
E-S,mean_total_shift,message_condition,q,0.011441181827026,0.011375617511640153,0.011440654444082668,0.011503481113390333,30,30,100,1000,20,C-D50 repeated-cross-fit B at native R=30
E-S,mean_total_shift,message_condition,rho,0.08964568805426,0.08911634036448264,0.0896377264720044,0.09014058476444661,30,30,100,1000,20,C-D50 repeated-cross-fit B at native R=30
E-S,mean_total_shift,message_condition,tau,0.8934415560009289,0.8928175725284492,0.8934410150249326,0.894028372552366,30,30,100,1000,20,C-D50 repeated-cross-fit B at native R=30
E-S,mean_total_shift,inoculation,B_total,0.0030027118336996,0.003001092317589533,0.003002713342178517,0.0030043584464361163,30,30,100,1000,20,C-D50 repeated-cross-fit B at native R=30
E-S,mean_total_shift,inoculation,B_factor,9.229863536833302e-07,8.845362249718937e-07,9.216213259940456e-07,9.57036477858633e-07,30,30,100,1000,20,C-D50 repeated-cross-fit B at native R=30
E-S,mean_total_shift,inoculation,q,0.0002746298711543,0.0002632042486270926,0.0002742356424758761,0.00028471561886865045,30,30,100,1000,20,C-D50 repeated-cross-fit B at native R=30
E-S,mean_total_shift,inoculation,rho,1.0758757525516407,1.0416332846830652,1.073849215454922,1.1068963399279155,30,30,100,1000,20,C-D50 repeated-cross-fit B at native R=30
E-S,mean_total_shift,inoculation,tau,0.8934415560009289,0.8928175725284492,0.8934410150249326,0.894028372552366,30,30,100,1000,20,C-D50 repeated-cross-fit B at native R=30
E-S,mean_total_shift,seeding_regime,B_total,0.0030027118336996,0.003001092317589533,0.003002713342178517,0.0030043584464361163,30,30,100,1000,20,C-D50 repeated-cross-fit B at native R=30
E-S,mean_total_shift,seeding_regime,B_factor,0.002962197037317,0.002960535583838533,0.00296219304846379,0.0029638338063064256,30,30,100,1000,20,C-D50 repeated-cross-fit B at native R=30
E-S,mean_total_shift,seeding_regime,q,0.8813865854523625,0.8807743140320817,0.8813923225891125,0.8819970087142115,30,30,100,1000,20,C-D50 repeated-cross-fit B at native R=30
E-S,mean_total_shift,seeding_regime,rho,1.0110431226862833,1.0104549761544712,1.0110442514823819,1.011606611145059,30,30,100,1000,20,C-D50 repeated-cross-fit B at native R=30
E-S,mean_total_shift,seeding_regime,tau,0.8934415560009289,0.8928175725284492,0.8934410150249326,0.894028372552366,30,30,100,1000,20,C-D50 repeated-cross-fit B at native R=30
E-SD,mean_total_shift,topology,B_total,6.151604633771951e-08,6.031680219548719e-08,6.155325449569886e-08,6.276172606669609e-08,60,30,100,1000,20,C-D50 repeated-cross-fit B at native R=30
E-SD,mean_total_shift,topology,B_factor,1.3070183192404886e-09,1.099376072742885e-09,1.350233083035747e-09,1.5912853745558486e-09,60,30,100,1000,20,C-D50 repeated-cross-fit B at native R=30
E-SD,mean_total_shift,topology,q,3.888966193020183e-07,3.271582809558073e-07,4.018490132085409e-07,4.7348411581874954e-07,60,30,100,1000,20,C-D50 repeated-cross-fit B at native R=30
E-SD,mean_total_shift,topology,rho,0.0010850356100106,0.0009107769157251071,0.0011180894143877347,0.0013337366523375168,60,30,100,1000,20,C-D50 repeated-cross-fit B at native R=30
E-SD,mean_total_shift,topology,tau,1.830378511256625e-05,1.794897848666559e-05,1.831576392883739e-05,1.867283969228844e-05,60,30,100,1000,20,C-D50 repeated-cross-fit B at native R=30
E-SD,mean_total_shift,message_condition,B_total,6.151604633771951e-08,6.031680219548719e-08,6.155325449569886e-08,6.276172606669609e-08,60,30,100,1000,20,C-D50 repeated-cross-fit B at native R=30
E-SD,mean_total_shift,message_condition,B_factor,5.8317644287954355e-08,5.733822513777631e-08,5.8370377909239884e-08,5.945587291311334e-08,60,30,100,1000,20,C-D50 repeated-cross-fit B at native R=30
E-SD,mean_total_shift,message_condition,q,1.7352116933159918e-05,1.705450072861468e-05,1.7368893726093742e-05,1.7694973760461906e-05,60,30,100,1000,20,C-D50 repeated-cross-fit B at native R=30
E-SD,mean_total_shift,message_condition,rho,0.0001359599458507,0.00013365007677244132,0.00013609589048884418,0.00013863045804618967,60,30,100,1000,20,C-D50 repeated-cross-fit B at native R=30
E-SD,mean_total_shift,message_condition,tau,1.830378511256625e-05,1.794897848666559e-05,1.831576392883739e-05,1.867283969228844e-05,60,30,100,1000,20,C-D50 repeated-cross-fit B at native R=30
E-SD,mean_total_shift,inoculation,B_total,6.151604633771951e-08,6.031680219548719e-08,6.155325449569886e-08,6.276172606669609e-08,60,30,100,1000,20,C-D50 repeated-cross-fit B at native R=30
E-SD,mean_total_shift,inoculation,B_factor,1.804669909036987e-09,1.529653908831907e-09,1.7690376454082993e-09,2.005221070655564e-09,60,30,100,1000,20,C-D50 repeated-cross-fit B at native R=30
E-SD,mean_total_shift,inoculation,q,5.369703058090264e-07,4.5518517418397715e-07,5.263796467424618e-07,5.963578367489592e-07,60,30,100,1000,20,C-D50 repeated-cross-fit B at native R=30
E-SD,mean_total_shift,inoculation,rho,0.0021036070454825,0.0017755197783193835,0.002060327976859809,0.002356722286858892,60,30,100,1000,20,C-D50 repeated-cross-fit B at native R=30
E-SD,mean_total_shift,inoculation,tau,1.830378511256625e-05,1.794897848666559e-05,1.831576392883739e-05,1.867283969228844e-05,60,30,100,1000,20,C-D50 repeated-cross-fit B at native R=30
E-SD,mean_total_shift,seeding_regime,B_total,6.151604633771951e-08,6.031680219548719e-08,6.155325449569886e-08,6.276172606669609e-08,60,30,100,1000,20,C-D50 repeated-cross-fit B at native R=30
E-SD,mean_total_shift,seeding_regime,B_factor,8.671382148768587e-11,-7.054971356327032e-11,7.186726403072733e-11,2.1846467898007625e-10,60,30,100,1000,20,C-D50 repeated-cross-fit B at native R=30
E-SD,mean_total_shift,seeding_regime,q,2.5801254295284922e-08,-2.0994716420229204e-08,2.138414628522738e-08,6.500458633292967e-08,60,30,100,1000,20,C-D50 repeated-cross-fit B at native R=30
E-SD,mean_total_shift,seeding_regime,rho,2.9596752596976828e-08,-2.408349876322798e-08,2.453035783638663e-08,7.456917730537623e-08,60,30,100,1000,20,C-D50 repeated-cross-fit B at native R=30
E-SD,mean_total_shift,seeding_regime,tau,1.830378511256625e-05,1.794897848666559e-05,1.831576392883739e-05,1.867283969228844e-05,60,30,100,1000,20,C-D50 repeated-cross-fit B at native R=30
J-S06-D05,mean_total_shift,topology,B_total,1.0545358770636143e-08,1.0338563202721901e-08,1.0565298719648779e-08,1.0789667063336312e-08,60,30,100,1000,20,C-D50 repeated-cross-fit B at native R=30
J-S06-D05,mean_total_shift,topology,B_factor,2.0110429045232864e-10,1.6052581952718884e-10,2.0848681840049664e-10,2.565052614896173e-10,60,30,100,1000,20,C-D50 repeated-cross-fit B at native R=30
J-S06-D05,mean_total_shift,topology,q,5.983755356197996e-08,4.775120452605038e-08,6.203584600111524e-08,7.632853553846069e-08,60,30,100,1000,20,C-D50 repeated-cross-fit B at native R=30
J-S06-D05,mean_total_shift,topology,rho,0.0001669489350336,0.000135320650280498,0.00017364484503830607,0.00021524009083392117,60,30,100,1000,20,C-D50 repeated-cross-fit B at native R=30
J-S06-D05,mean_total_shift,topology,tau,3.137717593438488e-06,3.075809227081188e-06,3.143648115152987e-06,3.2110399708776593e-06,60,30,100,1000,20,C-D50 repeated-cross-fit B at native R=30
J-S06-D05,mean_total_shift,message_condition,B_total,1.0545358770636143e-08,1.0338563202721901e-08,1.0565298719648779e-08,1.0789667063336312e-08,60,30,100,1000,20,C-D50 repeated-cross-fit B at native R=30
J-S06-D05,mean_total_shift,message_condition,B_factor,1.001848761473663e-08,9.840233750652138e-09,1.0032349191164492e-08,1.0216723530899793e-08,60,30,100,1000,20,C-D50 repeated-cross-fit B at native R=30
J-S06-D05,mean_total_shift,message_condition,q,2.980949774410416e-06,2.927407049618331e-06,2.9846837104747874e-06,3.0404968935744713e-06,60,30,100,1000,20,C-D50 repeated-cross-fit B at native R=30
J-S06-D05,mean_total_shift,message_condition,rho,2.3356791074762182e-05,2.2933436397440305e-05,2.338593152347831e-05,2.3826461886381683e-05,60,30,100,1000,20,C-D50 repeated-cross-fit B at native R=30
J-S06-D05,mean_total_shift,message_condition,tau,3.137717593438488e-06,3.075809227081188e-06,3.143648115152987e-06,3.2110399708776593e-06,60,30,100,1000,20,C-D50 repeated-cross-fit B at native R=30
J-S06-D05,mean_total_shift,inoculation,B_total,1.0545358770636143e-08,1.0338563202721901e-08,1.0565298719648779e-08,1.0789667063336312e-08,60,30,100,1000,20,C-D50 repeated-cross-fit B at native R=30
J-S06-D05,mean_total_shift,inoculation,B_factor,3.5047764478312717e-10,3.0397173035409926e-10,3.500795620153441e-10,3.9703290711097546e-10,60,30,100,1000,20,C-D50 repeated-cross-fit B at native R=30
J-S06-D05,mean_total_shift,inoculation,q,1.042828315339113e-07,9.050586029561283e-08,1.0413587338759427e-07,1.1812014207473876e-07,60,30,100,1000,20,C-D50 repeated-cross-fit B at native R=30
J-S06-D05,mean_total_shift,inoculation,rho,0.0004085330171229,0.00035403074938794436,0.00040867663850782795,0.00046558204427118646,60,30,100,1000,20,C-D50 repeated-cross-fit B at native R=30
J-S06-D05,mean_total_shift,inoculation,tau,3.137717593438488e-06,3.075809227081188e-06,3.143648115152987e-06,3.2110399708776593e-06,60,30,100,1000,20,C-D50 repeated-cross-fit B at native R=30
J-S06-D05,mean_total_shift,seeding_regime,B_total,1.0545358770636143e-08,1.0338563202721901e-08,1.0565298719648779e-08,1.0789667063336312e-08,60,30,100,1000,20,C-D50 repeated-cross-fit B at native R=30
J-S06-D05,mean_total_shift,seeding_regime,B_factor,-2.4710779335944176e-11,-5.509515603939506e-11,-2.8335480304058828e-11,-1.0714647732568545e-12,60,30,100,1000,20,C-D50 repeated-cross-fit B at native R=30
J-S06-D05,mean_total_shift,seeding_regime,q,-7.352566067820088e-09,-1.6402089880136327e-08,-8.4336103887242e-09,-3.1896479145054934e-10,60,30,100,1000,20,C-D50 repeated-cross-fit B at native R=30
J-S06-D05,mean_total_shift,seeding_regime,rho,-8.434166663826326e-09,-1.881384052080557e-08,-9.67353733233194e-09,-3.658219346903824e-10,60,30,100,1000,20,C-D50 repeated-cross-fit B at native R=30
J-S06-D05,mean_total_shift,seeding_regime,tau,3.137717593438488e-06,3.075809227081188e-06,3.143648115152987e-06,3.2110399708776593e-06,60,30,100,1000,20,C-D50 repeated-cross-fit B at native R=30
J-S06-D50,mean_total_shift,topology,B_total,1.2760170993985483e-06,1.2695493052794858e-06,1.2764525434462427e-06,1.2833491386011249e-06,30,30,100,1000,20,C-D50 repeated-cross-fit B at native R=30
J-S06-D50,mean_total_shift,topology,B_factor,4.1893240972379557e-08,4.0734625468077325e-08,4.200182930991927e-08,4.337074785820094e-08,30,30,100,1000,20,C-D50 repeated-cross-fit B at native R=30
J-S06-D50,mean_total_shift,topology,q,1.2465119689546968e-05,1.2114204304719423e-05,1.2499260476685468e-05,1.2901985230134634e-05,30,30,100,1000,20,C-D50 repeated-cross-fit B at native R=30
J-S06-D50,mean_total_shift,topology,rho,0.0347781340204952,0.03328437054957348,0.034918417178630395,0.0366774887052155,30,30,100,1000,20,C-D50 repeated-cross-fit B at native R=30
J-S06-D50,mean_total_shift,topology,tau,0.0003796723648189,0.00037771145444547716,0.00037980016718256436,0.0003817744400429255,30,30,100,1000,20,C-D50 repeated-cross-fit B at native R=30
J-S06-D50,mean_total_shift,message_condition,B_total,1.2760170993985483e-06,1.2695493052794858e-06,1.2764525434462427e-06,1.2833491386011249e-06,30,30,100,1000,20,C-D50 repeated-cross-fit B at native R=30
J-S06-D50,mean_total_shift,message_condition,B_factor,1.12600747534502e-06,1.1201909898830944e-06,1.1260877816051624e-06,1.132110052531129e-06,30,30,100,1000,20,C-D50 repeated-cross-fit B at native R=30
J-S06-D50,mean_total_shift,message_condition,q,0.0003350377680436,0.00033330563028492857,0.00033505537951675256,0.00033684519196672193,30,30,100,1000,20,C-D50 repeated-cross-fit B at native R=30
J-S06-D50,mean_total_shift,message_condition,rho,0.0026251388794021,0.0026114709330323027,0.0026253644948805565,0.002638906770760207,30,30,100,1000,20,C-D50 repeated-cross-fit B at native R=30
J-S06-D50,mean_total_shift,message_condition,tau,0.0003796723648189,0.00037771145444547716,0.00037980016718256436,0.0003817744400429255,30,30,100,1000,20,C-D50 repeated-cross-fit B at native R=30
J-S06-D50,mean_total_shift,inoculation,B_total,1.2760170993985483e-06,1.2695493052794858e-06,1.2764525434462427e-06,1.2833491386011249e-06,30,30,100,1000,20,C-D50 repeated-cross-fit B at native R=30
J-S06-D50,mean_total_shift,inoculation,B_factor,3.739325161804568e-08,3.629571798821082e-08,3.7569975532774645e-08,3.88163239224772e-08,30,30,100,1000,20,C-D50 repeated-cross-fit B at native R=30
J-S06-D50,mean_total_shift,inoculation,q,1.1126170861490402e-05,1.0800278151814878e-05,1.1179223510113466e-05,1.1552206821094829e-05,30,30,100,1000,20,C-D50 repeated-cross-fit B at native R=30
J-S06-D50,mean_total_shift,inoculation,rho,0.0435873104346248,0.04185526147357521,0.043740452047514665,0.04605647375778875,30,30,100,1000,20,C-D50 repeated-cross-fit B at native R=30
J-S06-D50,mean_total_shift,inoculation,tau,0.0003796723648189,0.00037771145444547716,0.00037980016718256436,0.0003817744400429255,30,30,100,1000,20,C-D50 repeated-cross-fit B at native R=30
J-S06-D50,mean_total_shift,seeding_regime,B_total,1.2760170993985483e-06,1.2695493052794858e-06,1.2764525434462427e-06,1.2833491386011249e-06,30,30,100,1000,20,C-D50 repeated-cross-fit B at native R=30
J-S06-D50,mean_total_shift,seeding_regime,B_factor,7.072313146310347e-08,6.883608265609968e-08,7.074874730746552e-08,7.261321105666005e-08,30,30,100,1000,20,C-D50 repeated-cross-fit B at native R=30
J-S06-D50,mean_total_shift,seeding_regime,q,2.1043306224227804e-05,2.0484110654800697e-05,2.1046261836557327e-05,2.1612154202810927e-05,30,30,100,1000,20,C-D50 repeated-cross-fit B at native R=30
J-S06-D50,mean_total_shift,seeding_regime,rho,2.413888569187544e-05,2.3496501016259875e-05,2.4143675673197628e-05,2.478886093177174e-05,30,30,100,1000,20,C-D50 repeated-cross-fit B at native R=30
J-S06-D50,mean_total_shift,seeding_regime,tau,0.0003796723648189,0.00037771145444547716,0.00037980016718256436,0.0003817744400429255,30,30,100,1000,20,C-D50 repeated-cross-fit B at native R=30
J-S06-D95,mean_total_shift,topology,B_total,5.124976724063643e-06,5.105783654381965e-06,5.124780450517872e-06,5.1441746123897745e-06,30,30,100,1000,20,C-D50 repeated-cross-fit B at native R=30
J-S06-D95,mean_total_shift,topology,B_factor,1.1655928715562073e-07,1.1258304723541995e-07,1.1652649640546138e-07,1.204251124631188e-07,30,30,100,1000,20,C-D50 repeated-cross-fit B at native R=30
J-S06-D95,mean_total_shift,topology,q,3.4681620032238824e-05,3.35138046012642e-05,3.467421103955995e-05,3.583682361617984e-05,30,30,100,1000,20,C-D50 repeated-cross-fit B at native R=30
J-S06-D95,mean_total_shift,topology,rho,0.0967629721630801,0.09260846339473293,0.09685705466481706,0.10163939190073876,30,30,100,1000,20,C-D50 repeated-cross-fit B at native R=30
J-S06-D95,mean_total_shift,topology,tau,0.0015249106249314,0.001518820089547923,0.0015249181006794289,0.001530492999911499,30,30,100,1000,20,C-D50 repeated-cross-fit B at native R=30
J-S06-D95,mean_total_shift,message_condition,B_total,5.124976724063643e-06,5.105783654381965e-06,5.124780450517872e-06,5.1441746123897745e-06,30,30,100,1000,20,C-D50 repeated-cross-fit B at native R=30
J-S06-D95,mean_total_shift,message_condition,B_factor,4.406925219962231e-06,4.3889685391599174e-06,4.406440395670096e-06,4.42542833189407e-06,30,30,100,1000,20,C-D50 repeated-cross-fit B at native R=30
J-S06-D95,mean_total_shift,message_condition,q,0.0013112580706259,0.001305960136566417,0.0013111026822523462,0.0013166825265609353,30,30,100,1000,20,C-D50 repeated-cross-fit B at native R=30
J-S06-D95,mean_total_shift,message_condition,rho,0.0102741686772514,0.010231958251678564,0.010272538781973758,0.010320240927023211,30,30,100,1000,20,C-D50 repeated-cross-fit B at native R=30
J-S06-D95,mean_total_shift,message_condition,tau,0.0015249106249314,0.001518820089547923,0.0015249181006794289,0.001530492999911499,30,30,100,1000,20,C-D50 repeated-cross-fit B at native R=30
J-S06-D95,mean_total_shift,inoculation,B_total,5.124976724063643e-06,5.105783654381965e-06,5.124780450517872e-06,5.1441746123897745e-06,30,30,100,1000,20,C-D50 repeated-cross-fit B at native R=30
J-S06-D95,mean_total_shift,inoculation,B_factor,1.305068777262311e-07,1.2719371004790713e-07,1.3037748457695036e-07,1.3337771395949246e-07,30,30,100,1000,20,C-D50 repeated-cross-fit B at native R=30
J-S06-D95,mean_total_shift,inoculation,q,3.8831654305263454e-05,3.783676120528613e-05,3.878449329563066e-05,3.9677669534375024e-05,30,30,100,1000,20,C-D50 repeated-cross-fit B at native R=30
J-S06-D95,mean_total_shift,inoculation,rho,0.1521248767401031,0.14644344544801904,0.15194613150241543,0.15767692549122278,30,30,100,1000,20,C-D50 repeated-cross-fit B at native R=30
J-S06-D95,mean_total_shift,inoculation,tau,0.0015249106249314,0.001518820089547923,0.0015249181006794289,0.001530492999911499,30,30,100,1000,20,C-D50 repeated-cross-fit B at native R=30
J-S06-D95,mean_total_shift,seeding_regime,B_total,5.124976724063643e-06,5.105783654381965e-06,5.124780450517872e-06,5.1441746123897745e-06,30,30,100,1000,20,C-D50 repeated-cross-fit B at native R=30
J-S06-D95,mean_total_shift,seeding_regime,B_factor,4.709853392195593e-07,4.642372524374874e-07,4.710156176813163e-07,4.779416835780627e-07,30,30,100,1000,20,C-D50 repeated-cross-fit B at native R=30
J-S06-D95,mean_total_shift,seeding_regime,q,0.0001401392799679,0.0001380869774887678,0.00014015002962886294,0.00014224066213754363,30,30,100,1000,20,C-D50 repeated-cross-fit B at native R=30
J-S06-D95,mean_total_shift,seeding_regime,rho,0.0001607544947568,0.00015841017000731982,0.00016076594517870846,0.0001631608471235323,30,30,100,1000,20,C-D50 repeated-cross-fit B at native R=30
J-S06-D95,mean_total_shift,seeding_regime,tau,0.0015249106249314,0.001518820089547923,0.0015249181006794289,0.001530492999911499,30,30,100,1000,20,C-D50 repeated-cross-fit B at native R=30
J-S14-D50,mean_total_shift,topology,B_total,7.836817692590232e-06,7.794066973962404e-06,7.837184226276117e-06,7.886867441311745e-06,30,30,100,1000,20,C-D50 repeated-cross-fit B at native R=30
J-S14-D50,mean_total_shift,topology,B_factor,2.967244639814952e-07,2.8865968404962645e-07,2.9624596077920623e-07,3.0397745721313995e-07,30,30,100,1000,20,C-D50 repeated-cross-fit B at native R=30
J-S14-D50,mean_total_shift,topology,q,8.82888473771839e-05,8.588920442043364e-05,8.814902427985239e-05,9.043745255746142e-05,30,30,100,1000,20,C-D50 repeated-cross-fit B at native R=30
J-S14-D50,mean_total_shift,topology,rho,0.2463290720885449,0.23629903990285533,0.2460905656668934,0.2574787218202342,30,30,100,1000,20,C-D50 repeated-cross-fit B at native R=30
J-S14-D50,mean_total_shift,topology,tau,0.0023318050419565,0.0023187579620706843,0.0023319607245949597,0.0023464731367235352,30,30,100,1000,20,C-D50 repeated-cross-fit B at native R=30
J-S14-D50,mean_total_shift,message_condition,B_total,7.836817692590232e-06,7.794066973962404e-06,7.837184226276117e-06,7.886867441311745e-06,30,30,100,1000,20,C-D50 repeated-cross-fit B at native R=30
J-S14-D50,mean_total_shift,message_condition,B_factor,6.6616295251422415e-06,6.623931786466946e-06,6.661691252356026e-06,6.7025779284606576e-06,30,30,100,1000,20,C-D50 repeated-cross-fit B at native R=30
J-S14-D50,mean_total_shift,message_condition,q,0.0019821338103935,0.001971007044092743,0.001982227323423501,0.001993788463233367,30,30,100,1000,20,C-D50 repeated-cross-fit B at native R=30
J-S14-D50,mean_total_shift,message_condition,rho,0.0155307163136424,0.015440290484463052,0.015530544836913305,0.015624725314995891,30,30,100,1000,20,C-D50 repeated-cross-fit B at native R=30
J-S14-D50,mean_total_shift,message_condition,tau,0.0023318050419565,0.0023187579620706843,0.0023319607245949597,0.0023464731367235352,30,30,100,1000,20,C-D50 repeated-cross-fit B at native R=30
J-S14-D50,mean_total_shift,inoculation,B_total,7.836817692590232e-06,7.794066973962404e-06,7.837184226276117e-06,7.886867441311745e-06,30,30,100,1000,20,C-D50 repeated-cross-fit B at native R=30
J-S14-D50,mean_total_shift,inoculation,B_factor,2.033582667764637e-07,1.9651498998566958e-07,2.0397364170129804e-07,2.1155792170075528e-07,30,30,100,1000,20,C-D50 repeated-cross-fit B at native R=30
J-S14-D50,mean_total_shift,inoculation,q,6.0508212694709085e-05,5.844360516099813e-05,6.069365459972903e-05,6.294786028501203e-05,30,30,100,1000,20,C-D50 repeated-cross-fit B at native R=30
J-S14-D50,mean_total_shift,inoculation,rho,0.2370438386576513,0.22651329472289916,0.23774356147813358,0.25057838478827893,30,30,100,1000,20,C-D50 repeated-cross-fit B at native R=30
J-S14-D50,mean_total_shift,inoculation,tau,0.0023318050419565,0.0023187579620706843,0.0023319607245949597,0.0023464731367235352,30,30,100,1000,20,C-D50 repeated-cross-fit B at native R=30
J-S14-D50,mean_total_shift,seeding_regime,B_total,7.836817692590232e-06,7.794066973962404e-06,7.837184226276117e-06,7.886867441311745e-06,30,30,100,1000,20,C-D50 repeated-cross-fit B at native R=30
J-S14-D50,mean_total_shift,seeding_regime,B_factor,6.751054366900316e-07,6.613392412226126e-07,6.752151551890849e-07,6.895620405734228e-07,30,30,100,1000,20,C-D50 repeated-cross-fit B at native R=30
J-S14-D50,mean_total_shift,seeding_regime,q,0.0002008741714911,0.00019676662447194802,0.00020091657270941547,0.000205253132016023,30,30,100,1000,20,C-D50 repeated-cross-fit B at native R=30
J-S14-D50,mean_total_shift,seeding_regime,rho,0.0002304238037695,0.00022569004908887125,0.00023048157015134404,0.0002354436830813817,30,30,100,1000,20,C-D50 repeated-cross-fit B at native R=30
J-S14-D50,mean_total_shift,seeding_regime,tau,0.0023318050419565,0.0023187579620706843,0.0023319607245949597,0.0023464731367235352,30,30,100,1000,20,C-D50 repeated-cross-fit B at native R=30
J-S14-D95,mean_total_shift,topology,B_total,3.289283954050168e-05,3.27924107369268e-05,3.28934244771094e-05,3.298741600165737e-05,30,30,100,1000,20,C-D50 repeated-cross-fit B at native R=30
J-S14-D95,mean_total_shift,topology,B_factor,7.630174329874779e-07,7.422918850478873e-07,7.624203637457625e-07,7.840690551610737e-07,30,30,100,1000,20,C-D50 repeated-cross-fit B at native R=30
J-S14-D95,mean_total_shift,topology,q,0.0002270319365758,0.00022096790472439344,0.00022683546814052737,0.00023333580813740987,30,30,100,1000,20,C-D50 repeated-cross-fit B at native R=30
J-S14-D95,mean_total_shift,topology,rho,0.6334273006451885,0.6043915888537158,0.633092828031713,0.6631038653130072,30,30,100,1000,20,C-D50 repeated-cross-fit B at native R=30
J-S14-D95,mean_total_shift,topology,tau,0.0097870962543036,0.00975594827147318,0.009787665578427593,0.009817490061128904,30,30,100,1000,20,C-D50 repeated-cross-fit B at native R=30
J-S14-D95,mean_total_shift,message_condition,B_total,3.289283954050168e-05,3.27924107369268e-05,3.28934244771094e-05,3.298741600165737e-05,30,30,100,1000,20,C-D50 repeated-cross-fit B at native R=30
J-S14-D95,mean_total_shift,message_condition,B_factor,2.6933124172088743e-05,2.6843749957105017e-05,2.693437925299565e-05,2.702087353205759e-05,30,30,100,1000,20,C-D50 repeated-cross-fit B at native R=30
J-S14-D95,mean_total_shift,message_condition,q,0.0080138134130004,0.007985661268207211,0.008014172882367757,0.008040475481286549,30,30,100,1000,20,C-D50 repeated-cross-fit B at native R=30
J-S14-D95,mean_total_shift,message_condition,rho,0.062791049754134,0.06257027540267315,0.06279403881213654,0.06303007604843562,30,30,100,1000,20,C-D50 repeated-cross-fit B at native R=30
J-S14-D95,mean_total_shift,message_condition,tau,0.0097870962543036,0.00975594827147318,0.009787665578427593,0.009817490061128904,30,30,100,1000,20,C-D50 repeated-cross-fit B at native R=30
J-S14-D95,mean_total_shift,inoculation,B_total,3.289283954050168e-05,3.27924107369268e-05,3.28934244771094e-05,3.298741600165737e-05,30,30,100,1000,20,C-D50 repeated-cross-fit B at native R=30
J-S14-D95,mean_total_shift,inoculation,B_factor,8.019831894273611e-07,7.838241203259806e-07,8.027432343887101e-07,8.213162374869559e-07,30,30,100,1000,20,C-D50 repeated-cross-fit B at native R=30
J-S14-D95,mean_total_shift,inoculation,q,0.0002386259982083,0.00023318293145186165,0.00023884836057497504,0.00024434713139418184,30,30,100,1000,20,C-D50 repeated-cross-fit B at native R=30
J-S14-D95,mean_total_shift,inoculation,rho,0.9348288455356288,0.9056716077530618,0.9351928525112616,0.9669024171726875,30,30,100,1000,20,C-D50 repeated-cross-fit B at native R=30
J-S14-D95,mean_total_shift,inoculation,tau,0.0097870962543036,0.00975594827147318,0.009787665578427593,0.009817490061128904,30,30,100,1000,20,C-D50 repeated-cross-fit B at native R=30
J-S14-D95,mean_total_shift,seeding_regime,B_total,3.289283954050168e-05,3.27924107369268e-05,3.28934244771094e-05,3.298741600165737e-05,30,30,100,1000,20,C-D50 repeated-cross-fit B at native R=30
J-S14-D95,mean_total_shift,seeding_regime,B_factor,4.394714745998095e-06,4.356492544132106e-06,4.393102221304631e-06,4.434352176223925e-06,30,30,100,1000,20,C-D50 repeated-cross-fit B at native R=30
J-S14-D95,mean_total_shift,seeding_regime,q,0.0013076249065189,0.0012960388248391041,0.0013071776846382524,0.0013194098056854263,30,30,100,1000,20,C-D50 repeated-cross-fit B at native R=30
J-S14-D95,mean_total_shift,seeding_regime,rho,0.001499983311081,0.0014867770136979704,0.001499447280299708,0.0015134214891174497,30,30,100,1000,20,C-D50 repeated-cross-fit B at native R=30
J-S14-D95,mean_total_shift,seeding_regime,tau,0.0097870962543036,0.00975594827147318,0.009787665578427593,0.009817490061128904,30,30,100,1000,20,C-D50 repeated-cross-fit B at native R=30
J-S18-D05,mean_total_shift,topology,B_total,1.0166890003192449e-07,9.956958913784097e-08,1.0164391559439154e-07,1.0373628435810284e-07,60,30,100,1000,20,C-D50 repeated-cross-fit B at native R=30
J-S18-D05,mean_total_shift,topology,B_factor,2.1555538468383143e-09,1.698053666493507e-09,2.134404378195851e-09,2.556011009036531e-09,60,30,100,1000,20,C-D50 repeated-cross-fit B at native R=30
J-S18-D05,mean_total_shift,topology,q,6.413740277534989e-07,5.053054768655658e-07,6.349573237448176e-07,7.601961770395343e-07,60,30,100,1000,20,C-D50 repeated-cross-fit B at native R=30
J-S18-D05,mean_total_shift,topology,rho,0.0017894566959658,0.0014186593758069661,0.0017692358527393033,0.0021137123269127627,60,30,100,1000,20,C-D50 repeated-cross-fit B at native R=30
J-S18-D05,mean_total_shift,topology,tau,3.0251061464499064e-05,2.962788891884391e-05,3.0244607889926022e-05,3.086265602523062e-05,60,30,100,1000,20,C-D50 repeated-cross-fit B at native R=30
J-S18-D05,mean_total_shift,message_condition,B_total,1.0166890003192449e-07,9.956958913784097e-08,1.0164391559439154e-07,1.0373628435810284e-07,60,30,100,1000,20,C-D50 repeated-cross-fit B at native R=30
J-S18-D05,mean_total_shift,message_condition,B_factor,9.593848617890848e-08,9.433898414043976e-08,9.603709373764007e-08,9.788847733572043e-08,60,30,100,1000,20,C-D50 repeated-cross-fit B at native R=30
J-S18-D05,mean_total_shift,message_condition,q,2.854600611689354e-05,2.8066892840047377e-05,2.8573253344228648e-05,2.9115478525488757e-05,60,30,100,1000,20,C-D50 repeated-cross-fit B at native R=30
J-S18-D05,mean_total_shift,message_condition,rho,0.000223668008973,0.00021994357694275302,0.0002238482221961615,0.0002281961718581307,60,30,100,1000,20,C-D50 repeated-cross-fit B at native R=30
J-S18-D05,mean_total_shift,message_condition,tau,3.0251061464499064e-05,2.962788891884391e-05,3.0244607889926022e-05,3.086265602523062e-05,60,30,100,1000,20,C-D50 repeated-cross-fit B at native R=30
J-S18-D05,mean_total_shift,inoculation,B_total,1.0166890003192449e-07,9.956958913784097e-08,1.0164391559439154e-07,1.0373628435810284e-07,60,30,100,1000,20,C-D50 repeated-cross-fit B at native R=30
J-S18-D05,mean_total_shift,inoculation,B_factor,3.329165125871784e-09,2.8074697229271296e-09,3.2186677874866455e-09,3.619112306899106e-09,60,30,100,1000,20,C-D50 repeated-cross-fit B at native R=30
J-S18-D05,mean_total_shift,inoculation,q,9.905760642299708e-07,8.348397763526507e-07,9.57991396994058e-07,1.0768227251146145e-06,60,30,100,1000,20,C-D50 repeated-cross-fit B at native R=30
J-S18-D05,mean_total_shift,inoculation,rho,0.0038806294598748,0.0032736251061259458,0.003749834135907979,0.004261596857821451,60,30,100,1000,20,C-D50 repeated-cross-fit B at native R=30
J-S18-D05,mean_total_shift,inoculation,tau,3.0251061464499064e-05,2.962788891884391e-05,3.0244607889926022e-05,3.086265602523062e-05,60,30,100,1000,20,C-D50 repeated-cross-fit B at native R=30
J-S18-D05,mean_total_shift,seeding_regime,B_total,1.0166890003192449e-07,9.956958913784097e-08,1.0164391559439154e-07,1.0373628435810284e-07,60,30,100,1000,20,C-D50 repeated-cross-fit B at native R=30
J-S18-D05,mean_total_shift,seeding_regime,B_factor,2.4569488030591205e-10,6.464411643083856e-12,2.467296723562066e-10,4.871498238081096e-10,60,30,100,1000,20,C-D50 repeated-cross-fit B at native R=30
J-S18-D05,mean_total_shift,seeding_regime,q,7.310525562205393e-08,1.924364585948831e-09,7.341001814962356e-08,1.449699013963476e-07,60,30,100,1000,20,C-D50 repeated-cross-fit B at native R=30
J-S18-D05,mean_total_shift,seeding_regime,rho,8.385941781830674e-08,2.207189205037542e-09,8.422018740168879e-08,1.6630989040990474e-07,60,30,100,1000,20,C-D50 repeated-cross-fit B at native R=30
J-S18-D05,mean_total_shift,seeding_regime,tau,3.0251061464499064e-05,2.962788891884391e-05,3.0244607889926022e-05,3.086265602523062e-05,60,30,100,1000,20,C-D50 repeated-cross-fit B at native R=30
J-S18-D50,mean_total_shift,topology,B_total,1.3476028966981851e-05,1.3394917867402713e-05,1.34764178587329e-05,1.3557576237624668e-05,30,30,100,1000,20,C-D50 repeated-cross-fit B at native R=30
J-S18-D50,mean_total_shift,topology,B_factor,5.44624094817838e-07,5.303906254955801e-07,5.444716438224512e-07,5.59747265122375e-07,30,30,100,1000,20,C-D50 repeated-cross-fit B at native R=30
J-S18-D50,mean_total_shift,topology,q,0.0001620501152486,0.00015776896717157902,0.00016198605056502868,0.0001665595808980995,30,30,100,1000,20,C-D50 repeated-cross-fit B at native R=30
J-S18-D50,mean_total_shift,topology,rho,0.4521256727989515,0.43394328347293676,0.45220361403542525,0.47314626767584167,30,30,100,1000,20,C-D50 repeated-cross-fit B at native R=30
J-S18-D50,mean_total_shift,topology,tau,0.0040097235285276,0.003985361265054374,0.004009938816777461,0.004034054491778013,30,30,100,1000,20,C-D50 repeated-cross-fit B at native R=30
J-S18-D50,mean_total_shift,message_condition,B_total,1.3476028966981851e-05,1.3394917867402713e-05,1.34764178587329e-05,1.3557576237624668e-05,30,30,100,1000,20,C-D50 repeated-cross-fit B at native R=30
J-S18-D50,mean_total_shift,message_condition,B_factor,1.105099686695618e-05,1.0986918784545144e-05,1.1052154734931725e-05,1.1113456659949086e-05,30,30,100,1000,20,C-D50 repeated-cross-fit B at native R=30
J-S18-D50,mean_total_shift,message_condition,q,0.0032881676241338,0.0032683654363365976,0.003288560623074189,0.0033069187363827337,30,30,100,1000,20,C-D50 repeated-cross-fit B at native R=30
J-S18-D50,mean_total_shift,message_condition,rho,0.025763951098734,0.025601754897534423,0.025766902438148418,0.025919493385482092,30,30,100,1000,20,C-D50 repeated-cross-fit B at native R=30
J-S18-D50,mean_total_shift,message_condition,tau,0.0040097235285276,0.003985361265054374,0.004009938816777461,0.004034054491778013,30,30,100,1000,20,C-D50 repeated-cross-fit B at native R=30
J-S18-D50,mean_total_shift,inoculation,B_total,1.3476028966981851e-05,1.3394917867402713e-05,1.34764178587329e-05,1.3557576237624668e-05,30,30,100,1000,20,C-D50 repeated-cross-fit B at native R=30
J-S18-D50,mean_total_shift,inoculation,B_factor,3.97443685480415e-07,3.8601106586257425e-07,3.975993182463757e-07,4.093914142442512e-07,30,30,100,1000,20,C-D50 repeated-cross-fit B at native R=30
J-S18-D50,mean_total_shift,inoculation,q,0.000118257336849,0.00011484707158724603,0.00011831455948215335,0.00012181468291959813,30,30,100,1000,20,C-D50 repeated-cross-fit B at native R=30
J-S18-D50,mean_total_shift,inoculation,rho,0.4632788150190197,0.44461572877617456,0.46366901568894536,0.48495970688762996,30,30,100,1000,20,C-D50 repeated-cross-fit B at native R=30
J-S18-D50,mean_total_shift,inoculation,tau,0.0040097235285276,0.003985361265054374,0.004009938816777461,0.004034054491778013,30,30,100,1000,20,C-D50 repeated-cross-fit B at native R=30
J-S18-D50,mean_total_shift,seeding_regime,B_total,1.3476028966981851e-05,1.3394917867402713e-05,1.34764178587329e-05,1.3557576237624668e-05,30,30,100,1000,20,C-D50 repeated-cross-fit B at native R=30
J-S18-D50,mean_total_shift,seeding_regime,B_factor,1.4829643197274182e-06,1.4526449795213707e-06,1.4821228416423664e-06,1.5103114432419326e-06,30,30,100,1000,20,C-D50 repeated-cross-fit B at native R=30
J-S18-D50,mean_total_shift,seeding_regime,q,0.000441248452296,0.0004323212893404501,0.0004410232685863627,0.0004493966286267161,30,30,100,1000,20,C-D50 repeated-cross-fit B at native R=30
J-S18-D50,mean_total_shift,seeding_regime,rho,0.0005061583877646,0.0004959556757730932,0.0005058897246663979,0.0005154673879724759,30,30,100,1000,20,C-D50 repeated-cross-fit B at native R=30
J-S18-D50,mean_total_shift,seeding_regime,tau,0.0040097235285276,0.003985361265054374,0.004009938816777461,0.004034054491778013,30,30,100,1000,20,C-D50 repeated-cross-fit B at native R=30
J-S18-D95,mean_total_shift,topology,B_total,5.645870428872551e-05,5.6269059554171835e-05,5.646030591522359e-05,5.666531922992222e-05,30,30,100,1000,20,C-D50 repeated-cross-fit B at native R=30
J-S18-D95,mean_total_shift,topology,B_factor,1.3014693972164743e-06,1.2724386678408037e-06,1.3027227247694999e-06,1.33346950796975e-06,30,30,100,1000,20,C-D50 repeated-cross-fit B at native R=30
J-S18-D95,mean_total_shift,topology,q,0.0003872455659203,0.00037863446807362866,0.00038760908263241943,0.0003968107258838458,30,30,100,1000,20,C-D50 repeated-cross-fit B at native R=30
J-S18-D95,mean_total_shift,topology,rho,1.080429111460001,1.0378255466837312,1.0822487592467782,1.1319515105139113,30,30,100,1000,20,C-D50 repeated-cross-fit B at native R=30
J-S18-D95,mean_total_shift,topology,tau,0.0167989988394475,0.016743400206487558,0.016798987337834928,0.01685945672727316,30,30,100,1000,20,C-D50 repeated-cross-fit B at native R=30
J-S18-D95,mean_total_shift,message_condition,B_total,5.645870428872551e-05,5.6269059554171835e-05,5.646030591522359e-05,5.666531922992222e-05,30,30,100,1000,20,C-D50 repeated-cross-fit B at native R=30
J-S18-D95,mean_total_shift,message_condition,B_factor,4.413448633061005e-05,4.397483886568051e-05,4.413710877012568e-05,4.432104547263522e-05,30,30,100,1000,20,C-D50 repeated-cross-fit B at native R=30
J-S18-D95,mean_total_shift,message_condition,q,0.0131319907884529,0.013082878775514827,0.01313271839809647,0.013187008381941742,30,30,100,1000,20,C-D50 repeated-cross-fit B at native R=30
J-S18-D95,mean_total_shift,message_condition,rho,0.1028937716007852,0.10247554116057007,0.10289521778435781,0.10335561283339183,30,30,100,1000,20,C-D50 repeated-cross-fit B at native R=30
J-S18-D95,mean_total_shift,message_condition,tau,0.0167989988394475,0.016743400206487558,0.016798987337834928,0.01685945672727316,30,30,100,1000,20,C-D50 repeated-cross-fit B at native R=30
J-S18-D95,mean_total_shift,inoculation,B_total,5.645870428872551e-05,5.6269059554171835e-05,5.646030591522359e-05,5.666531922992222e-05,30,30,100,1000,20,C-D50 repeated-cross-fit B at native R=30
J-S18-D95,mean_total_shift,inoculation,B_factor,1.306101078651179e-06,1.2746577862605802e-06,1.3081141910769984e-06,1.3398269686420303e-06,30,30,100,1000,20,C-D50 repeated-cross-fit B at native R=30
J-S18-D95,mean_total_shift,inoculation,q,0.0003886236990536,0.00037925392441855263,0.000389192406947877,0.00039864579001105385,30,30,100,1000,20,C-D50 repeated-cross-fit B at native R=30
J-S18-D95,mean_total_shift,inoculation,rho,1.5224520658346172,1.4673396096157834,1.5255678197192126,1.5863540115338288,30,30,100,1000,20,C-D50 repeated-cross-fit B at native R=30
J-S18-D95,mean_total_shift,inoculation,tau,0.0167989988394475,0.016743400206487558,0.016798987337834928,0.01685945672727316,30,30,100,1000,20,C-D50 repeated-cross-fit B at native R=30
J-S18-D95,mean_total_shift,seeding_regime,B_total,5.645870428872551e-05,5.6269059554171835e-05,5.646030591522359e-05,5.666531922992222e-05,30,30,100,1000,20,C-D50 repeated-cross-fit B at native R=30
J-S18-D95,mean_total_shift,seeding_regime,B_factor,9.716647482247802e-06,9.629712179149589e-06,9.714394815038802e-06,9.807870008409918e-06,30,30,100,1000,20,C-D50 repeated-cross-fit B at native R=30
J-S18-D95,mean_total_shift,seeding_regime,q,0.0028911387860206,0.0028646106196101246,0.0028906199377539293,0.002919239229402014,30,30,100,1000,20,C-D50 repeated-cross-fit B at native R=30
J-S18-D95,mean_total_shift,seeding_regime,rho,0.003316440293719,0.003286160501146298,0.003315844940310852,0.003348681786163146,30,30,100,1000,20,C-D50 repeated-cross-fit B at native R=30
J-S18-D95,mean_total_shift,seeding_regime,tau,0.0167989988394475,0.016743400206487558,0.016798987337834928,0.01685945672727316,30,30,100,1000,20,C-D50 repeated-cross-fit B at native R=30
NC-NoOp,mean_total_shift,topology,B_total,0.0033608374420592,0.003358532938486925,0.0033608718756817004,0.0033632568199285415,30,30,100,1000,20,C-D50 repeated-cross-fit B at native R=30
NC-NoOp,mean_total_shift,topology,B_factor,1.204585644177782e-06,1.1570302009310543e-06,1.2031806363759423e-06,1.251451532486371e-06,30,30,100,1000,20,C-D50 repeated-cross-fit B at native R=30
NC-NoOp,mean_total_shift,topology,q,0.0003584183004815,0.0003442335328258775,0.0003580267913438932,0.0003723872618140663,30,30,100,1000,20,C-D50 repeated-cross-fit B at native R=30
NC-NoOp,mean_total_shift,topology,rho,1.0,1.0,1.0,1.0,30,30,100,1000,20,C-D50 repeated-cross-fit B at native R=30
NC-NoOp,mean_total_shift,topology,tau,1.0,1.0,1.0,1.0,30,30,100,1000,20,C-D50 repeated-cross-fit B at native R=30
NC-NoOp,mean_total_shift,message_condition,B_total,0.0033608374420592,0.003358532938486925,0.0033608718756817004,0.0033632568199285415,30,30,100,1000,20,C-D50 repeated-cross-fit B at native R=30
NC-NoOp,mean_total_shift,message_condition,B_factor,0.0004289325354098,0.0004282412554825992,0.0004289137373278483,0.0004296768342385245,30,30,100,1000,20,C-D50 repeated-cross-fit B at native R=30
NC-NoOp,mean_total_shift,message_condition,q,0.1276266831718777,0.12747508081080244,0.12762524756380578,0.12777862445230523,30,30,100,1000,20,C-D50 repeated-cross-fit B at native R=30
NC-NoOp,mean_total_shift,message_condition,rho,1.0,1.0,1.0,1.0,30,30,100,1000,20,C-D50 repeated-cross-fit B at native R=30
NC-NoOp,mean_total_shift,message_condition,tau,1.0,1.0,1.0,1.0,30,30,100,1000,20,C-D50 repeated-cross-fit B at native R=30
NC-NoOp,mean_total_shift,inoculation,B_total,0.0033608374420592,0.003358532938486925,0.0033608718756817004,0.0033632568199285415,30,30,100,1000,20,C-D50 repeated-cross-fit B at native R=30
NC-NoOp,mean_total_shift,inoculation,B_factor,8.578930712903375e-07,8.288110969360991e-07,8.577025981715324e-07,8.85259636653038e-07,30,30,100,1000,20,C-D50 repeated-cross-fit B at native R=30
NC-NoOp,mean_total_shift,inoculation,q,0.0002552616977406,0.0002465356645034282,0.00025521664325034465,0.00026348750502129184,30,30,100,1000,20,C-D50 repeated-cross-fit B at native R=30
NC-NoOp,mean_total_shift,inoculation,rho,1.0,1.0,1.0,1.0,30,30,100,1000,20,C-D50 repeated-cross-fit B at native R=30
NC-NoOp,mean_total_shift,inoculation,tau,1.0,1.0,1.0,1.0,30,30,100,1000,20,C-D50 repeated-cross-fit B at native R=30
NC-NoOp,mean_total_shift,seeding_regime,B_total,0.0033608374420592,0.003358532938486925,0.0033608718756817004,0.0033632568199285415,30,30,100,1000,20,C-D50 repeated-cross-fit B at native R=30
NC-NoOp,mean_total_shift,seeding_regime,B_factor,0.0029298424279339,0.002928066679366463,0.0029298575501382563,0.0029317714032592174,30,30,100,1000,20,C-D50 repeated-cross-fit B at native R=30
NC-NoOp,mean_total_shift,seeding_regime,q,0.8717596368299,0.8716073790440221,0.8717621713213399,0.8719082460798133,30,30,100,1000,20,C-D50 repeated-cross-fit B at native R=30
NC-NoOp,mean_total_shift,seeding_regime,rho,1.0,1.0,1.0,1.0,30,30,100,1000,20,C-D50 repeated-cross-fit B at native R=30
NC-NoOp,mean_total_shift,seeding_regime,tau,1.0,1.0,1.0,1.0,30,30,100,1000,20,C-D50 repeated-cross-fit B at native R=30
PC-M01,mean_total_shift,topology,B_total,8.040258923947425e-05,8.026823312200348e-05,8.039916663554294e-05,8.053868220970811e-05,30,30,100,1000,20,C-D50 repeated-cross-fit B at native R=30
PC-M01,mean_total_shift,topology,B_factor,1.4802203947521254e-07,1.431156785877496e-07,1.4775539552908787e-07,1.528425480368552e-07,30,30,100,1000,20,C-D50 repeated-cross-fit B at native R=30
PC-M01,mean_total_shift,topology,q,4.404320114468736e-05,4.2573875985816945e-05,4.396419391072853e-05,4.549873083859937e-05,30,30,100,1000,20,C-D50 repeated-cross-fit B at native R=30
PC-M01,mean_total_shift,topology,rho,0.1228821214918665,0.11754419512408025,0.12273766294010863,0.12871671085138864,30,30,100,1000,20,C-D50 repeated-cross-fit B at native R=30
PC-M01,mean_total_shift,topology,tau,0.0239233794033816,0.02388821657054003,0.023922341356453082,0.023961417098148904,30,30,100,1000,20,C-D50 repeated-cross-fit B at native R=30
PC-M01,mean_total_shift,message_condition,B_total,8.040258923947425e-05,8.026823312200348e-05,8.039916663554294e-05,8.053868220970811e-05,30,30,100,1000,20,C-D50 repeated-cross-fit B at native R=30
PC-M01,mean_total_shift,message_condition,B_factor,7.319609073481057e-05,7.308985655354104e-05,7.319342187257118e-05,7.330583231394673e-05,30,30,100,1000,20,C-D50 repeated-cross-fit B at native R=30
PC-M01,mean_total_shift,message_condition,q,0.0217791226135476,0.0217491624613357,0.02177875561241717,0.021811345075311794,30,30,100,1000,20,C-D50 repeated-cross-fit B at native R=30
PC-M01,mean_total_shift,message_condition,rho,0.1706470941050566,0.17037963605855835,0.17064245198353156,0.17089507328648693,30,30,100,1000,20,C-D50 repeated-cross-fit B at native R=30
PC-M01,mean_total_shift,message_condition,tau,0.0239233794033816,0.02388821657054003,0.023922341356453082,0.023961417098148904,30,30,100,1000,20,C-D50 repeated-cross-fit B at native R=30
PC-M01,mean_total_shift,inoculation,B_total,8.040258923947425e-05,8.026823312200348e-05,8.039916663554294e-05,8.053868220970811e-05,30,30,100,1000,20,C-D50 repeated-cross-fit B at native R=30
PC-M01,mean_total_shift,inoculation,B_factor,1.05440561203876e-07,1.0135121019321058e-07,1.0552932969972298e-07,1.0934673488008505e-07,30,30,100,1000,20,C-D50 repeated-cross-fit B at native R=30
PC-M01,mean_total_shift,inoculation,q,3.137329996516291e-05,3.0163715309460975e-05,3.1399050832664435e-05,3.2534924005120055e-05,30,30,100,1000,20,C-D50 repeated-cross-fit B at native R=30
PC-M01,mean_total_shift,inoculation,rho,0.1229064142519361,0.11681597699294059,0.12302292132617625,0.1296726190092285,30,30,100,1000,20,C-D50 repeated-cross-fit B at native R=30
PC-M01,mean_total_shift,inoculation,tau,0.0239233794033816,0.02388821657054003,0.023922341356453082,0.023961417098148904,30,30,100,1000,20,C-D50 repeated-cross-fit B at native R=30
PC-M01,mean_total_shift,seeding_regime,B_total,8.040258923947425e-05,8.026823312200348e-05,8.039916663554294e-05,8.053868220970811e-05,30,30,100,1000,20,C-D50 repeated-cross-fit B at native R=30
PC-M01,mean_total_shift,seeding_regime,B_factor,6.953035903984598e-06,6.910910912413645e-06,6.9526252048668346e-06,6.9942865692089605e-06,30,30,100,1000,20,C-D50 repeated-cross-fit B at native R=30
PC-M01,mean_total_shift,seeding_regime,q,0.002068840288724,0.0020569158972196114,0.0020688240742831156,0.0020804862179109396,30,30,100,1000,20,C-D50 repeated-cross-fit B at native R=30
PC-M01,mean_total_shift,seeding_regime,rho,0.0023731774233632,0.0023594055818498263,0.002373075839287671,0.002386633012733531,30,30,100,1000,20,C-D50 repeated-cross-fit B at native R=30
PC-M01,mean_total_shift,seeding_regime,tau,0.0239233794033816,0.02388821657054003,0.023922341356453082,0.023961417098148904,30,30,100,1000,20,C-D50 repeated-cross-fit B at native R=30
PC-M05,mean_total_shift,topology,B_total,2.9624673891448516e-05,2.957776245620818e-05,2.9624502538711565e-05,2.9667017852518745e-05,30,30,100,1000,20,C-D50 repeated-cross-fit B at native R=30
PC-M05,mean_total_shift,topology,B_factor,1.5688731576481187e-08,1.4845599660648678e-08,1.563653927559148e-08,1.6484533561227684e-08,30,30,100,1000,20,C-D50 repeated-cross-fit B at native R=30
PC-M05,mean_total_shift,topology,q,4.668101878461683e-06,4.416974886423558e-06,4.652025626525115e-06,4.904562253806292e-06,30,30,100,1000,20,C-D50 repeated-cross-fit B at native R=30
PC-M05,mean_total_shift,topology,rho,0.0130241727952767,0.012243990797408398,0.01300381171028326,0.013761978232014836,30,30,100,1000,20,C-D50 repeated-cross-fit B at native R=30
PC-M05,mean_total_shift,topology,tau,0.0088146702725665,0.008800731144890063,0.008814549319849787,0.008827689418001878,30,30,100,1000,20,C-D50 repeated-cross-fit B at native R=30
PC-M05,mean_total_shift,message_condition,B_total,2.9624673891448516e-05,2.957776245620818e-05,2.9624502538711565e-05,2.9667017852518745e-05,30,30,100,1000,20,C-D50 repeated-cross-fit B at native R=30
PC-M05,mean_total_shift,message_condition,B_factor,6.40664364279294e-06,6.394438637518014e-06,6.406419641253625e-06,6.417231173625497e-06,30,30,100,1000,20,C-D50 repeated-cross-fit B at native R=30
PC-M05,mean_total_shift,message_condition,q,0.0019062640646098,0.0019028620386946668,0.0019061498948180027,0.001909078637028668,30,30,100,1000,20,C-D50 repeated-cross-fit B at native R=30
PC-M05,mean_total_shift,message_condition,rho,0.0149362501416938,0.014903149242129397,0.014936596873027161,0.01496832158485627,30,30,100,1000,20,C-D50 repeated-cross-fit B at native R=30
PC-M05,mean_total_shift,message_condition,tau,0.0088146702725665,0.008800731144890063,0.008814549319849787,0.008827689418001878,30,30,100,1000,20,C-D50 repeated-cross-fit B at native R=30
PC-M05,mean_total_shift,inoculation,B_total,2.9624673891448516e-05,2.957776245620818e-05,2.9624502538711565e-05,2.9667017852518745e-05,30,30,100,1000,20,C-D50 repeated-cross-fit B at native R=30
PC-M05,mean_total_shift,inoculation,B_factor,8.548553827105414e-09,7.78994240424723e-09,8.551878353315167e-09,9.335755353837573e-09,30,30,100,1000,20,C-D50 repeated-cross-fit B at native R=30
PC-M05,mean_total_shift,inoculation,q,2.543578490326365e-06,2.317959628480199e-06,2.5448212428358605e-06,2.7767296473519673e-06,30,30,100,1000,20,C-D50 repeated-cross-fit B at native R=30
PC-M05,mean_total_shift,inoculation,rho,0.0099645912913688,0.009144074165410066,0.009965423642814344,0.010880698437864246,30,30,100,1000,20,C-D50 repeated-cross-fit B at native R=30
PC-M05,mean_total_shift,inoculation,tau,0.0088146702725665,0.008800731144890063,0.008814549319849787,0.008827689418001878,30,30,100,1000,20,C-D50 repeated-cross-fit B at native R=30
PC-M05,mean_total_shift,seeding_regime,B_total,2.9624673891448516e-05,2.957776245620818e-05,2.9624502538711565e-05,2.9667017852518745e-05,30,30,100,1000,20,C-D50 repeated-cross-fit B at native R=30
PC-M05,mean_total_shift,seeding_regime,B_factor,2.319379296325199e-05,2.3158647018645134e-05,2.3194139828065967e-05,2.3227423109384744e-05,30,30,100,1000,20,C-D50 repeated-cross-fit B at native R=30
PC-M05,mean_total_shift,seeding_regime,q,0.0069011945275879,0.006890521034918982,0.006901063340313786,0.0069113367224962466,30,30,100,1000,20,C-D50 repeated-cross-fit B at native R=30
PC-M05,mean_total_shift,seeding_regime,rho,0.007916396029396,0.007904517512790997,0.007916310592981174,0.007927951533538983,30,30,100,1000,20,C-D50 repeated-cross-fit B at native R=30
PC-M05,mean_total_shift,seeding_regime,tau,0.0088146702725665,0.008800731144890063,0.008814549319849787,0.008827689418001878,30,30,100,1000,20,C-D50 repeated-cross-fit B at native R=30
S-A06,mean_total_shift,topology,B_total,0.0005259732864132,0.0005256067538417593,0.0005259773638063176,0.0005263600354571119,30,30,100,1000,20,C-D50 repeated-cross-fit B at native R=30
S-A06,mean_total_shift,topology,B_factor,1.687291477693421e-07,1.6197790970218273e-07,1.6870138644171277e-07,1.7502523033515324e-07,30,30,100,1000,20,C-D50 repeated-cross-fit B at native R=30
S-A06,mean_total_shift,topology,q,5.020449536111988e-05,4.822416636736666e-05,5.018946771147094e-05,5.205786247897463e-05,30,30,100,1000,20,C-D50 repeated-cross-fit B at native R=30
S-A06,mean_total_shift,topology,rho,0.1400723548258058,0.13487439919000854,0.1401378122665856,0.14521911837355905,30,30,100,1000,20,C-D50 repeated-cross-fit B at native R=30
S-A06,mean_total_shift,topology,tau,0.1565006625524291,0.15638180915026503,0.15650184808206358,0.15661517172267628,30,30,100,1000,20,C-D50 repeated-cross-fit B at native R=30
S-A06,mean_total_shift,message_condition,B_total,0.0005259732864132,0.0005256067538417593,0.0005259773638063176,0.0005263600354571119,30,30,100,1000,20,C-D50 repeated-cross-fit B at native R=30
S-A06,mean_total_shift,message_condition,B_factor,7.876047986348158e-06,7.837379141656186e-06,7.877383548534614e-06,7.913885928692722e-06,30,30,100,1000,20,C-D50 repeated-cross-fit B at native R=30
S-A06,mean_total_shift,message_condition,q,0.0023434778153156,0.0023322775017817097,0.00234390339703256,0.002354893025249245,30,30,100,1000,20,C-D50 repeated-cross-fit B at native R=30
S-A06,mean_total_shift,message_condition,rho,0.018361973821412,0.01827737739130537,0.0183633121672609,0.018453254043708144,30,30,100,1000,20,C-D50 repeated-cross-fit B at native R=30
S-A06,mean_total_shift,message_condition,tau,0.1565006625524291,0.15638180915026503,0.15650184808206358,0.15661517172267628,30,30,100,1000,20,C-D50 repeated-cross-fit B at native R=30
S-A06,mean_total_shift,inoculation,B_total,0.0005259732864132,0.0005256067538417593,0.0005259773638063176,0.0005263600354571119,30,30,100,1000,20,C-D50 repeated-cross-fit B at native R=30
S-A06,mean_total_shift,inoculation,B_factor,2.2238307882883818e-07,2.1561396717515858e-07,2.2232821987418412e-07,2.290860005522024e-07,30,30,100,1000,20,C-D50 repeated-cross-fit B at native R=30
S-A06,mean_total_shift,inoculation,q,6.616894826444778e-05,6.418049344292943e-05,6.614976769493145e-05,6.813548017407136e-05,30,30,100,1000,20,C-D50 repeated-cross-fit B at native R=30
S-A06,mean_total_shift,inoculation,rho,0.2592200429994811,0.2520669379213982,0.25922349277728807,0.26648723000821434,30,30,100,1000,20,C-D50 repeated-cross-fit B at native R=30
S-A06,mean_total_shift,inoculation,tau,0.1565006625524291,0.15638180915026503,0.15650184808206358,0.15661517172267628,30,30,100,1000,20,C-D50 repeated-cross-fit B at native R=30
S-A06,mean_total_shift,seeding_regime,B_total,0.0005259732864132,0.0005256067538417593,0.0005259773638063176,0.0005263600354571119,30,30,100,1000,20,C-D50 repeated-cross-fit B at native R=30
S-A06,mean_total_shift,seeding_regime,B_factor,0.0005177061262003,0.000517347894511409,0.0005177087725750232,0.0005180699997461561,30,30,100,1000,20,C-D50 repeated-cross-fit B at native R=30
S-A06,mean_total_shift,seeding_regime,q,0.1540408112934878,0.15392219923069458,0.15404107664937,0.15415379327275444,30,30,100,1000,20,C-D50 repeated-cross-fit B at native R=30
S-A06,mean_total_shift,seeding_regime,rho,0.1767010134280221,0.17658798391316385,0.1767000628042536,0.17680656464407396,30,30,100,1000,20,C-D50 repeated-cross-fit B at native R=30
S-A06,mean_total_shift,seeding_regime,tau,0.1565006625524291,0.15638180915026503,0.15650184808206358,0.15661517172267628,30,30,100,1000,20,C-D50 repeated-cross-fit B at native R=30
S-A18,mean_total_shift,topology,B_total,0.0047641908732487,0.004761846980582842,0.0047642648943067335,0.004766606024523994,30,30,100,1000,20,C-D50 repeated-cross-fit B at native R=30
S-A18,mean_total_shift,topology,B_factor,1.834625243646666e-06,1.78096109772661e-06,1.8319484867533207e-06,1.8876707970532106e-06,30,30,100,1000,20,C-D50 repeated-cross-fit B at native R=30
S-A18,mean_total_shift,topology,q,0.0005458833624879,0.000529874539442006,0.0005451136520901879,0.0005616257330636348,30,30,100,1000,20,C-D50 repeated-cross-fit B at native R=30
S-A18,mean_total_shift,topology,rho,1.523034291927771,1.4798210649368042,1.521810346019811,1.5677870374665706,30,30,100,1000,20,C-D50 repeated-cross-fit B at native R=30
S-A18,mean_total_shift,topology,tau,1.4175606393892153,1.416875479166364,1.4175697072533178,1.4182787115357904,30,30,100,1000,20,C-D50 repeated-cross-fit B at native R=30
S-A18,mean_total_shift,message_condition,B_total,0.0047641908732487,0.004761846980582842,0.0047642648943067335,0.004766606024523994,30,30,100,1000,20,C-D50 repeated-cross-fit B at native R=30
S-A18,mean_total_shift,message_condition,B_factor,5.6342415630722266e-05,5.601082921384826e-05,5.633503648099197e-05,5.667798844458513e-05,30,30,100,1000,20,C-D50 repeated-cross-fit B at native R=30
S-A18,mean_total_shift,message_condition,q,0.0167643977437361,0.016664970461526787,0.016762162721652422,0.016865244937890864,30,30,100,1000,20,C-D50 repeated-cross-fit B at native R=30
S-A18,mean_total_shift,message_condition,rho,0.1313549590657242,0.1305635852184755,0.13135333653649028,0.13216818720531578,30,30,100,1000,20,C-D50 repeated-cross-fit B at native R=30
S-A18,mean_total_shift,message_condition,tau,1.4175606393892153,1.416875479166364,1.4175697072533178,1.4182787115357904,30,30,100,1000,20,C-D50 repeated-cross-fit B at native R=30
S-A18,mean_total_shift,inoculation,B_total,0.0047641908732487,0.004761846980582842,0.0047642648943067335,0.004766606024523994,30,30,100,1000,20,C-D50 repeated-cross-fit B at native R=30
S-A18,mean_total_shift,inoculation,B_factor,1.3292272944682473e-06,1.278028579599559e-06,1.3276423254511517e-06,1.3738069183395566e-06,30,30,100,1000,20,C-D50 repeated-cross-fit B at native R=30
S-A18,mean_total_shift,inoculation,q,0.0003955047863468,0.00038043924412702604,0.00039508865910621815,0.0004086575568356479,30,30,100,1000,20,C-D50 repeated-cross-fit B at native R=30
S-A18,mean_total_shift,inoculation,rho,1.5494090568524894,1.5123348430585835,1.5470892568396546,1.5872923096556406,30,30,100,1000,20,C-D50 repeated-cross-fit B at native R=30
S-A18,mean_total_shift,inoculation,tau,1.4175606393892153,1.416875479166364,1.4175697072533178,1.4182787115357904,30,30,100,1000,20,C-D50 repeated-cross-fit B at native R=30
S-A18,mean_total_shift,seeding_regime,B_total,0.0047641908732487,0.004761846980582842,0.0047642648943067335,0.004766606024523994,30,30,100,1000,20,C-D50 repeated-cross-fit B at native R=30
S-A18,mean_total_shift,seeding_regime,B_factor,0.0047046846050799,0.004702336069219455,0.004704742963823947,0.00470706410594426,30,30,100,1000,20,C-D50 repeated-cross-fit B at native R=30
S-A18,mean_total_shift,seeding_regime,q,1.399854853496644,1.3992199772796956,1.3998683173266673,1.400531057832274,30,30,100,1000,20,C-D50 repeated-cross-fit B at native R=30
S-A18,mean_total_shift,seeding_regime,rho,1.6057807615263415,1.6052080967970281,1.605776518763834,1.606430866503916,30,30,100,1000,20,C-D50 repeated-cross-fit B at native R=30
S-A18,mean_total_shift,seeding_regime,tau,1.4175606393892153,1.416875479166364,1.4175697072533178,1.4182787115357904,30,30,100,1000,20,C-D50 repeated-cross-fit B at native R=30
C-D1,mean_signed_shift,topology,B_total,7.642727899247743e-07,7.593564525380005e-07,7.641478069413888e-07,7.693354468479148e-07,30,30,100,1000,20,C-D50 repeated-cross-fit B at native R=30
C-D1,mean_signed_shift,topology,B_factor,1.3164687613779822e-09,7.707706441916813e-10,1.2260575950531744e-09,1.6623186751196015e-09,30,30,100,1000,20,C-D50 repeated-cross-fit B at native R=30
C-D1,mean_signed_shift,topology,q,5.834269679683355e-07,3.4168231860747844e-07,5.432520383517955e-07,7.363883297471661e-07,30,30,100,1000,20,C-D50 repeated-cross-fit B at native R=30
C-D1,mean_signed_shift,topology,rho,0.0011117227231009,0.0006506834284635318,0.0010344026072884073,0.0014007674015660673,30,30,100,1000,20,C-D50 repeated-cross-fit B at native R=30
C-D1,mean_signed_shift,topology,tau,0.0003387071304751,0.00033658461237031273,0.00033867802826016745,0.00034081021424822787,30,30,100,1000,20,C-D50 repeated-cross-fit B at native R=30
C-D1,mean_signed_shift,message_condition,B_total,7.642727899247743e-07,7.593564525380005e-07,7.641478069413888e-07,7.693354468479148e-07,30,30,100,1000,20,C-D50 repeated-cross-fit B at native R=30
C-D1,mean_signed_shift,message_condition,B_factor,7.572839828696081e-07,7.525025730524123e-07,7.572346281120825e-07,7.619217203709713e-07,30,30,100,1000,20,C-D50 repeated-cross-fit B at native R=30
C-D1,mean_signed_shift,message_condition,q,0.0003356098609997,0.0003335815096170982,0.0003355965002547204,0.00033753532647149434,30,30,100,1000,20,C-D50 repeated-cross-fit B at native R=30
C-D1,mean_signed_shift,message_condition,rho,0.0026869529878158,0.002671477331280916,0.0026870320886230813,0.002702115709708472,30,30,100,1000,20,C-D50 repeated-cross-fit B at native R=30
C-D1,mean_signed_shift,message_condition,tau,0.0003387071304751,0.00033658461237031273,0.00033867802826016745,0.00034081021424822787,30,30,100,1000,20,C-D50 repeated-cross-fit B at native R=30
C-D1,mean_signed_shift,inoculation,B_total,7.642727899247743e-07,7.593564525380005e-07,7.641478069413888e-07,7.693354468479148e-07,30,30,100,1000,20,C-D50 repeated-cross-fit B at native R=30
C-D1,mean_signed_shift,inoculation,B_factor,5.0653277152045e-09,4.468877430760991e-09,5.060753009906261e-09,5.6726701086398416e-09,30,30,100,1000,20,C-D50 repeated-cross-fit B at native R=30
C-D1,mean_signed_shift,inoculation,q,2.2448301679064544e-06,1.980841559947267e-06,2.242550345755257e-06,2.514823541277256e-06,30,30,100,1000,20,C-D50 repeated-cross-fit B at native R=30
C-D1,mean_signed_shift,inoculation,rho,0.0030974855988415,0.0027101896294559748,0.0030989849260444364,0.0035079578026470668,30,30,100,1000,20,C-D50 repeated-cross-fit B at native R=30
C-D1,mean_signed_shift,inoculation,tau,0.0003387071304751,0.00033658461237031273,0.00033867802826016745,0.00034081021424822787,30,30,100,1000,20,C-D50 repeated-cross-fit B at native R=30
C-D1,mean_signed_shift,seeding_regime,B_total,7.642727899247743e-07,7.593564525380005e-07,7.641478069413888e-07,7.693354468479148e-07,30,30,100,1000,20,C-D50 repeated-cross-fit B at native R=30
C-D1,mean_signed_shift,seeding_regime,B_factor,6.070105785838297e-10,2.3016415838388906e-10,6.257537113940268e-10,9.943171872895136e-10,30,30,100,1000,20,C-D50 repeated-cross-fit B at native R=30
C-D1,mean_signed_shift,seeding_regime,q,2.690123395082878e-07,1.020047118522808e-07,2.7715058053688956e-07,4.407718281595026e-07,30,30,100,1000,20,C-D50 repeated-cross-fit B at native R=30
C-D1,mean_signed_shift,seeding_regime,rho,3.078483413457049e-07,1.1673473371565068e-07,3.171566892912932e-07,5.043738626377935e-07,30,30,100,1000,20,C-D50 repeated-cross-fit B at native R=30
C-D1,mean_signed_shift,seeding_regime,tau,0.0003387071304751,0.00033658461237031273,0.00033867802826016745,0.00034081021424822787,30,30,100,1000,20,C-D50 repeated-cross-fit B at native R=30
C-D10,mean_signed_shift,topology,B_total,9.561923825374232e-05,9.540146877481168e-05,9.562077634234545e-05,9.584236892288716e-05,30,30,100,1000,20,C-D50 repeated-cross-fit B at native R=30
C-D10,mean_signed_shift,topology,B_factor,7.207934965833464e-08,6.735878562401861e-08,7.211418072433927e-08,7.711254141686267e-08,30,30,100,1000,20,C-D50 repeated-cross-fit B at native R=30
C-D10,mean_signed_shift,topology,q,3.1943816411012784e-05,2.9841437378353486e-05,3.197234798098033e-05,3.416634941643822e-05,30,30,100,1000,20,C-D50 repeated-cross-fit B at native R=30
C-D10,mean_signed_shift,topology,rho,0.0608690864776995,0.05648732612930931,0.06087030165132909,0.06570017326284662,30,30,100,1000,20,C-D50 repeated-cross-fit B at native R=30
C-D10,mean_signed_shift,topology,tau,0.0423761230729312,0.04228831133512706,0.04237424224394549,0.04246461420652025,30,30,100,1000,20,C-D50 repeated-cross-fit B at native R=30
C-D10,mean_signed_shift,message_condition,B_total,9.561923825374232e-05,9.540146877481168e-05,9.562077634234545e-05,9.584236892288716e-05,30,30,100,1000,20,C-D50 repeated-cross-fit B at native R=30
C-D10,mean_signed_shift,message_condition,B_factor,1.969812056484724e-05,1.9618643251682186e-05,1.9696229577897453e-05,1.9784652960490896e-05,30,30,100,1000,20,C-D50 repeated-cross-fit B at native R=30
C-D10,mean_signed_shift,message_condition,q,0.0087297284166425,0.008698798081591269,0.008729492695574503,0.008762458013740083,30,30,100,1000,20,C-D50 repeated-cross-fit B at native R=30
C-D10,mean_signed_shift,message_condition,rho,0.0698917778579061,0.06965889997617342,0.06989153970375701,0.07010250553422076,30,30,100,1000,20,C-D50 repeated-cross-fit B at native R=30
C-D10,mean_signed_shift,message_condition,tau,0.0423761230729312,0.04228831133512706,0.04237424224394549,0.04246461420652025,30,30,100,1000,20,C-D50 repeated-cross-fit B at native R=30
C-D10,mean_signed_shift,inoculation,B_total,9.561923825374232e-05,9.540146877481168e-05,9.562077634234545e-05,9.584236892288716e-05,30,30,100,1000,20,C-D50 repeated-cross-fit B at native R=30
C-D10,mean_signed_shift,inoculation,B_factor,1.52047405920998e-07,1.443660740674565e-07,1.525196275249427e-07,1.5955600950401005e-07,30,30,100,1000,20,C-D50 repeated-cross-fit B at native R=30
C-D10,mean_signed_shift,inoculation,q,6.738371591216874e-05,6.399050231356004e-05,6.758400614932524e-05,7.07466155670501e-05,30,30,100,1000,20,C-D50 repeated-cross-fit B at native R=30
C-D10,mean_signed_shift,inoculation,rho,0.0929781204023213,0.08857048447523592,0.09325375686801582,0.09778420604234181,30,30,100,1000,20,C-D50 repeated-cross-fit B at native R=30
C-D10,mean_signed_shift,inoculation,tau,0.0423761230729312,0.04228831133512706,0.04237424224394549,0.04246461420652025,30,30,100,1000,20,C-D50 repeated-cross-fit B at native R=30
C-D10,mean_signed_shift,seeding_regime,B_total,9.561923825374232e-05,9.540146877481168e-05,9.562077634234545e-05,9.584236892288716e-05,30,30,100,1000,20,C-D50 repeated-cross-fit B at native R=30
C-D10,mean_signed_shift,seeding_regime,B_factor,7.569699093331577e-05,7.553644327650868e-05,7.56956856309223e-05,7.586130898860076e-05,30,30,100,1000,20,C-D50 repeated-cross-fit B at native R=30
C-D10,mean_signed_shift,seeding_regime,q,0.0335470671239655,0.033482075582325174,0.0335463966618688,0.03361647505583421,30,30,100,1000,20,C-D50 repeated-cross-fit B at native R=30
C-D10,mean_signed_shift,seeding_regime,rho,0.0383900938893833,0.03831202126653274,0.0383894380066479,0.03847224352445882,30,30,100,1000,20,C-D50 repeated-cross-fit B at native R=30
C-D10,mean_signed_shift,seeding_regime,tau,0.0423761230729312,0.04228831133512706,0.04237424224394549,0.04246461420652025,30,30,100,1000,20,C-D50 repeated-cross-fit B at native R=30
C-D5,mean_signed_shift,topology,B_total,2.111255995563062e-05,2.1028544210349893e-05,2.1110560831789923e-05,2.1189336865061423e-05,30,30,100,1000,20,C-D50 repeated-cross-fit B at native R=30
C-D5,mean_signed_shift,topology,B_factor,1.7371077109544655e-08,1.4716331368584157e-08,1.698141929651706e-08,1.9608750366478913e-08,30,30,100,1000,20,C-D50 repeated-cross-fit B at native R=30
C-D5,mean_signed_shift,topology,q,7.698439298899493e-06,6.523334887365864e-06,7.524817067263807e-06,8.691933003720613e-06,30,30,100,1000,20,C-D50 repeated-cross-fit B at native R=30
C-D5,mean_signed_shift,topology,rho,0.0146694108618306,0.012449811193083598,0.01431928258187503,0.016508756636732697,30,30,100,1000,20,C-D50 repeated-cross-fit B at native R=30
C-D5,mean_signed_shift,topology,tau,0.0093565735871089,0.00932062873292188,0.0093560382945735,0.009387612544513656,30,30,100,1000,20,C-D50 repeated-cross-fit B at native R=30
C-D5,mean_signed_shift,message_condition,B_total,2.111255995563062e-05,2.1028544210349893e-05,2.1110560831789923e-05,2.1189336865061423e-05,30,30,100,1000,20,C-D50 repeated-cross-fit B at native R=30
C-D5,mean_signed_shift,message_condition,B_factor,6.041276126174885e-06,6.010703716644042e-06,6.040381965490502e-06,6.069128203813123e-06,30,30,100,1000,20,C-D50 repeated-cross-fit B at native R=30
C-D5,mean_signed_shift,message_condition,q,0.0026773467904125,0.0026650141549979254,0.002677008042560081,0.002688922177738674,30,30,100,1000,20,C-D50 repeated-cross-fit B at native R=30
C-D5,mean_signed_shift,message_condition,rho,0.0214353205727859,0.02133793054316129,0.021431864492470344,0.02151703925360537,30,30,100,1000,20,C-D50 repeated-cross-fit B at native R=30
C-D5,mean_signed_shift,message_condition,tau,0.0093565735871089,0.00932062873292188,0.0093560382945735,0.009387612544513656,30,30,100,1000,20,C-D50 repeated-cross-fit B at native R=30
C-D5,mean_signed_shift,inoculation,B_total,2.111255995563062e-05,2.1028544210349893e-05,2.1110560831789923e-05,2.1189336865061423e-05,30,30,100,1000,20,C-D50 repeated-cross-fit B at native R=30
C-D5,mean_signed_shift,inoculation,B_factor,5.069075717897876e-08,4.761377051302496e-08,5.0497008479887715e-08,5.3838798101653805e-08,30,30,100,1000,20,C-D50 repeated-cross-fit B at native R=30
C-D5,mean_signed_shift,inoculation,q,2.2464911916325662e-05,2.1110880996132413e-05,2.2379729712862838e-05,2.3858442670173616e-05,30,30,100,1000,20,C-D50 repeated-cross-fit B at native R=30
C-D5,mean_signed_shift,inoculation,rho,0.030997775303847,0.02906753275552741,0.03088136776823412,0.03294321983749233,30,30,100,1000,20,C-D50 repeated-cross-fit B at native R=30
C-D5,mean_signed_shift,inoculation,tau,0.0093565735871089,0.00932062873292188,0.0093560382945735,0.009387612544513656,30,30,100,1000,20,C-D50 repeated-cross-fit B at native R=30
C-D5,mean_signed_shift,seeding_regime,B_total,2.111255995563062e-05,2.1028544210349893e-05,2.1110560831789923e-05,2.1189336865061423e-05,30,30,100,1000,20,C-D50 repeated-cross-fit B at native R=30
C-D5,mean_signed_shift,seeding_regime,B_factor,1.500322199516721e-05,1.4943107814105448e-05,1.5002848061565491e-05,1.50590425415673e-05,30,30,100,1000,20,C-D50 repeated-cross-fit B at native R=30
C-D5,mean_signed_shift,seeding_regime,q,0.0066490634454811,0.006623355950374055,0.006648701353824556,0.0066725802707299844,30,30,100,1000,20,C-D50 repeated-cross-fit B at native R=30
C-D5,mean_signed_shift,seeding_regime,rho,0.0076089563658498,0.007579429038797353,0.0076086940775971995,0.007635864719785861,30,30,100,1000,20,C-D50 repeated-cross-fit B at native R=30
C-D5,mean_signed_shift,seeding_regime,tau,0.0093565735871089,0.00932062873292188,0.0093560382945735,0.009387612544513656,30,30,100,1000,20,C-D50 repeated-cross-fit B at native R=30
C-D50,mean_signed_shift,topology,B_total,0.0022564413948198,0.002254375835848662,0.002256454155440666,0.0022586040834512776,30,30,100,1000,20,C-D50 repeated-cross-fit B at native R=30
C-D50,mean_signed_shift,topology,B_factor,1.184170057895352e-06,1.1381554295775028e-06,1.1855438011907737e-06,1.232984279201277e-06,30,30,100,1000,20,C-D50 repeated-cross-fit B at native R=30
C-D50,mean_signed_shift,topology,q,0.0005247953971301,0.0005043000508583686,0.0005253288372510182,0.0005462028947245896,30,30,100,1000,20,C-D50 repeated-cross-fit B at native R=30
C-D50,mean_signed_shift,topology,rho,1.0,1.0,1.0,1.0,30,30,100,1000,20,C-D50 repeated-cross-fit B at native R=30
C-D50,mean_signed_shift,topology,tau,1.0,1.0,1.0,1.0,30,30,100,1000,20,C-D50 repeated-cross-fit B at native R=30
C-D50,mean_signed_shift,message_condition,B_total,0.0022564413948198,0.002254375835848662,0.002256454155440666,0.0022586040834512776,30,30,100,1000,20,C-D50 repeated-cross-fit B at native R=30
C-D50,mean_signed_shift,message_condition,B_factor,0.0002818374516798,0.000281203257429748,0.00028183268488607855,0.0002824496074296573,30,30,100,1000,20,C-D50 repeated-cross-fit B at native R=30
C-D50,mean_signed_shift,message_condition,q,0.1249035106016408,0.12468241165128656,0.1248998844221374,0.12511708806895433,30,30,100,1000,20,C-D50 repeated-cross-fit B at native R=30
C-D50,mean_signed_shift,message_condition,rho,1.0,1.0,1.0,1.0,30,30,100,1000,20,C-D50 repeated-cross-fit B at native R=30
C-D50,mean_signed_shift,message_condition,tau,1.0,1.0,1.0,1.0,30,30,100,1000,20,C-D50 repeated-cross-fit B at native R=30
C-D50,mean_signed_shift,inoculation,B_total,0.0022564413948198,0.002254375835848662,0.002256454155440666,0.0022586040834512776,30,30,100,1000,20,C-D50 repeated-cross-fit B at native R=30
C-D50,mean_signed_shift,inoculation,B_factor,1.6353030719816736e-06,1.5880966410003986e-06,1.635344861989057e-06,1.6806252779916642e-06,30,30,100,1000,20,C-D50 repeated-cross-fit B at native R=30
C-D50,mean_signed_shift,inoculation,q,0.0007247265875089,0.0007036922125770409,0.0007246480670997297,0.0007451752829733034,30,30,100,1000,20,C-D50 repeated-cross-fit B at native R=30
C-D50,mean_signed_shift,inoculation,rho,1.0,1.0,1.0,1.0,30,30,100,1000,20,C-D50 repeated-cross-fit B at native R=30
C-D50,mean_signed_shift,inoculation,tau,1.0,1.0,1.0,1.0,30,30,100,1000,20,C-D50 repeated-cross-fit B at native R=30
C-D50,mean_signed_shift,seeding_regime,B_total,0.0022564413948198,0.002254375835848662,0.002256454155440666,0.0022586040834512776,30,30,100,1000,20,C-D50 repeated-cross-fit B at native R=30
C-D50,mean_signed_shift,seeding_regime,B_factor,0.0019717844700101,0.0019699697033403723,0.0019718138132846516,0.0019735479480867614,30,30,100,1000,20,C-D50 repeated-cross-fit B at native R=30
C-D50,mean_signed_shift,seeding_regime,q,0.8738469674137198,0.8736381254271497,0.8738495845738217,0.8740572194982676,30,30,100,1000,20,C-D50 repeated-cross-fit B at native R=30
C-D50,mean_signed_shift,seeding_regime,rho,1.0,1.0,1.0,1.0,30,30,100,1000,20,C-D50 repeated-cross-fit B at native R=30
C-D50,mean_signed_shift,seeding_regime,tau,1.0,1.0,1.0,1.0,30,30,100,1000,20,C-D50 repeated-cross-fit B at native R=30
CS-0,mean_signed_shift,topology,B_total,7.027202357268082e-05,7.012787300243972e-05,7.02655800682285e-05,7.04158247178563e-05,30,30,100,1000,20,C-D50 repeated-cross-fit B at native R=30
CS-0,mean_signed_shift,topology,B_factor,2.2207065452825667e-07,2.1131560259357567e-07,2.2152231524528642e-07,2.308756071626687e-07,30,30,100,1000,20,C-D50 repeated-cross-fit B at native R=30
CS-0,mean_signed_shift,topology,q,9.841631829573272e-05,9.366756830966864e-05,9.817372271678698e-05,0.00010232882867987622,30,30,100,1000,20,C-D50 repeated-cross-fit B at native R=30
CS-0,mean_signed_shift,topology,rho,0.1875327391092349,0.1764788543310988,0.18656332657357222,0.19776610832857458,30,30,100,1000,20,C-D50 repeated-cross-fit B at native R=30
CS-0,mean_signed_shift,topology,tau,0.0311428534035963,0.031079405680190027,0.031141307269645726,0.031205092141723425,30,30,100,1000,20,C-D50 repeated-cross-fit B at native R=30
CS-0,mean_signed_shift,message_condition,B_total,7.027202357268082e-05,7.012787300243972e-05,7.02655800682285e-05,7.04158247178563e-05,30,30,100,1000,20,C-D50 repeated-cross-fit B at native R=30
CS-0,mean_signed_shift,message_condition,B_factor,6.940231428961529e-05,6.925319803200018e-05,6.940124323309367e-05,6.954768987257095e-05,30,30,100,1000,20,C-D50 repeated-cross-fit B at native R=30
CS-0,mean_signed_shift,message_condition,q,0.0307574193812184,0.030694497296119425,0.030757067137187715,0.030818263654568565,30,30,100,1000,20,C-D50 repeated-cross-fit B at native R=30
CS-0,mean_signed_shift,message_condition,rho,0.2462494387312629,0.24574002022976157,0.2462318280138302,0.24678237766314365,30,30,100,1000,20,C-D50 repeated-cross-fit B at native R=30
CS-0,mean_signed_shift,message_condition,tau,0.0311428534035963,0.031079405680190027,0.031141307269645726,0.031205092141723425,30,30,100,1000,20,C-D50 repeated-cross-fit B at native R=30
CS-0,mean_signed_shift,inoculation,B_total,7.027202357268082e-05,7.012787300243972e-05,7.02655800682285e-05,7.04158247178563e-05,30,30,100,1000,20,C-D50 repeated-cross-fit B at native R=30
CS-0,mean_signed_shift,inoculation,B_factor,5.295502029765336e-07,5.095700247718324e-07,5.28993072003808e-07,5.478278375000742e-07,30,30,100,1000,20,C-D50 repeated-cross-fit B at native R=30
CS-0,mean_signed_shift,inoculation,q,0.0002346837831428,0.00022590116702618377,0.00023436431900277388,0.00024270939538637777,30,30,100,1000,20,C-D50 repeated-cross-fit B at native R=30
CS-0,mean_signed_shift,inoculation,rho,0.3238238905371958,0.3093479424118982,0.323382459070244,0.33832955410620524,30,30,100,1000,20,C-D50 repeated-cross-fit B at native R=30
CS-0,mean_signed_shift,inoculation,tau,0.0311428534035963,0.031079405680190027,0.031141307269645726,0.031205092141723425,30,30,100,1000,20,C-D50 repeated-cross-fit B at native R=30
CS-0,mean_signed_shift,seeding_regime,B_total,7.027202357268082e-05,7.012787300243972e-05,7.02655800682285e-05,7.04158247178563e-05,30,30,100,1000,20,C-D50 repeated-cross-fit B at native R=30
CS-0,mean_signed_shift,seeding_regime,B_factor,1.1808842556074817e-07,1.0890231229219165e-07,1.1724938020212609e-07,1.255404543453785e-07,30,30,100,1000,20,C-D50 repeated-cross-fit B at native R=30
CS-0,mean_signed_shift,seeding_regime,q,5.233392093933667e-05,4.82740269424179e-05,5.1958118232856603e-05,5.56616623745237e-05,30,30,100,1000,20,C-D50 repeated-cross-fit B at native R=30
CS-0,mean_signed_shift,seeding_regime,rho,5.988911433111303e-05,5.524181354851639e-05,5.946402215499656e-05,6.36965771033843e-05,30,30,100,1000,20,C-D50 repeated-cross-fit B at native R=30
CS-0,mean_signed_shift,seeding_regime,tau,0.0311428534035963,0.031079405680190027,0.031141307269645726,0.031205092141723425,30,30,100,1000,20,C-D50 repeated-cross-fit B at native R=30
CS-15,mean_signed_shift,topology,B_total,9.703018981394762e-05,9.683383911360347e-05,9.702212596911884e-05,9.722603942055324e-05,30,30,100,1000,20,C-D50 repeated-cross-fit B at native R=30
CS-15,mean_signed_shift,topology,B_factor,1.9558329952200434e-07,1.8306146288322818e-07,1.9484085858868028e-07,2.0629498831274454e-07,30,30,100,1000,20,C-D50 repeated-cross-fit B at native R=30
CS-15,mean_signed_shift,topology,q,8.667776613698404e-05,8.110925785376079e-05,8.633167617514272e-05,9.142218943098203e-05,30,30,100,1000,20,C-D50 repeated-cross-fit B at native R=30
CS-15,mean_signed_shift,topology,rho,0.1651648749417108,0.1540956472560601,0.16439034126102353,0.1749009880008604,30,30,100,1000,20,C-D50 repeated-cross-fit B at native R=30
CS-15,mean_signed_shift,topology,tau,0.0430014225216315,0.04292317456455627,0.042998275711184086,0.04308013052304125,30,30,100,1000,20,C-D50 repeated-cross-fit B at native R=30
CS-15,mean_signed_shift,message_condition,B_total,9.703018981394762e-05,9.683383911360347e-05,9.702212596911884e-05,9.722603942055324e-05,30,30,100,1000,20,C-D50 repeated-cross-fit B at native R=30
CS-15,mean_signed_shift,message_condition,B_factor,6.900460936504671e-05,6.885010433018069e-05,6.900319767600789e-05,6.916206510449669e-05,30,30,100,1000,20,C-D50 repeated-cross-fit B at native R=30
CS-15,mean_signed_shift,message_condition,q,0.0305811662219377,0.030517195511283367,0.030580224486510134,0.030644375155525493,30,30,100,1000,20,C-D50 repeated-cross-fit B at native R=30
CS-15,mean_signed_shift,message_condition,rho,0.2448383241962779,0.24431774472578544,0.24482781290853425,0.24535286919454263,30,30,100,1000,20,C-D50 repeated-cross-fit B at native R=30
CS-15,mean_signed_shift,message_condition,tau,0.0430014225216315,0.04292317456455627,0.042998275711184086,0.04308013052304125,30,30,100,1000,20,C-D50 repeated-cross-fit B at native R=30
CS-15,mean_signed_shift,inoculation,B_total,9.703018981394762e-05,9.683383911360347e-05,9.702212596911884e-05,9.722603942055324e-05,30,30,100,1000,20,C-D50 repeated-cross-fit B at native R=30
CS-15,mean_signed_shift,inoculation,B_factor,5.078802363889821e-07,4.910370030813172e-07,5.081663212099453e-07,5.262446875365623e-07,30,30,100,1000,20,C-D50 repeated-cross-fit B at native R=30
CS-15,mean_signed_shift,inoculation,q,0.0002250801804801,0.00021770061259866863,0.0002251481924647792,0.00023322159180929778,30,30,100,1000,20,C-D50 repeated-cross-fit B at native R=30
CS-15,mean_signed_shift,inoculation,rho,0.3105725446803746,0.30018174199594805,0.3108491357129396,0.32332597390345097,30,30,100,1000,20,C-D50 repeated-cross-fit B at native R=30
CS-15,mean_signed_shift,inoculation,tau,0.0430014225216315,0.04292317456455627,0.042998275711184086,0.04308013052304125,30,30,100,1000,20,C-D50 repeated-cross-fit B at native R=30
CS-15,mean_signed_shift,seeding_regime,B_total,9.703018981394762e-05,9.683383911360347e-05,9.702212596911884e-05,9.722603942055324e-05,30,30,100,1000,20,C-D50 repeated-cross-fit B at native R=30
CS-15,mean_signed_shift,seeding_regime,B_factor,2.7322116912989937e-05,2.721159236865453e-05,2.7318696738302535e-05,2.7427967876760506e-05,30,30,100,1000,20,C-D50 repeated-cross-fit B at native R=30
CS-15,mean_signed_shift,seeding_regime,q,0.0121084983530766,0.012059345066980911,0.012106378476050585,0.012152315306230652,30,30,100,1000,20,C-D50 repeated-cross-fit B at native R=30
CS-15,mean_signed_shift,seeding_regime,rho,0.0138565433131999,0.013801021244230285,0.013854792050561986,0.013908340985892595,30,30,100,1000,20,C-D50 repeated-cross-fit B at native R=30
CS-15,mean_signed_shift,seeding_regime,tau,0.0430014225216315,0.04292317456455627,0.042998275711184086,0.04308013052304125,30,30,100,1000,20,C-D50 repeated-cross-fit B at native R=30
CS-30,mean_signed_shift,topology,B_total,0.0001879704005069,0.00018767206178931612,0.00018796691221213043,0.00018828618451076148,30,30,100,1000,20,C-D50 repeated-cross-fit B at native R=30
CS-30,mean_signed_shift,topology,B_factor,2.201337318996277e-07,2.0633656524323172e-07,2.1826127945494725e-07,2.3049416947865806e-07,30,30,100,1000,20,C-D50 repeated-cross-fit B at native R=30
CS-30,mean_signed_shift,topology,q,9.755792124935892e-05,9.140300661166363e-05,9.674544752066294e-05,0.00010210905790293742,30,30,100,1000,20,C-D50 repeated-cross-fit B at native R=30
CS-30,mean_signed_shift,topology,rho,0.1858970596595523,0.17520648990169854,0.1842361873074647,0.1932624499471931,30,30,100,1000,20,C-D50 repeated-cross-fit B at native R=30
CS-30,mean_signed_shift,topology,tau,0.083303914268917,0.0831738326675812,0.08330091360587505,0.08341924146887447,30,30,100,1000,20,C-D50 repeated-cross-fit B at native R=30
CS-30,mean_signed_shift,message_condition,B_total,0.0001879704005069,0.00018767206178931612,0.00018796691221213043,0.00018828618451076148,30,30,100,1000,20,C-D50 repeated-cross-fit B at native R=30
CS-30,mean_signed_shift,message_condition,B_factor,7.284553773249438e-05,7.269631026904513e-05,7.284236900345688e-05,7.300653246518457e-05,30,30,100,1000,20,C-D50 repeated-cross-fit B at native R=30
CS-30,mean_signed_shift,message_condition,q,0.032283372348924,0.03222344787769257,0.03228221118392118,0.032343907905944054,30,30,100,1000,20,C-D50 repeated-cross-fit B at native R=30
CS-30,mean_signed_shift,message_condition,rho,0.2584664930026386,0.2579439912293763,0.25847134887961953,0.2589292227433321,30,30,100,1000,20,C-D50 repeated-cross-fit B at native R=30
CS-30,mean_signed_shift,message_condition,tau,0.083303914268917,0.0831738326675812,0.08330091360587505,0.08341924146887447,30,30,100,1000,20,C-D50 repeated-cross-fit B at native R=30
CS-30,mean_signed_shift,inoculation,B_total,0.0001879704005069,0.00018767206178931612,0.00018796691221213043,0.00018828618451076148,30,30,100,1000,20,C-D50 repeated-cross-fit B at native R=30
CS-30,mean_signed_shift,inoculation,B_factor,5.126839946228333e-07,4.937817020834817e-07,5.116722115733301e-07,5.299067071371082e-07,30,30,100,1000,20,C-D50 repeated-cross-fit B at native R=30
CS-30,mean_signed_shift,inoculation,q,0.0002272090894094,0.00021884969405516752,0.00022669796073456275,0.00023473925863801373,30,30,100,1000,20,C-D50 repeated-cross-fit B at native R=30
CS-30,mean_signed_shift,inoculation,rho,0.3135100785945193,0.30264726398188896,0.3126758730630357,0.32452293864205856,30,30,100,1000,20,C-D50 repeated-cross-fit B at native R=30
CS-30,mean_signed_shift,inoculation,tau,0.083303914268917,0.0831738326675812,0.08330091360587505,0.08341924146887447,30,30,100,1000,20,C-D50 repeated-cross-fit B at native R=30
CS-30,mean_signed_shift,seeding_regime,B_total,0.0001879704005069,0.00018767206178931612,0.00018796691221213043,0.00018828618451076148,30,30,100,1000,20,C-D50 repeated-cross-fit B at native R=30
CS-30,mean_signed_shift,seeding_regime,B_factor,0.0001143920450478,0.00011420164864359135,0.00011439228980628395,0.0001145912283950437,30,30,100,1000,20,C-D50 repeated-cross-fit B at native R=30
CS-30,mean_signed_shift,seeding_regime,q,0.0506957749093342,0.05060738846916987,0.050697713557240634,0.05078343100923938,30,30,100,1000,20,C-D50 repeated-cross-fit B at native R=30
CS-30,mean_signed_shift,seeding_regime,rho,0.0580144771336518,0.05791009395820654,0.05801576165538623,0.058116015488596656,30,30,100,1000,20,C-D50 repeated-cross-fit B at native R=30
CS-30,mean_signed_shift,seeding_regime,tau,0.083303914268917,0.0831738326675812,0.08330091360587505,0.08341924146887447,30,30,100,1000,20,C-D50 repeated-cross-fit B at native R=30
CS-45,mean_signed_shift,topology,B_total,0.0003394800996707,0.0003390418481011423,0.000339482268561483,0.00033993666573417866,30,30,100,1000,20,C-D50 repeated-cross-fit B at native R=30
CS-45,mean_signed_shift,topology,B_factor,2.726170811010724e-07,2.605399615267126e-07,2.7265870231772064e-07,2.865261427135687e-07,30,30,100,1000,20,C-D50 repeated-cross-fit B at native R=30
CS-45,mean_signed_shift,topology,q,0.0001208172663942,0.00011551929251787901,0.00012082663975217058,0.0001269677977266193,30,30,100,1000,20,C-D50 repeated-cross-fit B at native R=30
CS-45,mean_signed_shift,topology,rho,0.2302178469075631,0.22102791935974897,0.23021300054826666,0.23958574982012457,30,30,100,1000,20,C-D50 repeated-cross-fit B at native R=30
CS-45,mean_signed_shift,topology,tau,0.1504493316113363,0.1502424061314586,0.15044686269774693,0.15065253191537278,30,30,100,1000,20,C-D50 repeated-cross-fit B at native R=30
CS-45,mean_signed_shift,message_condition,B_total,0.0003394800996707,0.0003390418481011423,0.000339482268561483,0.00033993666573417866,30,30,100,1000,20,C-D50 repeated-cross-fit B at native R=30
CS-45,mean_signed_shift,message_condition,B_factor,7.974202457708318e-05,7.957854761397203e-05,7.974331197837273e-05,7.992849670389218e-05,30,30,100,1000,20,C-D50 repeated-cross-fit B at native R=30
CS-45,mean_signed_shift,message_condition,q,0.0353397277501416,0.03526577685928788,0.03533862798356772,0.03541628851458097,30,30,100,1000,20,C-D50 repeated-cross-fit B at native R=30
CS-45,mean_signed_shift,message_condition,rho,0.28293622476995,0.28225569808629825,0.2829364266086026,0.28364433600206496,30,30,100,1000,20,C-D50 repeated-cross-fit B at native R=30
CS-45,mean_signed_shift,message_condition,tau,0.1504493316113363,0.1502424061314586,0.15044686269774693,0.15065253191537278,30,30,100,1000,20,C-D50 repeated-cross-fit B at native R=30
CS-45,mean_signed_shift,inoculation,B_total,0.0003394800996707,0.0003390418481011423,0.000339482268561483,0.00033993666573417866,30,30,100,1000,20,C-D50 repeated-cross-fit B at native R=30
CS-45,mean_signed_shift,inoculation,B_factor,5.635210814113319e-07,5.421872910924178e-07,5.635237182441543e-07,5.850279260135138e-07,30,30,100,1000,20,C-D50 repeated-cross-fit B at native R=30
CS-45,mean_signed_shift,inoculation,q,0.0002497388510532,0.0002403084667604161,0.00024970943075886264,0.0002593040882345571,30,30,100,1000,20,C-D50 repeated-cross-fit B at native R=30
CS-45,mean_signed_shift,inoculation,rho,0.3445973355437121,0.3304953691492772,0.3445809410046252,0.3613589131252211,30,30,100,1000,20,C-D50 repeated-cross-fit B at native R=30
CS-45,mean_signed_shift,inoculation,tau,0.1504493316113363,0.1502424061314586,0.15044686269774693,0.15065253191537278,30,30,100,1000,20,C-D50 repeated-cross-fit B at native R=30
CS-45,mean_signed_shift,seeding_regime,B_total,0.0003394800996707,0.0003390418481011423,0.000339482268561483,0.00033993666573417866,30,30,100,1000,20,C-D50 repeated-cross-fit B at native R=30
CS-45,mean_signed_shift,seeding_regime,B_factor,0.0002589019369312,0.0002585711206992847,0.00025889933761603803,0.0002592479464681726,30,30,100,1000,20,C-D50 repeated-cross-fit B at native R=30
CS-45,mean_signed_shift,seeding_regime,q,0.114739047743747,0.11456739291781931,0.11473882885777784,0.11490242579483946,30,30,100,1000,20,C-D50 repeated-cross-fit B at native R=30
CS-45,mean_signed_shift,seeding_regime,rho,0.1313033654889646,0.13111604585790482,0.13130241332402126,0.13148787003313855,30,30,100,1000,20,C-D50 repeated-cross-fit B at native R=30
CS-45,mean_signed_shift,seeding_regime,tau,0.1504493316113363,0.1502424061314586,0.15044686269774693,0.15065253191537278,30,30,100,1000,20,C-D50 repeated-cross-fit B at native R=30
CS-45-R,mean_signed_shift,topology,B_total,0.0003876812109202,0.0003871038459545986,0.00038767160949762633,0.0003882553592966944,30,30,100,1000,20,C-D50 repeated-cross-fit B at native R=30
CS-45-R,mean_signed_shift,topology,B_factor,2.125742014279393e-07,2.0249487972774487e-07,2.1267489308764755e-07,2.2295164777388235e-07,30,30,100,1000,20,C-D50 repeated-cross-fit B at native R=30
CS-45-R,mean_signed_shift,topology,q,9.420772102300118e-05,8.973870249168181e-05,9.425896847419692e-05,9.877868866939647e-05,30,30,100,1000,20,C-D50 repeated-cross-fit B at native R=30
CS-45-R,mean_signed_shift,topology,rho,0.1795132379936641,0.17064214250499207,0.17925198029841927,0.18931244564462602,30,30,100,1000,20,C-D50 repeated-cross-fit B at native R=30
CS-45-R,mean_signed_shift,topology,tau,0.1718108929442019,0.17152235770116528,0.17180570911714488,0.1721063240493149,30,30,100,1000,20,C-D50 repeated-cross-fit B at native R=30
CS-45-R,mean_signed_shift,message_condition,B_total,0.0003876812109202,0.0003871038459545986,0.00038767160949762633,0.0003882553592966944,30,30,100,1000,20,C-D50 repeated-cross-fit B at native R=30
CS-45-R,mean_signed_shift,message_condition,B_factor,9.154705146743755e-05,9.13268428798607e-05,9.154541357742646e-05,9.175989168963649e-05,30,30,100,1000,20,C-D50 repeated-cross-fit B at native R=30
CS-45-R,mean_signed_shift,message_condition,q,0.0405714288337397,0.04047206463165836,0.04056842644399822,0.04066698404595536,30,30,100,1000,20,C-D50 repeated-cross-fit B at native R=30
CS-45-R,mean_signed_shift,message_condition,rho,0.324822165832757,0.32387733999362367,0.3247867022844084,0.3256978977808968,30,30,100,1000,20,C-D50 repeated-cross-fit B at native R=30
CS-45-R,mean_signed_shift,message_condition,tau,0.1718108929442019,0.17152235770116528,0.17180570911714488,0.1721063240493149,30,30,100,1000,20,C-D50 repeated-cross-fit B at native R=30
CS-45-R,mean_signed_shift,inoculation,B_total,0.0003876812109202,0.0003871038459545986,0.00038767160949762633,0.0003882553592966944,30,30,100,1000,20,C-D50 repeated-cross-fit B at native R=30
CS-45-R,mean_signed_shift,inoculation,B_factor,6.2758286604299e-07,6.050935194980384e-07,6.279178040511017e-07,6.532088813452863e-07,30,30,100,1000,20,C-D50 repeated-cross-fit B at native R=30
CS-45-R,mean_signed_shift,inoculation,q,0.0002781294774523,0.0002679340169197395,0.0002782743751612481,0.0002895328096892469,30,30,100,1000,20,C-D50 repeated-cross-fit B at native R=30
CS-45-R,mean_signed_shift,inoculation,rho,0.3837715936547957,0.3675670405458765,0.3841916007407722,0.40304694027024585,30,30,100,1000,20,C-D50 repeated-cross-fit B at native R=30
CS-45-R,mean_signed_shift,inoculation,tau,0.1718108929442019,0.17152235770116528,0.17180570911714488,0.1721063240493149,30,30,100,1000,20,C-D50 repeated-cross-fit B at native R=30
CS-45-R,mean_signed_shift,seeding_regime,B_total,0.0003876812109202,0.0003871038459545986,0.00038767160949762633,0.0003882553592966944,30,30,100,1000,20,C-D50 repeated-cross-fit B at native R=30
CS-45-R,mean_signed_shift,seeding_regime,B_factor,0.0002952940023853,0.00029489177263515375,0.0002952904143574394,0.0002956974565891275,30,30,100,1000,20,C-D50 repeated-cross-fit B at native R=30
CS-45-R,mean_signed_shift,seeding_regime,q,0.1308671269119868,0.13065089170449773,0.13086374300215525,0.13107693628657607,30,30,100,1000,20,C-D50 repeated-cross-fit B at native R=30
CS-45-R,mean_signed_shift,seeding_regime,rho,0.1497597769313174,0.14951646431969287,0.14975164422906734,0.14998722599257325,30,30,100,1000,20,C-D50 repeated-cross-fit B at native R=30
CS-45-R,mean_signed_shift,seeding_regime,tau,0.1718108929442019,0.17152235770116528,0.17180570911714488,0.1721063240493149,30,30,100,1000,20,C-D50 repeated-cross-fit B at native R=30
D-A95,mean_signed_shift,topology,B_total,0.0002425511041114,0.00024207059476488168,0.00024256493677886896,0.000243023519961454,30,30,100,1000,20,C-D50 repeated-cross-fit B at native R=30
D-A95,mean_signed_shift,topology,B_factor,7.268474637168573e-07,7.081245114947629e-07,7.294431648769227e-07,7.508966354936897e-07,30,30,100,1000,20,C-D50 repeated-cross-fit B at native R=30
D-A95,mean_signed_shift,topology,q,0.0003221211352466,0.0003139352499799288,0.00032335830919761016,0.00033270214540272934,30,30,100,1000,20,C-D50 repeated-cross-fit B at native R=30
D-A95,mean_signed_shift,topology,rho,0.61380327839795,0.5922942341905564,0.6152447124355187,0.6412014329057565,30,30,100,1000,20,C-D50 repeated-cross-fit B at native R=30
D-A95,mean_signed_shift,topology,tau,0.1074927559245839,0.10727855238411152,0.10749134079252935,0.10770246983486037,30,30,100,1000,20,C-D50 repeated-cross-fit B at native R=30
D-A95,mean_signed_shift,message_condition,B_total,0.0002425511041114,0.00024207059476488168,0.00024256493677886896,0.000243023519961454,30,30,100,1000,20,C-D50 repeated-cross-fit B at native R=30
D-A95,mean_signed_shift,message_condition,B_factor,0.0002388804538262,0.00023839653068361946,0.00023888752807768658,0.00023935445198544595,30,30,100,1000,20,C-D50 repeated-cross-fit B at native R=30
D-A95,mean_signed_shift,message_condition,q,0.1058660129062736,0.10564681124707982,0.10586321108582221,0.10607032880108794,30,30,100,1000,20,C-D50 repeated-cross-fit B at native R=30
D-A95,mean_signed_shift,message_condition,rho,0.84758236494982,0.8455252376687505,0.8475805065329072,0.8496049016777442,30,30,100,1000,20,C-D50 repeated-cross-fit B at native R=30
D-A95,mean_signed_shift,message_condition,tau,0.1074927559245839,0.10727855238411152,0.10749134079252935,0.10770246983486037,30,30,100,1000,20,C-D50 repeated-cross-fit B at native R=30
D-A95,mean_signed_shift,inoculation,B_total,0.0002425511041114,0.00024207059476488168,0.00024256493677886896,0.000243023519961454,30,30,100,1000,20,C-D50 repeated-cross-fit B at native R=30
D-A95,mean_signed_shift,inoculation,B_factor,1.5964852884533438e-06,1.5624492693935535e-06,1.5986540892389288e-06,1.636966679605416e-06,30,30,100,1000,20,C-D50 repeated-cross-fit B at native R=30
D-A95,mean_signed_shift,inoculation,q,0.0007075234890294,0.0006927133059497635,0.000708389167769096,0.0007254276327128415,30,30,100,1000,20,C-D50 repeated-cross-fit B at native R=30
D-A95,mean_signed_shift,inoculation,rho,0.9762626364535044,0.9473648007344759,0.9774602218475213,1.0128708498991212,30,30,100,1000,20,C-D50 repeated-cross-fit B at native R=30
D-A95,mean_signed_shift,inoculation,tau,0.1074927559245839,0.10727855238411152,0.10749134079252935,0.10770246983486037,30,30,100,1000,20,C-D50 repeated-cross-fit B at native R=30
D-A95,mean_signed_shift,seeding_regime,B_total,0.0002425511041114,0.00024207059476488168,0.00024256493677886896,0.000243023519961454,30,30,100,1000,20,C-D50 repeated-cross-fit B at native R=30
D-A95,mean_signed_shift,seeding_regime,B_factor,1.347317533079277e-06,1.3106331482967423e-06,1.3474740361062692e-06,1.3848597828965228e-06,30,30,100,1000,20,C-D50 repeated-cross-fit B at native R=30
D-A95,mean_signed_shift,seeding_regime,q,0.0005970983940342,0.0005807541069925179,0.0005971396000036665,0.0006136562941477742,30,30,100,1000,20,C-D50 repeated-cross-fit B at native R=30
D-A95,mean_signed_shift,seeding_regime,rho,0.0006832985823609,0.0006647126663387656,0.000683358886206321,0.0007022251994397723,30,30,100,1000,20,C-D50 repeated-cross-fit B at native R=30
D-A95,mean_signed_shift,seeding_regime,tau,0.1074927559245839,0.10727855238411152,0.10749134079252935,0.10770246983486037,30,30,100,1000,20,C-D50 repeated-cross-fit B at native R=30
E-S,mean_signed_shift,topology,B_total,0.0021033122045314,0.0021017290018059387,0.002103310369175949,0.0021047854887105756,30,30,100,1000,20,C-D50 repeated-cross-fit B at native R=30
E-S,mean_signed_shift,topology,B_factor,1.05970649921402e-06,1.016660276176114e-06,1.058831604111815e-06,1.1006078090971254e-06,30,30,100,1000,20,C-D50 repeated-cross-fit B at native R=30
E-S,mean_signed_shift,topology,q,0.0004696361720923,0.00045067497216010586,0.0004692626868880801,0.0004875188114985128,30,30,100,1000,20,C-D50 repeated-cross-fit B at native R=30
E-S,mean_signed_shift,topology,rho,0.8948938475082343,0.8686871138767998,0.8929484952229136,0.9176467974157486,30,30,100,1000,20,C-D50 repeated-cross-fit B at native R=30
E-S,mean_signed_shift,topology,tau,0.932136863541004,0.931241690215114,0.9321337709173849,0.9330679454593691,30,30,100,1000,20,C-D50 repeated-cross-fit B at native R=30
E-S,mean_signed_shift,message_condition,B_total,0.0021033122045314,0.0021017290018059387,0.002103310369175949,0.0021047854887105756,30,30,100,1000,20,C-D50 repeated-cross-fit B at native R=30
E-S,mean_signed_shift,message_condition,B_factor,6.064888842289606e-05,6.035303623868128e-05,6.06472411018003e-05,6.092515800307085e-05,30,30,100,1000,20,C-D50 repeated-cross-fit B at native R=30
E-S,mean_signed_shift,message_condition,q,0.0268781137246147,0.026748679963101662,0.026877291382437753,0.027004847783228557,30,30,100,1000,20,C-D50 repeated-cross-fit B at native R=30
E-S,mean_signed_shift,message_condition,rho,0.2151910190125726,0.21413067470747787,0.21517407450895557,0.21622786098983243,30,30,100,1000,20,C-D50 repeated-cross-fit B at native R=30
E-S,mean_signed_shift,message_condition,tau,0.932136863541004,0.931241690215114,0.9321337709173849,0.9330679454593691,30,30,100,1000,20,C-D50 repeated-cross-fit B at native R=30
E-S,mean_signed_shift,inoculation,B_total,0.0021033122045314,0.0021017290018059387,0.002103310369175949,0.0021047854887105756,30,30,100,1000,20,C-D50 repeated-cross-fit B at native R=30
E-S,mean_signed_shift,inoculation,B_factor,1.5983860011065338e-06,1.5482968869245072e-06,1.597256342248418e-06,1.644857578503349e-06,30,30,100,1000,20,C-D50 repeated-cross-fit B at native R=30
E-S,mean_signed_shift,inoculation,q,0.0007083658386944,0.0006859102726264289,0.0007077850872908285,0.000728853735119267,30,30,100,1000,20,C-D50 repeated-cross-fit B at native R=30
E-S,mean_signed_shift,inoculation,rho,0.9774249363878444,0.9549474347743557,0.9762094225890411,0.9977273373073416,30,30,100,1000,20,C-D50 repeated-cross-fit B at native R=30
E-S,mean_signed_shift,inoculation,tau,0.932136863541004,0.931241690215114,0.9321337709173849,0.9330679454593691,30,30,100,1000,20,C-D50 repeated-cross-fit B at native R=30
E-S,mean_signed_shift,seeding_regime,B_total,0.0021033122045314,0.0021017290018059387,0.002103310369175949,0.0021047854887105756,30,30,100,1000,20,C-D50 repeated-cross-fit B at native R=30
E-S,mean_signed_shift,seeding_regime,B_factor,0.0020400052236082,0.002038461733089843,0.002040022380307507,0.002041566514883368,30,30,100,1000,20,C-D50 repeated-cross-fit B at native R=30
E-S,mean_signed_shift,seeding_regime,q,0.9040807478056022,0.9031940312754456,0.9040730787848164,0.90500562946644,30,30,100,1000,20,C-D50 repeated-cross-fit B at native R=30
E-S,mean_signed_shift,seeding_regime,rho,1.0345984840816738,1.0337047322571313,1.03459362533484,1.0355701308797478,30,30,100,1000,20,C-D50 repeated-cross-fit B at native R=30
E-S,mean_signed_shift,seeding_regime,tau,0.932136863541004,0.931241690215114,0.9321337709173849,0.9330679454593691,30,30,100,1000,20,C-D50 repeated-cross-fit B at native R=30
E-SD,mean_signed_shift,topology,B_total,1.6282504450660416e-07,1.6073596229724942e-07,1.625489317206473e-07,1.6443448959317082e-07,60,30,100,1000,20,C-D50 repeated-cross-fit B at native R=30
E-SD,mean_signed_shift,topology,B_factor,1.171483330000778e-09,8.49030888831674e-10,1.100355672314092e-09,1.3363620798258784e-09,60,30,100,1000,20,C-D50 repeated-cross-fit B at native R=30
E-SD,mean_signed_shift,topology,q,5.191729475847128e-07,3.762060018862369e-07,4.877934817710113e-07,5.922273438311562e-07,60,30,100,1000,20,C-D50 repeated-cross-fit B at native R=30
E-SD,mean_signed_shift,topology,rho,0.0009892863969917,0.0007139756719414288,0.0009290841376856944,0.0011332283354036014,60,30,100,1000,20,C-D50 repeated-cross-fit B at native R=30
E-SD,mean_signed_shift,topology,tau,7.216010346220598e-05,7.123352177888755e-05,7.203499516068814e-05,7.285781425555403e-05,60,30,100,1000,20,C-D50 repeated-cross-fit B at native R=30
E-SD,mean_signed_shift,message_condition,B_total,1.6282504450660416e-07,1.6073596229724942e-07,1.625489317206473e-07,1.6443448959317082e-07,60,30,100,1000,20,C-D50 repeated-cross-fit B at native R=30
E-SD,mean_signed_shift,message_condition,B_factor,1.568150746171761e-07,1.5517090297408643e-07,1.5671354212860365e-07,1.5848533653690754e-07,60,30,100,1000,20,C-D50 repeated-cross-fit B at native R=30
E-SD,mean_signed_shift,message_condition,q,6.94966308352522e-05,6.877102022877132e-05,6.945801882935179e-05,7.023415948118384e-05,60,30,100,1000,20,C-D50 repeated-cross-fit B at native R=30
E-SD,mean_signed_shift,message_condition,rho,0.0005564025422543,0.000550504634200219,0.0005561003674406141,0.0005623072071629654,60,30,100,1000,20,C-D50 repeated-cross-fit B at native R=30
E-SD,mean_signed_shift,message_condition,tau,7.216010346220598e-05,7.123352177888755e-05,7.203499516068814e-05,7.285781425555403e-05,60,30,100,1000,20,C-D50 repeated-cross-fit B at native R=30
E-SD,mean_signed_shift,inoculation,B_total,1.6282504450660416e-07,1.6073596229724942e-07,1.625489317206473e-07,1.6443448959317082e-07,60,30,100,1000,20,C-D50 repeated-cross-fit B at native R=30
E-SD,mean_signed_shift,inoculation,B_factor,4.9352477795037635e-09,4.485689562724858e-09,4.854965185272521e-09,5.214578634513501e-09,60,30,100,1000,20,C-D50 repeated-cross-fit B at native R=30
E-SD,mean_signed_shift,inoculation,q,2.187181901038384e-06,1.9887297351626944e-06,2.1513062106051935e-06,2.312201875616661e-06,60,30,100,1000,20,C-D50 repeated-cross-fit B at native R=30
E-SD,mean_signed_shift,inoculation,rho,0.0030179407499817,0.0027318245623523807,0.0029682355797303237,0.003210195202518888,60,30,100,1000,20,C-D50 repeated-cross-fit B at native R=30
E-SD,mean_signed_shift,inoculation,tau,7.216010346220598e-05,7.123352177888755e-05,7.203499516068814e-05,7.285781425555403e-05,60,30,100,1000,20,C-D50 repeated-cross-fit B at native R=30
E-SD,mean_signed_shift,seeding_regime,B_total,1.6282504450660416e-07,1.6073596229724942e-07,1.625489317206473e-07,1.6443448959317082e-07,60,30,100,1000,20,C-D50 repeated-cross-fit B at native R=30
E-SD,mean_signed_shift,seeding_regime,B_factor,-9.676122007648892e-11,-3.0459026996084457e-10,-1.4934340319368528e-10,8.11315812932649e-12,60,30,100,1000,20,C-D50 repeated-cross-fit B at native R=30
E-SD,mean_signed_shift,seeding_regime,q,-4.2882221669317726e-08,-1.3503081532137624e-07,-6.617581625122451e-08,3.595900533073735e-09,60,30,100,1000,20,C-D50 repeated-cross-fit B at native R=30
E-SD,mean_signed_shift,seeding_regime,rho,-4.90729192506487e-08,-1.5451607854994913e-07,-7.572372672705611e-08,4.115324472055813e-09,60,30,100,1000,20,C-D50 repeated-cross-fit B at native R=30
E-SD,mean_signed_shift,seeding_regime,tau,7.216010346220598e-05,7.123352177888755e-05,7.203499516068814e-05,7.285781425555403e-05,60,30,100,1000,20,C-D50 repeated-cross-fit B at native R=30
J-S06-D05,mean_signed_shift,topology,B_total,2.5204719816006808e-08,2.4840316594746144e-08,2.515900041764127e-08,2.5517503873677988e-08,60,30,100,1000,20,C-D50 repeated-cross-fit B at native R=30
J-S06-D05,mean_signed_shift,topology,B_factor,2.7480185444115684e-10,2.2752279618551318e-10,2.7005621569997883e-10,3.14739993446309e-10,60,30,100,1000,20,C-D50 repeated-cross-fit B at native R=30
J-S06-D05,mean_signed_shift,topology,q,1.2178550485380432e-07,1.0085777401935066e-07,1.1969603800572776e-07,1.3952933613681422e-07,60,30,100,1000,20,C-D50 repeated-cross-fit B at native R=30
J-S06-D05,mean_signed_shift,topology,rho,0.0002320628296661,0.0001914399512073602,0.0002275269663410371,0.0002693405418311183,60,30,100,1000,20,C-D50 repeated-cross-fit B at native R=30
J-S06-D05,mean_signed_shift,topology,tau,1.1170119407430564e-05,1.1007705588829261e-05,1.1150055588809716e-05,1.1308618963419599e-05,60,30,100,1000,20,C-D50 repeated-cross-fit B at native R=30
J-S06-D05,mean_signed_shift,message_condition,B_total,2.5204719816006808e-08,2.4840316594746144e-08,2.515900041764127e-08,2.5517503873677988e-08,60,30,100,1000,20,C-D50 repeated-cross-fit B at native R=30
J-S06-D05,mean_signed_shift,message_condition,B_factor,2.4143028573412184e-08,2.382450678673631e-08,2.4129730621668905e-08,2.445631559660963e-08,60,30,100,1000,20,C-D50 repeated-cross-fit B at native R=30
J-S06-D05,mean_signed_shift,message_condition,q,1.0699603645296448e-05,1.0561089291901062e-05,1.0693694731890859e-05,1.0838577166832972e-05,60,30,100,1000,20,C-D50 repeated-cross-fit B at native R=30
J-S06-D05,mean_signed_shift,message_condition,rho,8.566295369728296e-05,8.45572939029654e-05,8.561468349633651e-05,8.678171125793803e-05,60,30,100,1000,20,C-D50 repeated-cross-fit B at native R=30
J-S06-D05,mean_signed_shift,message_condition,tau,1.1170119407430564e-05,1.1007705588829261e-05,1.1150055588809716e-05,1.1308618963419599e-05,60,30,100,1000,20,C-D50 repeated-cross-fit B at native R=30
J-S06-D05,mean_signed_shift,inoculation,B_total,2.5204719816006808e-08,2.4840316594746144e-08,2.515900041764127e-08,2.5517503873677988e-08,60,30,100,1000,20,C-D50 repeated-cross-fit B at native R=30
J-S06-D05,mean_signed_shift,inoculation,B_factor,8.031735820872457e-10,7.362281696279424e-10,7.920072612099947e-10,8.505955460777997e-10,60,30,100,1000,20,C-D50 repeated-cross-fit B at native R=30
J-S06-D05,mean_signed_shift,inoculation,q,3.559470163643991e-07,3.263033766901701e-07,3.5092362393147497e-07,3.7688042830725145e-07,60,30,100,1000,20,C-D50 repeated-cross-fit B at native R=30
J-S06-D05,mean_signed_shift,inoculation,rho,0.0004911466234292,0.0004488710057131756,0.0004845836212689316,0.0005203578150949892,60,30,100,1000,20,C-D50 repeated-cross-fit B at native R=30
J-S06-D05,mean_signed_shift,inoculation,tau,1.1170119407430564e-05,1.1007705588829261e-05,1.1150055588809716e-05,1.1308618963419599e-05,60,30,100,1000,20,C-D50 repeated-cross-fit B at native R=30
J-S06-D05,mean_signed_shift,seeding_regime,B_total,2.5204719816006808e-08,2.4840316594746144e-08,2.515900041764127e-08,2.5517503873677988e-08,60,30,100,1000,20,C-D50 repeated-cross-fit B at native R=30
J-S06-D05,mean_signed_shift,seeding_regime,B_factor,-1.6284193933779628e-11,-5.6756570538594956e-11,-2.912353359895139e-11,-1.7261986329700414e-12,60,30,100,1000,20,C-D50 repeated-cross-fit B at native R=30
J-S06-D05,mean_signed_shift,seeding_regime,q,-7.216759084088592e-09,-2.5141595039183057e-08,-1.2908948807355962e-08,-7.653879303932983e-10,60,30,100,1000,20,C-D50 repeated-cross-fit B at native R=30
J-S06-D05,mean_signed_shift,seeding_regime,rho,-8.258607460122756e-09,-2.8774679379693393e-08,-1.4774677083665813e-08,-8.756631998859488e-10,60,30,100,1000,20,C-D50 repeated-cross-fit B at native R=30
J-S06-D05,mean_signed_shift,seeding_regime,tau,1.1170119407430564e-05,1.1007705588829261e-05,1.1150055588809716e-05,1.1308618963419599e-05,60,30,100,1000,20,C-D50 repeated-cross-fit B at native R=30
J-S06-D50,mean_signed_shift,topology,B_total,2.39504988310174e-06,2.3824002683687613e-06,2.3954314168389307e-06,2.408941113749484e-06,30,30,100,1000,20,C-D50 repeated-cross-fit B at native R=30
J-S06-D50,mean_signed_shift,topology,B_factor,3.729425894971904e-08,3.57592784131335e-08,3.7434731316068274e-08,3.9160252929645595e-08,30,30,100,1000,20,C-D50 repeated-cross-fit B at native R=30
J-S06-D50,mean_signed_shift,topology,q,1.6527909404310797e-05,1.5847431158530895e-05,1.6591913971550797e-05,1.735164875089895e-05,30,30,100,1000,20,C-D50 repeated-cross-fit B at native R=30
J-S06-D50,mean_signed_shift,topology,rho,0.0314940060349126,0.029516207357137992,0.03161021349071721,0.03361315038332856,30,30,100,1000,20,C-D50 repeated-cross-fit B at native R=30
J-S06-D50,mean_signed_shift,topology,tau,0.0010614279141484,0.0010551655227044555,0.0010616071836647189,0.001068149361559873,30,30,100,1000,20,C-D50 repeated-cross-fit B at native R=30
J-S06-D50,mean_signed_shift,message_condition,B_total,2.39504988310174e-06,2.3824002683687613e-06,2.3954314168389307e-06,2.408941113749484e-06,30,30,100,1000,20,C-D50 repeated-cross-fit B at native R=30
J-S06-D50,mean_signed_shift,message_condition,B_factor,2.283037514506131e-06,2.2716594854206286e-06,2.2831563964369362e-06,2.2953002886277277e-06,30,30,100,1000,20,C-D50 repeated-cross-fit B at native R=30
J-S06-D50,mean_signed_shift,message_condition,q,0.0010117867540222,0.0010064099443828408,0.0010118449365369262,0.0010177714372073216,30,30,100,1000,20,C-D50 repeated-cross-fit B at native R=30
J-S06-D50,mean_signed_shift,message_condition,rho,0.0081005469674038,0.008049776972007087,0.008102145442697783,0.008150122544927025,30,30,100,1000,20,C-D50 repeated-cross-fit B at native R=30
J-S06-D50,mean_signed_shift,message_condition,tau,0.0010614279141484,0.0010551655227044555,0.0010616071836647189,0.001068149361559873,30,30,100,1000,20,C-D50 repeated-cross-fit B at native R=30
J-S06-D50,mean_signed_shift,inoculation,B_total,2.39504988310174e-06,2.3824002683687613e-06,2.3954314168389307e-06,2.408941113749484e-06,30,30,100,1000,20,C-D50 repeated-cross-fit B at native R=30
J-S06-D50,mean_signed_shift,inoculation,B_factor,7.34722529151222e-08,7.100182797554912e-08,7.359881811858146e-08,7.618788607907339e-08,30,30,100,1000,20,C-D50 repeated-cross-fit B at native R=30
J-S06-D50,mean_signed_shift,inoculation,q,3.256111729016935e-05,3.1454243351741726e-05,3.260652968439699e-05,3.377175661017089e-05,30,30,100,1000,20,C-D50 repeated-cross-fit B at native R=30
J-S06-D50,mean_signed_shift,inoculation,rho,0.044928829508091,0.04316521910876902,0.045021711895589234,0.04698105866866523,30,30,100,1000,20,C-D50 repeated-cross-fit B at native R=30
J-S06-D50,mean_signed_shift,inoculation,tau,0.0010614279141484,0.0010551655227044555,0.0010616071836647189,0.001068149361559873,30,30,100,1000,20,C-D50 repeated-cross-fit B at native R=30
J-S06-D50,mean_signed_shift,seeding_regime,B_total,2.39504988310174e-06,2.3824002683687613e-06,2.3954314168389307e-06,2.408941113749484e-06,30,30,100,1000,20,C-D50 repeated-cross-fit B at native R=30
J-S06-D50,mean_signed_shift,seeding_regime,B_factor,1.2458567307677715e-09,6.831625508358398e-10,1.2603152304394729e-09,1.8639563066575453e-09,30,30,100,1000,20,C-D50 repeated-cross-fit B at native R=30
J-S06-D50,mean_signed_shift,seeding_regime,q,5.52133431707072e-07,3.0265036348770746e-07,5.583356741667592e-07,8.255424076190924e-07,30,30,100,1000,20,C-D50 repeated-cross-fit B at native R=30
J-S06-D50,mean_signed_shift,seeding_regime,rho,6.318422473229988e-07,3.463756785920988e-07,6.390259290441411e-07,9.449327792052507e-07,30,30,100,1000,20,C-D50 repeated-cross-fit B at native R=30
J-S06-D50,mean_signed_shift,seeding_regime,tau,0.0010614279141484,0.0010551655227044555,0.0010616071836647189,0.001068149361559873,30,30,100,1000,20,C-D50 repeated-cross-fit B at native R=30
J-S06-D95,mean_signed_shift,topology,B_total,8.45013080738316e-06,8.421937757048557e-06,8.44859080925694e-06,8.47785143508518e-06,30,30,100,1000,20,C-D50 repeated-cross-fit B at native R=30
J-S06-D95,mean_signed_shift,topology,B_factor,1.1876126956109237e-07,1.1479998815498976e-07,1.186688467969412e-07,1.2313428462813713e-07,30,30,100,1000,20,C-D50 repeated-cross-fit B at native R=30
J-S06-D95,mean_signed_shift,topology,q,5.263210905177285e-05,5.0904484781045655e-05,5.259356302257553e-05,5.455109141395516e-05,30,30,100,1000,20,C-D50 repeated-cross-fit B at native R=30
J-S06-D95,mean_signed_shift,topology,rho,0.1002907215642397,0.09544990115516205,0.10026434936285594,0.10574753322340105,30,30,100,1000,20,C-D50 repeated-cross-fit B at native R=30
J-S06-D95,mean_signed_shift,topology,tau,0.0037448926556578,0.0037314317994011394,0.0037441235035354428,0.0037571023177224165,30,30,100,1000,20,C-D50 repeated-cross-fit B at native R=30
J-S06-D95,mean_signed_shift,message_condition,B_total,8.45013080738316e-06,8.421937757048557e-06,8.44859080925694e-06,8.47785143508518e-06,30,30,100,1000,20,C-D50 repeated-cross-fit B at native R=30
J-S06-D95,mean_signed_shift,message_condition,B_factor,8.054277284085845e-06,8.026464815791436e-06,8.05384747821173e-06,8.08217859637547e-06,30,30,100,1000,20,C-D50 repeated-cross-fit B at native R=30
J-S06-D95,mean_signed_shift,message_condition,q,0.0035694599924359,0.0035562452632169833,0.003569225629042303,0.003582433824696471,30,30,100,1000,20,C-D50 repeated-cross-fit B at native R=30
J-S06-D95,mean_signed_shift,message_condition,rho,0.0285777395306379,0.028464617933286356,0.028571903127061447,0.02870291135044457,30,30,100,1000,20,C-D50 repeated-cross-fit B at native R=30
J-S06-D95,mean_signed_shift,message_condition,tau,0.0037448926556578,0.0037314317994011394,0.0037441235035354428,0.0037571023177224165,30,30,100,1000,20,C-D50 repeated-cross-fit B at native R=30
J-S06-D95,mean_signed_shift,inoculation,B_total,8.45013080738316e-06,8.421937757048557e-06,8.44859080925694e-06,8.47785143508518e-06,30,30,100,1000,20,C-D50 repeated-cross-fit B at native R=30
J-S06-D95,mean_signed_shift,inoculation,B_factor,2.4716323313193494e-07,2.414258096612796e-07,2.46714426390424e-07,2.5199929745176325e-07,30,30,100,1000,20,C-D50 repeated-cross-fit B at native R=30
J-S06-D95,mean_signed_shift,inoculation,q,0.0001095367394426,0.00010696374256987936,0.00010933294958911218,0.00011171576211493423,30,30,100,1000,20,C-D50 repeated-cross-fit B at native R=30
J-S06-D95,mean_signed_shift,inoculation,rho,0.1511421566844001,0.1463401583638949,0.15086797820609876,0.15585691305884414,30,30,100,1000,20,C-D50 repeated-cross-fit B at native R=30
J-S06-D95,mean_signed_shift,inoculation,tau,0.0037448926556578,0.0037314317994011394,0.0037441235035354428,0.0037571023177224165,30,30,100,1000,20,C-D50 repeated-cross-fit B at native R=30
J-S06-D95,mean_signed_shift,seeding_regime,B_total,8.45013080738316e-06,8.421937757048557e-06,8.44859080925694e-06,8.47785143508518e-06,30,30,100,1000,20,C-D50 repeated-cross-fit B at native R=30
J-S06-D95,mean_signed_shift,seeding_regime,B_factor,2.9929020604284616e-08,2.7260862009386148e-08,2.9710060565028334e-08,3.2467558344802113e-08,30,30,100,1000,20,C-D50 repeated-cross-fit B at native R=30
J-S06-D95,mean_signed_shift,seeding_regime,q,1.326381472747011e-05,1.2082411064955985e-05,1.3168430745618708e-05,1.4386507189885191e-05,30,30,100,1000,20,C-D50 repeated-cross-fit B at native R=30
J-S06-D95,mean_signed_shift,seeding_regime,rho,1.517864708820395e-05,1.3829474302888044e-05,1.5067648498338862e-05,1.64599789215976e-05,30,30,100,1000,20,C-D50 repeated-cross-fit B at native R=30
J-S06-D95,mean_signed_shift,seeding_regime,tau,0.0037448926556578,0.0037314317994011394,0.0037441235035354428,0.0037571023177224165,30,30,100,1000,20,C-D50 repeated-cross-fit B at native R=30
J-S14-D50,mean_signed_shift,topology,B_total,1.5189421976650255e-05,1.5114267747310798e-05,1.5188922238611017e-05,1.5262699114575954e-05,30,30,100,1000,20,C-D50 repeated-cross-fit B at native R=30
J-S14-D50,mean_signed_shift,topology,B_factor,2.0079224781728037e-07,1.9280870294541839e-07,2.0044637127168644e-07,2.0781170843634858e-07,30,30,100,1000,20,C-D50 repeated-cross-fit B at native R=30
J-S14-D50,mean_signed_shift,topology,q,8.89862454563381e-05,8.548959415810926e-05,8.881250029416568e-05,9.214093976066476e-05,30,30,100,1000,20,C-D50 repeated-cross-fit B at native R=30
J-S14-D50,mean_signed_shift,topology,rho,0.1695636927133187,0.16010163830800153,0.16913097508299463,0.1781015115157942,30,30,100,1000,20,C-D50 repeated-cross-fit B at native R=30
J-S14-D50,mean_signed_shift,topology,tau,0.0067315827530557,0.006696421623879995,0.00673150172186646,0.006765179446220113,30,30,100,1000,20,C-D50 repeated-cross-fit B at native R=30
J-S14-D50,mean_signed_shift,message_condition,B_total,1.5189421976650255e-05,1.5114267747310798e-05,1.5188922238611017e-05,1.5262699114575954e-05,30,30,100,1000,20,C-D50 repeated-cross-fit B at native R=30
J-S14-D50,mean_signed_shift,message_condition,B_factor,1.4444539692662016e-05,1.4374268146279803e-05,1.4443879966688699e-05,1.4512891969607725e-05,30,30,100,1000,20,C-D50 repeated-cross-fit B at native R=30
J-S14-D50,mean_signed_shift,message_condition,q,0.0064014690236682,0.006369988875673705,0.006401512095692554,0.006433152801735859,30,30,100,1000,20,C-D50 repeated-cross-fit B at native R=30
J-S14-D50,mean_signed_shift,message_condition,rho,0.0512513138568593,0.05097520458354946,0.05124839500295434,0.051529741148687455,30,30,100,1000,20,C-D50 repeated-cross-fit B at native R=30
J-S14-D50,mean_signed_shift,message_condition,tau,0.0067315827530557,0.006696421623879995,0.00673150172186646,0.006765179446220113,30,30,100,1000,20,C-D50 repeated-cross-fit B at native R=30
J-S14-D50,mean_signed_shift,inoculation,B_total,1.5189421976650255e-05,1.5114267747310798e-05,1.5188922238611017e-05,1.5262699114575954e-05,30,30,100,1000,20,C-D50 repeated-cross-fit B at native R=30
J-S14-D50,mean_signed_shift,inoculation,B_factor,4.639138693980661e-07,4.481581996742119e-07,4.638554994022358e-07,4.802118179512639e-07,30,30,100,1000,20,C-D50 repeated-cross-fit B at native R=30
J-S14-D50,mean_signed_shift,inoculation,q,0.0002055953549084,0.00019853300565770326,0.0002056153381854313,0.00021280321833003123,30,30,100,1000,20,C-D50 repeated-cross-fit B at native R=30
J-S14-D50,mean_signed_shift,inoculation,rho,0.2836867840258451,0.27237665138881695,0.283813885237825,0.2967189075480442,30,30,100,1000,20,C-D50 repeated-cross-fit B at native R=30
J-S14-D50,mean_signed_shift,inoculation,tau,0.0067315827530557,0.006696421623879995,0.00673150172186646,0.006765179446220113,30,30,100,1000,20,C-D50 repeated-cross-fit B at native R=30
J-S14-D50,mean_signed_shift,seeding_regime,B_total,1.5189421976650255e-05,1.5114267747310798e-05,1.5188922238611017e-05,1.5262699114575954e-05,30,30,100,1000,20,C-D50 repeated-cross-fit B at native R=30
J-S14-D50,mean_signed_shift,seeding_regime,B_factor,8.017616677289441e-08,7.39007259402237e-08,8.039297565593187e-08,8.691392063293676e-08,30,30,100,1000,20,C-D50 repeated-cross-fit B at native R=30
J-S14-D50,mean_signed_shift,seeding_regime,q,3.553212902269763e-05,3.275059844570863e-05,3.56271227839089e-05,3.851080712807913e-05,30,30,100,1000,20,C-D50 repeated-cross-fit B at native R=30
J-S14-D50,mean_signed_shift,seeding_regime,rho,4.066172951067193e-05,3.7477575133108294e-05,4.0770054569167006e-05,4.407686016810124e-05,30,30,100,1000,20,C-D50 repeated-cross-fit B at native R=30
J-S14-D50,mean_signed_shift,seeding_regime,tau,0.0067315827530557,0.006696421623879995,0.00673150172186646,0.006765179446220113,30,30,100,1000,20,C-D50 repeated-cross-fit B at native R=30
J-S14-D95,mean_signed_shift,topology,B_total,5.316758033451101e-05,5.3017246257993974e-05,5.3166644099901384e-05,5.332498031258672e-05,30,30,100,1000,20,C-D50 repeated-cross-fit B at native R=30
J-S14-D95,mean_signed_shift,topology,B_factor,7.37253946742781e-07,7.19637676928193e-07,7.380941277724104e-07,7.597974496077601e-07,30,30,100,1000,20,C-D50 repeated-cross-fit B at native R=30
J-S14-D95,mean_signed_shift,topology,q,0.0003267330356708,0.00031904126046822327,0.00032709643826814793,0.0003366041124540948,30,30,100,1000,20,C-D50 repeated-cross-fit B at native R=30
J-S14-D95,mean_signed_shift,topology,rho,0.6225912754905462,0.5945153924495026,0.622477277678062,0.6556043270799528,30,30,100,1000,20,C-D50 repeated-cross-fit B at native R=30
J-S14-D95,mean_signed_shift,topology,tau,0.0235625797579183,0.023487820171845832,0.023563018793002797,0.023635827255207815,30,30,100,1000,20,C-D50 repeated-cross-fit B at native R=30
J-S14-D95,mean_signed_shift,message_condition,B_total,5.316758033451101e-05,5.3017246257993974e-05,5.3166644099901384e-05,5.332498031258672e-05,30,30,100,1000,20,C-D50 repeated-cross-fit B at native R=30
J-S14-D95,mean_signed_shift,message_condition,B_factor,4.980234401737784e-05,4.964751400413069e-05,4.9801581572648465e-05,4.995805550418669e-05,30,30,100,1000,20,C-D50 repeated-cross-fit B at native R=30
J-S14-D95,mean_signed_shift,message_condition,q,0.0220711887894407,0.021996064387064168,0.022070980298319692,0.022143276406974256,30,30,100,1000,20,C-D50 repeated-cross-fit B at native R=30
J-S14-D95,mean_signed_shift,message_condition,rho,0.1767059122928355,0.1759396158666293,0.17671124008529793,0.17744056273592373,30,30,100,1000,20,C-D50 repeated-cross-fit B at native R=30
J-S14-D95,mean_signed_shift,message_condition,tau,0.0235625797579183,0.023487820171845832,0.023563018793002797,0.023635827255207815,30,30,100,1000,20,C-D50 repeated-cross-fit B at native R=30
J-S14-D95,mean_signed_shift,inoculation,B_total,5.316758033451101e-05,5.3017246257993974e-05,5.3166644099901384e-05,5.332498031258672e-05,30,30,100,1000,20,C-D50 repeated-cross-fit B at native R=30
J-S14-D95,mean_signed_shift,inoculation,B_factor,1.5957905387433036e-06,1.561512705931404e-06,1.5983574450533194e-06,1.6329318253174516e-06,30,30,100,1000,20,C-D50 repeated-cross-fit B at native R=30
J-S14-D95,mean_signed_shift,inoculation,q,0.0007072155928387,0.0006917993056192252,0.000708356120969397,0.0007239975178412114,30,30,100,1000,20,C-D50 repeated-cross-fit B at native R=30
J-S14-D95,mean_signed_shift,inoculation,rho,0.975837791834826,0.9470247860169714,0.9773422094391845,1.0085613536645637,30,30,100,1000,20,C-D50 repeated-cross-fit B at native R=30
J-S14-D95,mean_signed_shift,inoculation,tau,0.0235625797579183,0.023487820171845832,0.023563018793002797,0.023635827255207815,30,30,100,1000,20,C-D50 repeated-cross-fit B at native R=30
J-S14-D95,mean_signed_shift,seeding_regime,B_total,5.316758033451101e-05,5.3017246257993974e-05,5.3166644099901384e-05,5.332498031258672e-05,30,30,100,1000,20,C-D50 repeated-cross-fit B at native R=30
J-S14-D95,mean_signed_shift,seeding_regime,B_factor,1.0321918316470914e-06,1.006411386878821e-06,1.0308688457132468e-06,1.0566134444678748e-06,30,30,100,1000,20,C-D50 repeated-cross-fit B at native R=30
J-S14-D95,mean_signed_shift,seeding_regime,q,0.000457442339968,0.0004459201009242065,0.0004568930096804304,0.00046827529552286067,30,30,100,1000,20,C-D50 repeated-cross-fit B at native R=30
J-S14-D95,mean_signed_shift,seeding_regime,rho,0.0005234810636488,0.000510423038984244,0.00052284966336173,0.0005358363041247329,30,30,100,1000,20,C-D50 repeated-cross-fit B at native R=30
J-S14-D95,mean_signed_shift,seeding_regime,tau,0.0235625797579183,0.023487820171845832,0.023563018793002797,0.023635827255207815,30,30,100,1000,20,C-D50 repeated-cross-fit B at native R=30
J-S18-D05,mean_signed_shift,topology,B_total,2.76813754859092e-07,2.732554629063933e-07,2.762433883283312e-07,2.7966059416590907e-07,60,30,100,1000,20,C-D50 repeated-cross-fit B at native R=30
J-S18-D05,mean_signed_shift,topology,B_factor,1.7954354699623755e-09,1.2286918832005788e-09,1.6471021504823986e-09,2.0433593385955646e-09,60,30,100,1000,20,C-D50 repeated-cross-fit B at native R=30
J-S18-D05,mean_signed_shift,topology,q,7.956933754557921e-07,5.446084132945719e-07,7.300231115355693e-07,9.057622350509343e-07,60,30,100,1000,20,C-D50 repeated-cross-fit B at native R=30
J-S18-D05,mean_signed_shift,topology,rho,0.0015161973214839,0.0010399585053895233,0.0013908614302838658,0.0017372113378661838,60,30,100,1000,20,C-D50 repeated-cross-fit B at native R=30
J-S18-D05,mean_signed_shift,topology,tau,0.0001226771302346,0.00012110120985700191,0.00012244585857345056,0.00012397258218346197,60,30,100,1000,20,C-D50 repeated-cross-fit B at native R=30
J-S18-D05,mean_signed_shift,message_condition,B_total,2.76813754859092e-07,2.732554629063933e-07,2.762433883283312e-07,2.7966059416590907e-07,60,30,100,1000,20,C-D50 repeated-cross-fit B at native R=30
J-S18-D05,mean_signed_shift,message_condition,B_factor,2.6631973595199426e-07,2.633792339371011e-07,2.6622693201697693e-07,2.6929417725324327e-07,60,30,100,1000,20,C-D50 repeated-cross-fit B at native R=30
J-S18-D05,mean_signed_shift,message_condition,q,0.0001180264360348,0.00011673581852999713,0.00011798830854589364,0.00011934190518521198,60,30,100,1000,20,C-D50 repeated-cross-fit B at native R=30
J-S18-D05,mean_signed_shift,message_condition,rho,0.0009449409025118,0.0009341720387025246,0.0009444960699735968,0.000955621162918615,60,30,100,1000,20,C-D50 repeated-cross-fit B at native R=30
J-S18-D05,mean_signed_shift,message_condition,tau,0.0001226771302346,0.00012110120985700191,0.00012244585857345056,0.00012397258218346197,60,30,100,1000,20,C-D50 repeated-cross-fit B at native R=30
J-S18-D05,mean_signed_shift,inoculation,B_total,2.76813754859092e-07,2.732554629063933e-07,2.762433883283312e-07,2.7966059416590907e-07,60,30,100,1000,20,C-D50 repeated-cross-fit B at native R=30
J-S18-D05,mean_signed_shift,inoculation,B_factor,8.819465158142226e-09,8.03723336880411e-09,8.662305091618766e-09,9.283150931488125e-09,60,30,100,1000,20,C-D50 repeated-cross-fit B at native R=30
J-S18-D05,mean_signed_shift,inoculation,q,3.908572665963871e-06,3.563717516934489e-06,3.8390133248311795e-06,4.112479961059273e-06,60,30,100,1000,20,C-D50 repeated-cross-fit B at native R=30
J-S18-D05,mean_signed_shift,inoculation,rho,0.0053931685870648,0.004880846582026036,0.005294595518320325,0.005704989523476743,60,30,100,1000,20,C-D50 repeated-cross-fit B at native R=30
J-S18-D05,mean_signed_shift,inoculation,tau,0.0001226771302346,0.00012110120985700191,0.00012244585857345056,0.00012397258218346197,60,30,100,1000,20,C-D50 repeated-cross-fit B at native R=30
J-S18-D05,mean_signed_shift,seeding_regime,B_total,2.76813754859092e-07,2.732554629063933e-07,2.762433883283312e-07,2.7966059416590907e-07,60,30,100,1000,20,C-D50 repeated-cross-fit B at native R=30
J-S18-D05,mean_signed_shift,seeding_regime,B_factor,-1.2088172100692888e-10,-4.701508204789829e-10,-1.9950148937180782e-10,6.930463272179825e-11,60,30,100,1000,20,C-D50 repeated-cross-fit B at native R=30
J-S18-D05,mean_signed_shift,seeding_regime,q,-5.3571841610617294e-08,-2.0818910246661694e-07,-8.842524214834718e-08,3.070260814530827e-08,60,30,100,1000,20,C-D50 repeated-cross-fit B at native R=30
J-S18-D05,mean_signed_shift,seeding_regime,rho,-6.1305747583208e-08,-2.3824560208303132e-07,-1.0118376921577523e-07,3.5139347017457974e-08,60,30,100,1000,20,C-D50 repeated-cross-fit B at native R=30
J-S18-D05,mean_signed_shift,seeding_regime,tau,0.0001226771302346,0.00012110120985700191,0.00012244585857345056,0.00012397258218346197,60,30,100,1000,20,C-D50 repeated-cross-fit B at native R=30
J-S18-D50,mean_signed_shift,topology,B_total,2.5657288325397095e-05,2.5531732841226153e-05,2.5655833063515277e-05,2.5781049671372263e-05,30,30,100,1000,20,C-D50 repeated-cross-fit B at native R=30
J-S18-D50,mean_signed_shift,topology,B_factor,3.509671039888183e-07,3.3650653223310326e-07,3.5141505841098835e-07,3.6469898979972755e-07,30,30,100,1000,20,C-D50 repeated-cross-fit B at native R=30
J-S18-D50,mean_signed_shift,topology,q,0.000155540092818,0.00014919012096486852,0.00015574849416504353,0.00016157520902587144,30,30,100,1000,20,C-D50 repeated-cross-fit B at native R=30
J-S18-D50,mean_signed_shift,topology,rho,0.2963823495187835,0.2800728647771595,0.2962817074361951,0.31330803480719127,30,30,100,1000,20,C-D50 repeated-cross-fit B at native R=30
J-S18-D50,mean_signed_shift,topology,tau,0.0113706867744489,0.011312897153158466,0.011370676957341397,0.01142857506262652,30,30,100,1000,20,C-D50 repeated-cross-fit B at native R=30
J-S18-D50,mean_signed_shift,message_condition,B_total,2.5657288325397095e-05,2.5531732841226153e-05,2.5655833063515277e-05,2.5781049671372263e-05,30,30,100,1000,20,C-D50 repeated-cross-fit B at native R=30
J-S18-D50,mean_signed_shift,message_condition,B_factor,2.4199539433851903e-05,2.4085025805020668e-05,2.4195846283733996e-05,2.4315420818604833e-05,30,30,100,1000,20,C-D50 repeated-cross-fit B at native R=30
J-S18-D50,mean_signed_shift,message_condition,q,0.0107246478855632,0.010672062765118985,0.010723859656504315,0.010776905370772161,30,30,100,1000,20,C-D50 repeated-cross-fit B at native R=30
J-S18-D50,mean_signed_shift,message_condition,rho,0.0858634623951259,0.0853905319336405,0.08585480397912978,0.08633022344727807,30,30,100,1000,20,C-D50 repeated-cross-fit B at native R=30
J-S18-D50,mean_signed_shift,message_condition,tau,0.0113706867744489,0.011312897153158466,0.011370676957341397,0.01142857506262652,30,30,100,1000,20,C-D50 repeated-cross-fit B at native R=30
J-S18-D50,mean_signed_shift,inoculation,B_total,2.5657288325397095e-05,2.5531732841226153e-05,2.5655833063515277e-05,2.5781049671372263e-05,30,30,100,1000,20,C-D50 repeated-cross-fit B at native R=30
J-S18-D50,mean_signed_shift,inoculation,B_factor,8.448982321093936e-07,8.201493307474046e-07,8.446718190677102e-07,8.70161633674877e-07,30,30,100,1000,20,C-D50 repeated-cross-fit B at native R=30
J-S18-D50,mean_signed_shift,inoculation,q,0.0003744383674439,0.000363338691640156,0.00037427760356196756,0.0003856435278949122,30,30,100,1000,20,C-D50 repeated-cross-fit B at native R=30
J-S18-D50,mean_signed_shift,inoculation,rho,0.5166615574723644,0.49715157257398757,0.51645348733856,0.5374499801977485,30,30,100,1000,20,C-D50 repeated-cross-fit B at native R=30
J-S18-D50,mean_signed_shift,inoculation,tau,0.0113706867744489,0.011312897153158466,0.011370676957341397,0.01142857506262652,30,30,100,1000,20,C-D50 repeated-cross-fit B at native R=30
J-S18-D50,mean_signed_shift,seeding_regime,B_total,2.5657288325397095e-05,2.5531732841226153e-05,2.5655833063515277e-05,2.5781049671372263e-05,30,30,100,1000,20,C-D50 repeated-cross-fit B at native R=30
J-S18-D50,mean_signed_shift,seeding_regime,B_factor,2.6188355544698457e-07,2.471239225434229e-07,2.6249070304017633e-07,2.7737482037922434e-07,30,30,100,1000,20,C-D50 repeated-cross-fit B at native R=30
J-S18-D50,mean_signed_shift,seeding_regime,q,0.0001160604286236,0.00010945361082276925,0.0001162976134707965,0.00012296141254236533,30,30,100,1000,20,C-D50 repeated-cross-fit B at native R=30
J-S18-D50,mean_signed_shift,seeding_regime,rho,0.0001328155076937,0.00012530174881997011,0.0001330990685501716,0.0001407133857021182,30,30,100,1000,20,C-D50 repeated-cross-fit B at native R=30
J-S18-D50,mean_signed_shift,seeding_regime,tau,0.0113706867744489,0.011312897153158466,0.011370676957341397,0.01142857506262652,30,30,100,1000,20,C-D50 repeated-cross-fit B at native R=30
J-S18-D95,mean_signed_shift,topology,B_total,8.969951320944102e-05,8.941041082581037e-05,8.970386245585666e-05,8.997450024914418e-05,30,30,100,1000,20,C-D50 repeated-cross-fit B at native R=30
J-S18-D95,mean_signed_shift,topology,B_factor,1.1770809247871396e-06,1.1451583974287279e-06,1.1792071394829107e-06,1.212126110715723e-06,30,30,100,1000,20,C-D50 repeated-cross-fit B at native R=30
J-S18-D95,mean_signed_shift,topology,q,0.0005216536655857,0.0005076154505876814,0.0005226681219237636,0.0005368277273428716,30,30,100,1000,20,C-D50 repeated-cross-fit B at native R=30
J-S18-D95,mean_signed_shift,topology,rho,0.9940134163493276,0.9538525448330974,0.9945888716157684,1.0371812511087932,30,30,100,1000,20,C-D50 repeated-cross-fit B at native R=30
J-S18-D95,mean_signed_shift,topology,tau,0.0397526447686015,0.039608183555958444,0.039753934917880325,0.0398816659051875,30,30,100,1000,20,C-D50 repeated-cross-fit B at native R=30
J-S18-D95,mean_signed_shift,message_condition,B_total,8.969951320944102e-05,8.941041082581037e-05,8.970386245585666e-05,8.997450024914418e-05,30,30,100,1000,20,C-D50 repeated-cross-fit B at native R=30
J-S18-D95,mean_signed_shift,message_condition,B_factor,8.299867881680812e-05,8.271475074159847e-05,8.299496931227962e-05,8.32612857242136e-05,30,30,100,1000,20,C-D50 repeated-cross-fit B at native R=30
J-S18-D95,mean_signed_shift,message_condition,q,0.0367829977801993,0.03664820624926892,0.03678276620846518,0.03691066101349366,30,30,100,1000,20,C-D50 repeated-cross-fit B at native R=30
J-S18-D95,mean_signed_shift,message_condition,rho,0.2944913045519804,0.29324695191679073,0.29448247493008095,0.29576006182821174,30,30,100,1000,20,C-D50 repeated-cross-fit B at native R=30
J-S18-D95,mean_signed_shift,message_condition,tau,0.0397526447686015,0.039608183555958444,0.039753934917880325,0.0398816659051875,30,30,100,1000,20,C-D50 repeated-cross-fit B at native R=30
J-S18-D95,mean_signed_shift,inoculation,B_total,8.969951320944102e-05,8.941041082581037e-05,8.970386245585666e-05,8.997450024914418e-05,30,30,100,1000,20,C-D50 repeated-cross-fit B at native R=30
J-S18-D95,mean_signed_shift,inoculation,B_factor,2.651451166745324e-06,2.609662815187176e-06,2.6547391495077715e-06,2.6975997310067206e-06,30,30,100,1000,20,C-D50 repeated-cross-fit B at native R=30
J-S18-D95,mean_signed_shift,inoculation,q,0.001175058733115,0.0011563536838224957,0.001176400750268027,0.0011953897475675806,30,30,100,1000,20,C-D50 repeated-cross-fit B at native R=30
J-S18-D95,mean_signed_shift,inoculation,rho,1.621382123090048,1.5745860215797618,1.6223733744645923,1.6785780795498324,30,30,100,1000,20,C-D50 repeated-cross-fit B at native R=30
J-S18-D95,mean_signed_shift,inoculation,tau,0.0397526447686015,0.039608183555958444,0.039753934917880325,0.0398816659051875,30,30,100,1000,20,C-D50 repeated-cross-fit B at native R=30
J-S18-D95,mean_signed_shift,seeding_regime,B_total,8.969951320944102e-05,8.941041082581037e-05,8.970386245585666e-05,8.997450024914418e-05,30,30,100,1000,20,C-D50 repeated-cross-fit B at native R=30
J-S18-D95,mean_signed_shift,seeding_regime,B_factor,2.8723023011004198e-06,2.8177421939569264e-06,2.870672158021658e-06,2.92966174315069e-06,30,30,100,1000,20,C-D50 repeated-cross-fit B at native R=30
J-S18-D95,mean_signed_shift,seeding_regime,q,0.0012729345897014,0.0012484485641819803,0.0012720067804583158,0.0012984588284965987,30,30,100,1000,20,C-D50 repeated-cross-fit B at native R=30
J-S18-D95,mean_signed_shift,seeding_regime,rho,0.0014567019594619,0.00142880548488924,0.0014555860252427797,0.0014859674116834657,30,30,100,1000,20,C-D50 repeated-cross-fit B at native R=30
J-S18-D95,mean_signed_shift,seeding_regime,tau,0.0397526447686015,0.039608183555958444,0.039753934917880325,0.0398816659051875,30,30,100,1000,20,C-D50 repeated-cross-fit B at native R=30
NC-NoOp,mean_signed_shift,topology,B_total,0.0022564413948198,0.002254375835848662,0.002256454155440666,0.0022586040834512776,30,30,100,1000,20,C-D50 repeated-cross-fit B at native R=30
NC-NoOp,mean_signed_shift,topology,B_factor,1.184170057895352e-06,1.1381554295775028e-06,1.1855438011907737e-06,1.232984279201277e-06,30,30,100,1000,20,C-D50 repeated-cross-fit B at native R=30
NC-NoOp,mean_signed_shift,topology,q,0.0005247953971301,0.0005043000508583686,0.0005253288372510182,0.0005462028947245896,30,30,100,1000,20,C-D50 repeated-cross-fit B at native R=30
NC-NoOp,mean_signed_shift,topology,rho,1.0,1.0,1.0,1.0,30,30,100,1000,20,C-D50 repeated-cross-fit B at native R=30
NC-NoOp,mean_signed_shift,topology,tau,1.0,1.0,1.0,1.0,30,30,100,1000,20,C-D50 repeated-cross-fit B at native R=30
NC-NoOp,mean_signed_shift,message_condition,B_total,0.0022564413948198,0.002254375835848662,0.002256454155440666,0.0022586040834512776,30,30,100,1000,20,C-D50 repeated-cross-fit B at native R=30
NC-NoOp,mean_signed_shift,message_condition,B_factor,0.0002818374516798,0.000281203257429748,0.00028183268488607855,0.0002824496074296573,30,30,100,1000,20,C-D50 repeated-cross-fit B at native R=30
NC-NoOp,mean_signed_shift,message_condition,q,0.1249035106016408,0.12468241165128656,0.1248998844221374,0.12511708806895433,30,30,100,1000,20,C-D50 repeated-cross-fit B at native R=30
NC-NoOp,mean_signed_shift,message_condition,rho,1.0,1.0,1.0,1.0,30,30,100,1000,20,C-D50 repeated-cross-fit B at native R=30
NC-NoOp,mean_signed_shift,message_condition,tau,1.0,1.0,1.0,1.0,30,30,100,1000,20,C-D50 repeated-cross-fit B at native R=30
NC-NoOp,mean_signed_shift,inoculation,B_total,0.0022564413948198,0.002254375835848662,0.002256454155440666,0.0022586040834512776,30,30,100,1000,20,C-D50 repeated-cross-fit B at native R=30
NC-NoOp,mean_signed_shift,inoculation,B_factor,1.6353030719816736e-06,1.5880966410003986e-06,1.635344861989057e-06,1.6806252779916642e-06,30,30,100,1000,20,C-D50 repeated-cross-fit B at native R=30
NC-NoOp,mean_signed_shift,inoculation,q,0.0007247265875089,0.0007036922125770409,0.0007246480670997297,0.0007451752829733034,30,30,100,1000,20,C-D50 repeated-cross-fit B at native R=30
NC-NoOp,mean_signed_shift,inoculation,rho,1.0,1.0,1.0,1.0,30,30,100,1000,20,C-D50 repeated-cross-fit B at native R=30
NC-NoOp,mean_signed_shift,inoculation,tau,1.0,1.0,1.0,1.0,30,30,100,1000,20,C-D50 repeated-cross-fit B at native R=30
NC-NoOp,mean_signed_shift,seeding_regime,B_total,0.0022564413948198,0.002254375835848662,0.002256454155440666,0.0022586040834512776,30,30,100,1000,20,C-D50 repeated-cross-fit B at native R=30
NC-NoOp,mean_signed_shift,seeding_regime,B_factor,0.0019717844700101,0.0019699697033403723,0.0019718138132846516,0.0019735479480867614,30,30,100,1000,20,C-D50 repeated-cross-fit B at native R=30
NC-NoOp,mean_signed_shift,seeding_regime,q,0.8738469674137198,0.8736381254271497,0.8738495845738217,0.8740572194982676,30,30,100,1000,20,C-D50 repeated-cross-fit B at native R=30
NC-NoOp,mean_signed_shift,seeding_regime,rho,1.0,1.0,1.0,1.0,30,30,100,1000,20,C-D50 repeated-cross-fit B at native R=30
NC-NoOp,mean_signed_shift,seeding_regime,tau,1.0,1.0,1.0,1.0,30,30,100,1000,20,C-D50 repeated-cross-fit B at native R=30
PC-M01,mean_signed_shift,topology,B_total,3.44225834854442e-05,3.433825372824898e-05,3.442049121692758e-05,3.450845256377832e-05,30,30,100,1000,20,C-D50 repeated-cross-fit B at native R=30
PC-M01,mean_signed_shift,topology,B_factor,1.0293767063582124e-07,9.814312786693485e-08,1.0255956215387046e-07,1.0700301969289896e-07,30,30,100,1000,20,C-D50 repeated-cross-fit B at native R=30
PC-M01,mean_signed_shift,topology,q,4.56194744840869e-05,4.349896964325455e-05,4.5452404547101084e-05,4.7404135300640024e-05,30,30,100,1000,20,C-D50 repeated-cross-fit B at native R=30
PC-M01,mean_signed_shift,topology,rho,0.0869281147158663,0.08201637200840806,0.08637762210544363,0.09167660602638263,30,30,100,1000,20,C-D50 repeated-cross-fit B at native R=30
PC-M01,mean_signed_shift,topology,tau,0.0152552526134597,0.015219814536013683,0.015253847589810441,0.015289686045602156,30,30,100,1000,20,C-D50 repeated-cross-fit B at native R=30
PC-M01,mean_signed_shift,message_condition,B_total,3.44225834854442e-05,3.433825372824898e-05,3.442049121692758e-05,3.450845256377832e-05,30,30,100,1000,20,C-D50 repeated-cross-fit B at native R=30
PC-M01,mean_signed_shift,message_condition,B_factor,3.10829323018737e-05,3.1012155348917494e-05,3.108145564710304e-05,3.1151811256608806e-05,30,30,100,1000,20,C-D50 repeated-cross-fit B at native R=30
PC-M01,mean_signed_shift,message_condition,q,0.013775200354519,0.01374648411478183,0.013774771605657654,0.013803702581778933,30,30,100,1000,20,C-D50 repeated-cross-fit B at native R=30
PC-M01,mean_signed_shift,message_condition,rho,0.1102867348416872,0.11006668941166377,0.11028056712422736,0.11052250477231418,30,30,100,1000,20,C-D50 repeated-cross-fit B at native R=30
PC-M01,mean_signed_shift,message_condition,tau,0.0152552526134597,0.015219814536013683,0.015253847589810441,0.015289686045602156,30,30,100,1000,20,C-D50 repeated-cross-fit B at native R=30
PC-M01,mean_signed_shift,inoculation,B_total,3.44225834854442e-05,3.433825372824898e-05,3.442049121692758e-05,3.450845256377832e-05,30,30,100,1000,20,C-D50 repeated-cross-fit B at native R=30
PC-M01,mean_signed_shift,inoculation,B_factor,2.4520677352214854e-07,2.365885162070772e-07,2.4484616473384217e-07,2.530523248598133e-07,30,30,100,1000,20,C-D50 repeated-cross-fit B at native R=30
PC-M01,mean_signed_shift,inoculation,q,0.0001086696840809,0.0001048160397968153,0.00010851114714081095,0.00011223793384112582,30,30,100,1000,20,C-D50 repeated-cross-fit B at native R=30
PC-M01,mean_signed_shift,inoculation,rho,0.1499457670711796,0.14365752567609955,0.14980452244830275,0.15592285555096574,30,30,100,1000,20,C-D50 repeated-cross-fit B at native R=30
PC-M01,mean_signed_shift,inoculation,tau,0.0152552526134597,0.015219814536013683,0.015253847589810441,0.015289686045602156,30,30,100,1000,20,C-D50 repeated-cross-fit B at native R=30
PC-M01,mean_signed_shift,seeding_regime,B_total,3.44225834854442e-05,3.433825372824898e-05,3.442049121692758e-05,3.450845256377832e-05,30,30,100,1000,20,C-D50 repeated-cross-fit B at native R=30
PC-M01,mean_signed_shift,seeding_regime,B_factor,2.991506739412533e-06,2.9601153927459834e-06,2.9911724311431277e-06,3.0228305332576596e-06,30,30,100,1000,20,C-D50 repeated-cross-fit B at native R=30
PC-M01,mean_signed_shift,seeding_regime,q,0.0013257631003757,0.0013122600147226031,0.0013254555429018091,0.0013388432417696218,30,30,100,1000,20,C-D50 repeated-cross-fit B at native R=30
PC-M01,mean_signed_shift,seeding_regime,rho,0.0015171570650402,0.001501599775039354,0.0015168734975612333,0.0015324690313456967,30,30,100,1000,20,C-D50 repeated-cross-fit B at native R=30
PC-M01,mean_signed_shift,seeding_regime,tau,0.0152552526134597,0.015219814536013683,0.015253847589810441,0.015289686045602156,30,30,100,1000,20,C-D50 repeated-cross-fit B at native R=30
PC-M05,mean_signed_shift,topology,B_total,1.107378830128037e-05,1.1047314253270412e-05,1.1074437483412777e-05,1.1101252931713884e-05,30,30,100,1000,20,C-D50 repeated-cross-fit B at native R=30
PC-M05,mean_signed_shift,topology,B_factor,1.033212879132206e-08,9.73494279338221e-09,1.045809271902675e-08,1.125632208274545e-08,30,30,100,1000,20,C-D50 repeated-cross-fit B at native R=30
PC-M05,mean_signed_shift,topology,q,4.5789484340438615e-06,4.315451099777614e-06,4.63512595191005e-06,4.990684566624226e-06,30,30,100,1000,20,C-D50 repeated-cross-fit B at native R=30
PC-M05,mean_signed_shift,topology,rho,0.0087252069265165,0.008157554420624385,0.008824288644606815,0.009531211798557282,30,30,100,1000,20,C-D50 repeated-cross-fit B at native R=30
PC-M05,mean_signed_shift,topology,tau,0.004907633908287,0.004897122216577251,0.0049079054535769665,0.004918187034344612,30,30,100,1000,20,C-D50 repeated-cross-fit B at native R=30
PC-M05,mean_signed_shift,message_condition,B_total,1.107378830128037e-05,1.1047314253270412e-05,1.1074437483412777e-05,1.1101252931713884e-05,30,30,100,1000,20,C-D50 repeated-cross-fit B at native R=30
PC-M05,mean_signed_shift,message_condition,B_factor,2.5885168150369543e-06,2.5801439168223052e-06,2.5883656731754645e-06,2.5970621046680323e-06,30,30,100,1000,20,C-D50 repeated-cross-fit B at native R=30
PC-M05,mean_signed_shift,message_condition,q,0.0011471677575936,0.0011437357208470748,0.0011471669743459473,0.001150633892786333,30,30,100,1000,20,C-D50 repeated-cross-fit B at native R=30
PC-M05,mean_signed_shift,message_condition,rho,0.0091844316630326,0.00915505499495094,0.009184359443924556,0.009215139429418687,30,30,100,1000,20,C-D50 repeated-cross-fit B at native R=30
PC-M05,mean_signed_shift,message_condition,tau,0.004907633908287,0.004897122216577251,0.0049079054535769665,0.004918187034344612,30,30,100,1000,20,C-D50 repeated-cross-fit B at native R=30
PC-M05,mean_signed_shift,inoculation,B_total,1.107378830128037e-05,1.1047314253270412e-05,1.1074437483412777e-05,1.1101252931713884e-05,30,30,100,1000,20,C-D50 repeated-cross-fit B at native R=30
PC-M05,mean_signed_shift,inoculation,B_factor,2.2537502872039927e-08,2.112170961537193e-08,2.2563705337080948e-08,2.4100482002143366e-08,30,30,100,1000,20,C-D50 repeated-cross-fit B at native R=30
PC-M05,mean_signed_shift,inoculation,q,9.988073664922e-06,9.353354690044859e-06,1.0001781001316587e-05,1.067842072447149e-05,30,30,100,1000,20,C-D50 repeated-cross-fit B at native R=30
PC-M05,mean_signed_shift,inoculation,rho,0.0137818507518173,0.012970152340096266,0.013802841692636389,0.014695517987496824,30,30,100,1000,20,C-D50 repeated-cross-fit B at native R=30
PC-M05,mean_signed_shift,inoculation,tau,0.004907633908287,0.004897122216577251,0.0049079054535769665,0.004918187034344612,30,30,100,1000,20,C-D50 repeated-cross-fit B at native R=30
PC-M05,mean_signed_shift,seeding_regime,B_total,1.107378830128037e-05,1.1047314253270412e-05,1.1074437483412777e-05,1.1101252931713884e-05,30,30,100,1000,20,C-D50 repeated-cross-fit B at native R=30
PC-M05,mean_signed_shift,seeding_regime,B_factor,8.452401854580053e-06,8.432573087800446e-06,8.452861324389492e-06,8.473742495338752e-06,30,30,100,1000,20,C-D50 repeated-cross-fit B at native R=30
PC-M05,mean_signed_shift,seeding_regime,q,0.0037458991285944,0.0037378761475057565,0.0037460370235012606,0.003753820701766642,30,30,100,1000,20,C-D50 repeated-cross-fit B at native R=30
PC-M05,mean_signed_shift,seeding_regime,rho,0.004286676349843,0.004277264220279443,0.004286870105668013,0.00429601506724614,30,30,100,1000,20,C-D50 repeated-cross-fit B at native R=30
PC-M05,mean_signed_shift,seeding_regime,tau,0.004907633908287,0.004897122216577251,0.0049079054535769665,0.004918187034344612,30,30,100,1000,20,C-D50 repeated-cross-fit B at native R=30
S-A06,mean_signed_shift,topology,B_total,0.0003584268625625,0.00035810554996558067,0.0003584165571564221,0.0003587570654430901,30,30,100,1000,20,C-D50 repeated-cross-fit B at native R=30
S-A06,mean_signed_shift,topology,B_factor,1.759683447803668e-07,1.683927529959526e-07,1.7584113930654664e-07,1.833308805450677e-07,30,30,100,1000,20,C-D50 repeated-cross-fit B at native R=30
S-A06,mean_signed_shift,topology,q,7.798489479245544e-05,7.464584669934285e-05,7.791368110096505e-05,8.12467576501547e-05,30,30,100,1000,20,C-D50 repeated-cross-fit B at native R=30
S-A06,mean_signed_shift,topology,rho,0.1486005693245771,0.14314501812126987,0.14833026472994745,0.15333226262302047,30,30,100,1000,20,C-D50 repeated-cross-fit B at native R=30
S-A06,mean_signed_shift,topology,tau,0.1588460765634656,0.15871441605591113,0.15884540847628426,0.15897405251197053,30,30,100,1000,20,C-D50 repeated-cross-fit B at native R=30
S-A06,mean_signed_shift,message_condition,B_total,0.0003584268625625,0.00035810554996558067,0.0003584165571564221,0.0003587570654430901,30,30,100,1000,20,C-D50 repeated-cross-fit B at native R=30
S-A06,mean_signed_shift,message_condition,B_factor,1.183176434367247e-05,1.1776838141243816e-05,1.1833789312703902e-05,1.1887151496332758e-05,30,30,100,1000,20,C-D50 repeated-cross-fit B at native R=30
S-A06,mean_signed_shift,message_condition,q,0.0052435504732517,0.0052187703051508666,0.005244090000761295,0.0052673278326186195,30,30,100,1000,20,C-D50 repeated-cross-fit B at native R=30
S-A06,mean_signed_shift,message_condition,rho,0.0419808094103552,0.04180133570604166,0.04198468925489589,0.04216776378136731,30,30,100,1000,20,C-D50 repeated-cross-fit B at native R=30
S-A06,mean_signed_shift,message_condition,tau,0.1588460765634656,0.15871441605591113,0.15884540847628426,0.15897405251197053,30,30,100,1000,20,C-D50 repeated-cross-fit B at native R=30
S-A06,mean_signed_shift,inoculation,B_total,0.0003584268625625,0.00035810554996558067,0.0003584165571564221,0.0003587570654430901,30,30,100,1000,20,C-D50 repeated-cross-fit B at native R=30
S-A06,mean_signed_shift,inoculation,B_factor,3.569546978480332e-07,3.468692723718595e-07,3.5690313953343634e-07,3.678021618257776e-07,30,30,100,1000,20,C-D50 repeated-cross-fit B at native R=30
S-A06,mean_signed_shift,inoculation,q,0.0001581936489321,0.00015375471527407912,0.0001582022961027784,0.00016295204695758892,30,30,100,1000,20,C-D50 repeated-cross-fit B at native R=30
S-A06,mean_signed_shift,inoculation,rho,0.2182804545309589,0.2131875806995084,0.21834888253681678,0.22394713864662466,30,30,100,1000,20,C-D50 repeated-cross-fit B at native R=30
S-A06,mean_signed_shift,inoculation,tau,0.1588460765634656,0.15871441605591113,0.15884540847628426,0.15897405251197053,30,30,100,1000,20,C-D50 repeated-cross-fit B at native R=30
S-A06,mean_signed_shift,seeding_regime,B_total,0.0003584268625625,0.00035810554996558067,0.0003584165571564221,0.0003587570654430901,30,30,100,1000,20,C-D50 repeated-cross-fit B at native R=30
S-A06,mean_signed_shift,seeding_regime,B_factor,0.0003460621751762,0.00034574818705173564,0.00034605173331171734,0.0003463777265977514,30,30,100,1000,20,C-D50 repeated-cross-fit B at native R=30
S-A06,mean_signed_shift,seeding_regime,q,0.1533663475464892,0.1532378338325383,0.15336404020974753,0.15349361393943797,30,30,100,1000,20,C-D50 repeated-cross-fit B at native R=30
S-A06,mean_signed_shift,seeding_regime,rho,0.1755071005171533,0.17537342678861953,0.17550620703255243,0.17563861918183316,30,30,100,1000,20,C-D50 repeated-cross-fit B at native R=30
S-A06,mean_signed_shift,seeding_regime,tau,0.1588460765634656,0.15871441605591113,0.15884540847628426,0.15897405251197053,30,30,100,1000,20,C-D50 repeated-cross-fit B at native R=30
S-A18,mean_signed_shift,topology,B_total,0.0033390491982648,0.003336462168054553,0.003339072693192804,0.003341942637371584,30,30,100,1000,20,C-D50 repeated-cross-fit B at native R=30
S-A18,mean_signed_shift,topology,B_factor,1.8001273611936664e-06,1.7429064231458544e-06,1.8001720812876312e-06,1.8623984697329861e-06,30,30,100,1000,20,C-D50 repeated-cross-fit B at native R=30
S-A18,mean_signed_shift,topology,q,0.0007977727076476,0.0007725677799245374,0.000797557663642684,0.000825403134266146,30,30,100,1000,20,C-D50 repeated-cross-fit B at native R=30
S-A18,mean_signed_shift,topology,rho,1.5201594983688975,1.478505418468324,1.5198251102858427,1.564278841240429,30,30,100,1000,20,C-D50 repeated-cross-fit B at native R=30
S-A18,mean_signed_shift,topology,tau,1.4797854736800875,1.4786713713529165,1.4798162972673432,1.4808606558084703,30,30,100,1000,20,C-D50 repeated-cross-fit B at native R=30
S-A18,mean_signed_shift,message_condition,B_total,0.0033390491982648,0.003336462168054553,0.003339072693192804,0.003341942637371584,30,30,100,1000,20,C-D50 repeated-cross-fit B at native R=30
S-A18,mean_signed_shift,message_condition,B_factor,9.20861899824324e-05,9.163717607841463e-05,9.209326362995723e-05,9.254691656269276e-05,30,30,100,1000,20,C-D50 repeated-cross-fit B at native R=30
S-A18,mean_signed_shift,message_condition,q,0.0408103619237958,0.04060276727022108,0.0408120075060604,0.0410243858154654,30,30,100,1000,20,C-D50 repeated-cross-fit B at native R=30
S-A18,mean_signed_shift,message_condition,rho,0.3267351071816848,0.32520162467840913,0.3267342375079004,0.32838763658167713,30,30,100,1000,20,C-D50 repeated-cross-fit B at native R=30
S-A18,mean_signed_shift,message_condition,tau,1.4797854736800875,1.4786713713529165,1.4798162972673432,1.4808606558084703,30,30,100,1000,20,C-D50 repeated-cross-fit B at native R=30
S-A18,mean_signed_shift,inoculation,B_total,0.0033390491982648,0.003336462168054553,0.003339072693192804,0.003341942637371584,30,30,100,1000,20,C-D50 repeated-cross-fit B at native R=30
S-A18,mean_signed_shift,inoculation,B_factor,2.54593073456635e-06,2.4748230117563595e-06,2.546175364526095e-06,2.6161324027303735e-06,30,30,100,1000,20,C-D50 repeated-cross-fit B at native R=30
S-A18,mean_signed_shift,inoculation,q,0.00112829464147,0.0010969412186161284,0.0011282840339229907,0.0011589226881880913,30,30,100,1000,20,C-D50 repeated-cross-fit B at native R=30
S-A18,mean_signed_shift,inoculation,rho,1.5568555934290336,1.532492561466473,1.5577311385712747,1.5814034278280962,30,30,100,1000,20,C-D50 repeated-cross-fit B at native R=30
S-A18,mean_signed_shift,inoculation,tau,1.4797854736800875,1.4786713713529165,1.4798162972673432,1.4808606558084703,30,30,100,1000,20,C-D50 repeated-cross-fit B at native R=30
S-A18,mean_signed_shift,seeding_regime,B_total,0.0033390491982648,0.003336462168054553,0.003339072693192804,0.003341942637371584,30,30,100,1000,20,C-D50 repeated-cross-fit B at native R=30
S-A18,mean_signed_shift,seeding_regime,B_factor,0.0032426169501866,0.003240042688176788,0.0032426498796910407,0.0032453716011534095,30,30,100,1000,20,C-D50 repeated-cross-fit B at native R=30
S-A18,mean_signed_shift,seeding_regime,q,1.4370490444071735,1.436043049377614,1.4370797941537674,1.43800111523805,30,30,100,1000,20,C-D50 repeated-cross-fit B at native R=30
S-A18,mean_signed_shift,seeding_regime,rho,1.6445088190445227,1.6435416479842686,1.6445261988632551,1.6454835269865224,30,30,100,1000,20,C-D50 repeated-cross-fit B at native R=30
S-A18,mean_signed_shift,seeding_regime,tau,1.4797854736800875,1.4786713713529165,1.4798162972673432,1.4808606558084703,30,30,100,1000,20,C-D50 repeated-cross-fit B at native R=30
C-D1,conversion_rate,topology,B_total,9.08658343778812e-07,8.680120861228243e-07,9.039306136220692e-07,9.365618482935343e-07,30,30,100,1000,20,C-D50 repeated-cross-fit B at native R=30
C-D1,conversion_rate,topology,B_factor,-3.640758110757573e-09,-1.3080192058197037e-08,-5.2359685638632e-09,2.4944038751334234e-09,30,30,100,1000,20,C-D50 repeated-cross-fit B at native R=30
C-D1,conversion_rate,topology,q,-8.879864349860863e-07,-3.1870303654835534e-06,-1.2769817575971807e-06,6.088068606781345e-07,30,30,100,1000,20,C-D50 repeated-cross-fit B at native R=30
C-D1,conversion_rate,topology,rho,-0.0012767495038647,-0.00447328134629694,-0.001806440888789489,0.0008780575870670837,30,30,100,1000,20,C-D50 repeated-cross-fit B at native R=30
C-D1,conversion_rate,topology,tau,0.0002216231506642,0.00021192751040946834,0.00022048192845878774,0.0002283306196758995,30,30,100,1000,20,C-D50 repeated-cross-fit B at native R=30
C-D1,conversion_rate,message_condition,B_total,9.08658343778812e-07,8.680120861228243e-07,9.039306136220692e-07,9.365618482935343e-07,30,30,100,1000,20,C-D50 repeated-cross-fit B at native R=30
C-D1,conversion_rate,message_condition,B_factor,9.221671942173078e-07,8.93795662692252e-07,9.224337125694329e-07,9.49335003990873e-07,30,30,100,1000,20,C-D50 repeated-cross-fit B at native R=30
C-D1,conversion_rate,message_condition,q,0.0002249179798115,0.00021827258952893238,0.00022493653327539386,0.00023135977002600928,30,30,100,1000,20,C-D50 repeated-cross-fit B at native R=30
C-D1,conversion_rate,message_condition,rho,0.0013123181898639,0.00127366498178691,0.0013121679915085358,0.0013499932563568815,30,30,100,1000,20,C-D50 repeated-cross-fit B at native R=30
C-D1,conversion_rate,message_condition,tau,0.0002216231506642,0.00021192751040946834,0.00022048192845878774,0.0002283306196758995,30,30,100,1000,20,C-D50 repeated-cross-fit B at native R=30
C-D1,conversion_rate,inoculation,B_total,9.08658343778812e-07,8.680120861228243e-07,9.039306136220692e-07,9.365618482935343e-07,30,30,100,1000,20,C-D50 repeated-cross-fit B at native R=30
C-D1,conversion_rate,inoculation,B_factor,-6.326366439173737e-09,-1.453567718998408e-08,-7.479881535122054e-09,-1.211106839806341e-09,30,30,100,1000,20,C-D50 repeated-cross-fit B at native R=30
C-D1,conversion_rate,inoculation,q,-1.5430103868033583e-06,-3.5391017648614174e-06,-1.823691200839692e-06,-2.955654832021441e-07,30,30,100,1000,20,C-D50 repeated-cross-fit B at native R=30
C-D1,conversion_rate,inoculation,rho,-0.0019821607606236,-0.004684940810940187,-0.002370972878772323,-0.00038514580221185476,30,30,100,1000,20,C-D50 repeated-cross-fit B at native R=30
C-D1,conversion_rate,inoculation,tau,0.0002216231506642,0.00021192751040946834,0.00022048192845878774,0.0002283306196758995,30,30,100,1000,20,C-D50 repeated-cross-fit B at native R=30
C-D1,conversion_rate,seeding_regime,B_total,9.08658343778812e-07,8.680120861228243e-07,9.039306136220692e-07,9.365618482935343e-07,30,30,100,1000,20,C-D50 repeated-cross-fit B at native R=30
C-D1,conversion_rate,seeding_regime,B_factor,-3.54172588856455e-09,-1.2394252860514842e-08,-5.398464303594458e-09,9.856861976166703e-10,30,30,100,1000,20,C-D50 repeated-cross-fit B at native R=30
C-D1,conversion_rate,seeding_regime,q,-8.638323255235289e-07,-3.011084234332226e-06,-1.319179936360391e-06,2.4063107592526643e-07,30,30,100,1000,20,C-D50 repeated-cross-fit B at native R=30
C-D1,conversion_rate,seeding_regime,rho,-1.0443652445794616e-06,-3.6406468664183672e-06,-1.5945433374090116e-06,2.907482713461534e-07,30,30,100,1000,20,C-D50 repeated-cross-fit B at native R=30
C-D1,conversion_rate,seeding_regime,tau,0.0002216231506642,0.00021192751040946834,0.00022048192845878774,0.0002283306196758995,30,30,100,1000,20,C-D50 repeated-cross-fit B at native R=30
C-D10,conversion_rate,topology,B_total,0.0001139978353969,0.00011299502404208311,0.00011398205214354799,0.00011502127325720827,30,30,100,1000,20,C-D50 repeated-cross-fit B at native R=30
C-D10,conversion_rate,topology,B_factor,5.942788540067327e-08,1.9269240411450005e-08,5.817478727908703e-08,1.0077725139109437e-07,30,30,100,1000,20,C-D50 repeated-cross-fit B at native R=30
C-D10,conversion_rate,topology,q,1.4494551544025771e-05,4.694763007767889e-06,1.4172995757129327e-05,2.4582829530668507e-05,30,30,100,1000,20,C-D50 repeated-cross-fit B at native R=30
C-D10,conversion_rate,topology,rho,0.0208403087743862,0.00687545595714798,0.020422968351818848,0.03578602627242548,30,30,100,1000,20,C-D50 repeated-cross-fit B at native R=30
C-D10,conversion_rate,topology,tau,0.0278042452617716,0.027564236749528515,0.02780381728155789,0.028028915334410986,30,30,100,1000,20,C-D50 repeated-cross-fit B at native R=30
C-D10,conversion_rate,message_condition,B_total,0.0001139978353969,0.00011299502404208311,0.00011398205214354799,0.00011502127325720827,30,30,100,1000,20,C-D50 repeated-cross-fit B at native R=30
C-D10,conversion_rate,message_condition,B_factor,2.297472134303783e-05,2.266123920435514e-05,2.2981007980643045e-05,2.32864133753782e-05,30,30,100,1000,20,C-D50 repeated-cross-fit B at native R=30
C-D10,conversion_rate,message_condition,q,0.0056035694433865,0.005531691775381182,0.005604711614315232,0.0056773310568698655,30,30,100,1000,20,C-D50 repeated-cross-fit B at native R=30
C-D10,conversion_rate,message_condition,rho,0.0326948788837736,0.03230442095142827,0.03270964232065307,0.033119882370812426,30,30,100,1000,20,C-D50 repeated-cross-fit B at native R=30
C-D10,conversion_rate,message_condition,tau,0.0278042452617716,0.027564236749528515,0.02780381728155789,0.028028915334410986,30,30,100,1000,20,C-D50 repeated-cross-fit B at native R=30
C-D10,conversion_rate,inoculation,B_total,0.0001139978353969,0.00011299502404208311,0.00011398205214354799,0.00011502127325720827,30,30,100,1000,20,C-D50 repeated-cross-fit B at native R=30
C-D10,conversion_rate,inoculation,B_factor,1.5572323911739902e-07,1.1557261917367887e-07,1.5500039235487964e-07,1.9541232979630365e-07,30,30,100,1000,20,C-D50 repeated-cross-fit B at native R=30
C-D10,conversion_rate,inoculation,q,3.798113462681308e-05,2.818040103117249e-05,3.7817773656811054e-05,4.764814934508482e-05,30,30,100,1000,20,C-D50 repeated-cross-fit B at native R=30
C-D10,conversion_rate,inoculation,rho,0.0487908022817664,0.036758999095399675,0.0488383113513484,0.060715813858934625,30,30,100,1000,20,C-D50 repeated-cross-fit B at native R=30
C-D10,conversion_rate,inoculation,tau,0.0278042452617716,0.027564236749528515,0.02780381728155789,0.028028915334410986,30,30,100,1000,20,C-D50 repeated-cross-fit B at native R=30
C-D10,conversion_rate,seeding_regime,B_total,0.0001139978353969,0.00011299502404208311,0.00011398205214354799,0.00011502127325720827,30,30,100,1000,20,C-D50 repeated-cross-fit B at native R=30
C-D10,conversion_rate,seeding_regime,B_factor,9.08079629294163e-05,8.999590893751677e-05,9.07962161819984e-05,9.162735673254412e-05,30,30,100,1000,20,C-D50 repeated-cross-fit B at native R=30
C-D10,conversion_rate,seeding_regime,q,0.0221482001322142,0.021959296372447402,0.022145121203688584,0.022328135156285147,30,30,100,1000,20,C-D50 repeated-cross-fit B at native R=30
C-D10,conversion_rate,seeding_regime,rho,0.0267769678960049,0.02654447645263892,0.02677373800383142,0.02699371124527765,30,30,100,1000,20,C-D50 repeated-cross-fit B at native R=30
C-D10,conversion_rate,seeding_regime,tau,0.0278042452617716,0.027564236749528515,0.02780381728155789,0.028028915334410986,30,30,100,1000,20,C-D50 repeated-cross-fit B at native R=30
C-D5,conversion_rate,topology,B_total,2.6537931349425902e-05,2.618929510390135e-05,2.6554006807037895e-05,2.69247079760714e-05,30,30,100,1000,20,C-D50 repeated-cross-fit B at native R=30
C-D5,conversion_rate,topology,B_factor,1.5337093111328535e-08,3.5634087010396707e-09,2.2815974526135517e-08,4.445445155479006e-08,30,30,100,1000,20,C-D50 repeated-cross-fit B at native R=30
C-D5,conversion_rate,topology,q,3.74074031305101e-06,8.673909810053085e-07,5.576683513476215e-06,1.0834821696874598e-05,30,30,100,1000,20,C-D50 repeated-cross-fit B at native R=30
C-D5,conversion_rate,topology,rho,0.0053784474070816,0.0011966628426721907,0.008055388763335732,0.01577485519544109,30,30,100,1000,20,C-D50 repeated-cross-fit B at native R=30
C-D5,conversion_rate,topology,tau,0.0064726417778902,0.0063917366284367725,0.006476707012378631,0.006563444179220325,30,30,100,1000,20,C-D50 repeated-cross-fit B at native R=30
C-D5,conversion_rate,message_condition,B_total,2.6537931349425902e-05,2.618929510390135e-05,2.6554006807037895e-05,2.69247079760714e-05,30,30,100,1000,20,C-D50 repeated-cross-fit B at native R=30
C-D5,conversion_rate,message_condition,B_factor,7.4947882262699e-06,7.354717441688526e-06,7.497059598671453e-06,7.646893229138937e-06,30,30,100,1000,20,C-D50 repeated-cross-fit B at native R=30
C-D5,conversion_rate,message_condition,q,0.0018279902359776,0.0017945387137829527,0.0018289821137204387,0.0018632450375108492,30,30,100,1000,20,C-D50 repeated-cross-fit B at native R=30
C-D5,conversion_rate,message_condition,rho,0.0106656872855471,0.010476894671762424,0.010671631478084028,0.010869100121690936,30,30,100,1000,20,C-D50 repeated-cross-fit B at native R=30
C-D5,conversion_rate,message_condition,tau,0.0064726417778902,0.0063917366284367725,0.006476707012378631,0.006563444179220325,30,30,100,1000,20,C-D50 repeated-cross-fit B at native R=30
C-D5,conversion_rate,inoculation,B_total,2.6537931349425902e-05,2.618929510390135e-05,2.6554006807037895e-05,2.69247079760714e-05,30,30,100,1000,20,C-D50 repeated-cross-fit B at native R=30
C-D5,conversion_rate,inoculation,B_factor,4.3139158783473756e-08,1.872381614272908e-08,4.386465314113995e-08,6.850319642299912e-08,30,30,100,1000,20,C-D50 repeated-cross-fit B at native R=30
C-D5,conversion_rate,inoculation,q,1.052170637297972e-05,4.559730815862807e-06,1.0692239180493643e-05,1.668663520705702e-05,30,30,100,1000,20,C-D50 repeated-cross-fit B at native R=30
C-D5,conversion_rate,inoculation,rho,0.0135162495895644,0.0057456089836980875,0.013845357046601286,0.0221073204714058,30,30,100,1000,20,C-D50 repeated-cross-fit B at native R=30
C-D5,conversion_rate,inoculation,tau,0.0064726417778902,0.0063917366284367725,0.006476707012378631,0.006563444179220325,30,30,100,1000,20,C-D50 repeated-cross-fit B at native R=30
C-D5,conversion_rate,seeding_regime,B_total,2.6537931349425902e-05,2.618929510390135e-05,2.6554006807037895e-05,2.69247079760714e-05,30,30,100,1000,20,C-D50 repeated-cross-fit B at native R=30
C-D5,conversion_rate,seeding_regime,B_factor,1.898466687126121e-05,1.8727828764831707e-05,1.8988880874653366e-05,1.9259190018888184e-05,30,30,100,1000,20,C-D50 repeated-cross-fit B at native R=30
C-D5,conversion_rate,seeding_regime,q,0.0046303890952266,0.004571547936796568,0.004632322847925349,0.0046964775706106075,30,30,100,1000,20,C-D50 repeated-cross-fit B at native R=30
C-D5,conversion_rate,seeding_regime,rho,0.0055980973356185,0.005525033932896335,0.005599912293646251,0.005677851379716243,30,30,100,1000,20,C-D50 repeated-cross-fit B at native R=30
C-D5,conversion_rate,seeding_regime,tau,0.0064726417778902,0.0063917366284367725,0.006476707012378631,0.006563444179220325,30,30,100,1000,20,C-D50 repeated-cross-fit B at native R=30
C-D50,conversion_rate,topology,B_total,0.0041000154589237,0.004088912060754803,0.004099890117634411,0.004111190166499048,30,30,100,1000,20,C-D50 repeated-cross-fit B at native R=30
C-D50,conversion_rate,topology,B_factor,2.85158372863041e-06,2.5348036700796387e-06,2.8455323424899856e-06,3.1177823251123536e-06,30,30,100,1000,20,C-D50 repeated-cross-fit B at native R=30
C-D50,conversion_rate,topology,q,0.0006955056041127,0.000618330065673877,0.0006936963362639686,0.0007620233094863338,30,30,100,1000,20,C-D50 repeated-cross-fit B at native R=30
C-D50,conversion_rate,topology,rho,1.0,1.0,1.0,1.0,30,30,100,1000,20,C-D50 repeated-cross-fit B at native R=30
C-D50,conversion_rate,topology,tau,1.0,1.0,1.0,1.0,30,30,100,1000,20,C-D50 repeated-cross-fit B at native R=30
C-D50,conversion_rate,message_condition,B_total,0.0041000154589237,0.004088912060754803,0.004099890117634411,0.004111190166499048,30,30,100,1000,20,C-D50 repeated-cross-fit B at native R=30
C-D50,conversion_rate,message_condition,B_factor,0.0007027009160887,0.0006991409358605465,0.0007025962413415696,0.0007061180524828031,30,30,100,1000,20,C-D50 repeated-cross-fit B at native R=30
C-D50,conversion_rate,message_condition,q,0.1713898211186705,0.1708016130107458,0.171374037105498,0.1719190454609593,30,30,100,1000,20,C-D50 repeated-cross-fit B at native R=30
C-D50,conversion_rate,message_condition,rho,1.0,1.0,1.0,1.0,30,30,100,1000,20,C-D50 repeated-cross-fit B at native R=30
C-D50,conversion_rate,message_condition,tau,1.0,1.0,1.0,1.0,30,30,100,1000,20,C-D50 repeated-cross-fit B at native R=30
C-D50,conversion_rate,inoculation,B_total,0.0041000154589237,0.004088912060754803,0.004099890117634411,0.004111190166499048,30,30,100,1000,20,C-D50 repeated-cross-fit B at native R=30
C-D50,conversion_rate,inoculation,B_factor,3.191651537478286e-06,2.9033345427313845e-06,3.1654818137632178e-06,3.4290112840217395e-06,30,30,100,1000,20,C-D50 repeated-cross-fit B at native R=30
C-D50,conversion_rate,inoculation,q,0.0007784486593901,0.000707695727180852,0.0007723261994692849,0.0008365423555213153,30,30,100,1000,20,C-D50 repeated-cross-fit B at native R=30
C-D50,conversion_rate,inoculation,rho,1.0,1.0,1.0,1.0,30,30,100,1000,20,C-D50 repeated-cross-fit B at native R=30
C-D50,conversion_rate,inoculation,tau,1.0,1.0,1.0,1.0,30,30,100,1000,20,C-D50 repeated-cross-fit B at native R=30
C-D50,conversion_rate,seeding_regime,B_total,0.0041000154589237,0.004088912060754803,0.004099890117634411,0.004111190166499048,30,30,100,1000,20,C-D50 repeated-cross-fit B at native R=30
C-D50,conversion_rate,seeding_regime,B_factor,0.0033912713075689,0.003382687712789146,0.003391377897788559,0.003399815529205923,30,30,100,1000,20,C-D50 repeated-cross-fit B at native R=30
C-D50,conversion_rate,seeding_regime,q,0.8271362246178265,0.8266189636872664,0.827155063822298,0.8277496069346342,30,30,100,1000,20,C-D50 repeated-cross-fit B at native R=30
C-D50,conversion_rate,seeding_regime,rho,1.0,1.0,1.0,1.0,30,30,100,1000,20,C-D50 repeated-cross-fit B at native R=30
C-D50,conversion_rate,seeding_regime,tau,1.0,1.0,1.0,1.0,30,30,100,1000,20,C-D50 repeated-cross-fit B at native R=30
CS-0,conversion_rate,topology,B_total,8.169648718197267e-05,8.09778448476594e-05,8.166859257309102e-05,8.233963958174253e-05,30,30,100,1000,20,C-D50 repeated-cross-fit B at native R=30
CS-0,conversion_rate,topology,B_factor,1.304240509177567e-07,4.5347846687660926e-08,1.1049187180068912e-07,1.7504276737266802e-07,30,30,100,1000,20,C-D50 repeated-cross-fit B at native R=30
CS-0,conversion_rate,topology,q,3.18106241853029e-05,1.108308090830257e-05,2.6961741692822537e-05,4.260674461952016e-05,30,30,100,1000,20,C-D50 repeated-cross-fit B at native R=30
CS-0,conversion_rate,topology,rho,0.0457374088680181,0.0153170792044177,0.03893725142637269,0.06371121314547855,30,30,100,1000,20,C-D50 repeated-cross-fit B at native R=30
CS-0,conversion_rate,topology,tau,0.0199258973534254,0.019747390313947896,0.019913894941249746,0.020087076211595858,30,30,100,1000,20,C-D50 repeated-cross-fit B at native R=30
CS-0,conversion_rate,message_condition,B_total,8.169648718197267e-05,8.09778448476594e-05,8.166859257309102e-05,8.233963958174253e-05,30,30,100,1000,20,C-D50 repeated-cross-fit B at native R=30
CS-0,conversion_rate,message_condition,B_factor,8.111702005080717e-05,8.042598382909968e-05,8.111198779917944e-05,8.17833411356992e-05,30,30,100,1000,20,C-D50 repeated-cross-fit B at native R=30
CS-0,conversion_rate,message_condition,q,0.019784564439691,0.019608349784127715,0.019782330303046512,0.01995211581966439,30,30,100,1000,20,C-D50 repeated-cross-fit B at native R=30
CS-0,conversion_rate,message_condition,rho,0.1154360527979792,0.11435523055104634,0.11544499104383463,0.11647690953123596,30,30,100,1000,20,C-D50 repeated-cross-fit B at native R=30
CS-0,conversion_rate,message_condition,tau,0.0199258973534254,0.019747390313947896,0.019913894941249746,0.020087076211595858,30,30,100,1000,20,C-D50 repeated-cross-fit B at native R=30
CS-0,conversion_rate,inoculation,B_total,8.169648718197267e-05,8.09778448476594e-05,8.166859257309102e-05,8.233963958174253e-05,30,30,100,1000,20,C-D50 repeated-cross-fit B at native R=30
CS-0,conversion_rate,inoculation,B_factor,3.064679538067664e-07,2.400519490966295e-07,3.0799172880141166e-07,3.8095346528086533e-07,30,30,100,1000,20,C-D50 repeated-cross-fit B at native R=30
CS-0,conversion_rate,inoculation,q,7.474799958125313e-05,5.8388832621131435e-05,7.507087863863369e-05,9.289571471690946e-05,30,30,100,1000,20,C-D50 repeated-cross-fit B at native R=30
CS-0,conversion_rate,inoculation,rho,0.0960217461737397,0.07703535455242347,0.09715092811164565,0.11974519244344382,30,30,100,1000,20,C-D50 repeated-cross-fit B at native R=30
CS-0,conversion_rate,inoculation,tau,0.0199258973534254,0.019747390313947896,0.019913894941249746,0.020087076211595858,30,30,100,1000,20,C-D50 repeated-cross-fit B at native R=30
CS-0,conversion_rate,seeding_regime,B_total,8.169648718197267e-05,8.09778448476594e-05,8.166859257309102e-05,8.233963958174253e-05,30,30,100,1000,20,C-D50 repeated-cross-fit B at native R=30
CS-0,conversion_rate,seeding_regime,B_factor,1.4257512644096368e-07,5.3513253766479123e-08,1.272428929088947e-07,2.0102065256473732e-07,30,30,100,1000,20,C-D50 repeated-cross-fit B at native R=30
CS-0,conversion_rate,seeding_regime,q,3.477428996777206e-05,1.3050787944634953e-05,3.1056704883412255e-05,4.90897500557584e-05,30,30,100,1000,20,C-D50 repeated-cross-fit B at native R=30
CS-0,conversion_rate,seeding_regime,rho,4.204179303577149e-05,1.5778993205728135e-05,3.753901266433717e-05,5.9362821297005704e-05,30,30,100,1000,20,C-D50 repeated-cross-fit B at native R=30
CS-0,conversion_rate,seeding_regime,tau,0.0199258973534254,0.019747390313947896,0.019913894941249746,0.020087076211595858,30,30,100,1000,20,C-D50 repeated-cross-fit B at native R=30
CS-15,conversion_rate,topology,B_total,0.0001122708594992,0.00011124515412128569,0.00011223068698250693,0.00011323843625286214,30,30,100,1000,20,C-D50 repeated-cross-fit B at native R=30
CS-15,conversion_rate,topology,B_factor,8.713456005060476e-08,1.0286497899478865e-08,8.489126775951878e-08,1.5147140152710534e-07,30,30,100,1000,20,C-D50 repeated-cross-fit B at native R=30
CS-15,conversion_rate,topology,q,2.125225158869932e-05,2.5123826157933662e-06,2.0701195675704214e-05,3.687341998845521e-05,30,30,100,1000,20,C-D50 repeated-cross-fit B at native R=30
CS-15,conversion_rate,topology,rho,0.0305565497431333,0.00357022247203718,0.029603332466659957,0.05453250446503228,30,30,100,1000,20,C-D50 repeated-cross-fit B at native R=30
CS-15,conversion_rate,topology,tau,0.0273830332163359,0.02713169592072168,0.027373247073988374,0.02761353618710369,30,30,100,1000,20,C-D50 repeated-cross-fit B at native R=30
CS-15,conversion_rate,message_condition,B_total,0.0001122708594992,0.00011124515412128569,0.00011223068698250693,0.00011323843625286214,30,30,100,1000,20,C-D50 repeated-cross-fit B at native R=30
CS-15,conversion_rate,message_condition,B_factor,8.148305028549943e-05,8.078839926691281e-05,8.145832209090242e-05,8.220045543960284e-05,30,30,100,1000,20,C-D50 repeated-cross-fit B at native R=30
CS-15,conversion_rate,message_condition,q,0.0198738397700793,0.01970049084446783,0.01986905563333837,0.020053079851238696,30,30,100,1000,20,C-D50 repeated-cross-fit B at native R=30
CS-15,conversion_rate,message_condition,rho,0.1159569433024766,0.1148950518717535,0.11594595416205583,0.11706848844154516,30,30,100,1000,20,C-D50 repeated-cross-fit B at native R=30
CS-15,conversion_rate,message_condition,tau,0.0273830332163359,0.02713169592072168,0.027373247073988374,0.02761353618710369,30,30,100,1000,20,C-D50 repeated-cross-fit B at native R=30
CS-15,conversion_rate,inoculation,B_total,0.0001122708594992,0.00011124515412128569,0.00011223068698250693,0.00011323843625286214,30,30,100,1000,20,C-D50 repeated-cross-fit B at native R=30
CS-15,conversion_rate,inoculation,B_factor,2.0648936806277602e-07,1.4339479250775976e-07,2.0368530837906664e-07,2.668024829871225e-07,30,30,100,1000,20,C-D50 repeated-cross-fit B at native R=30
CS-15,conversion_rate,inoculation,q,5.0363070610708766e-05,3.492150276003221e-05,4.966810396607277e-05,6.527177006778166e-05,30,30,100,1000,20,C-D50 repeated-cross-fit B at native R=30
CS-15,conversion_rate,inoculation,rho,0.0646967144245084,0.04546859784641384,0.06422102936709093,0.08375958568812937,30,30,100,1000,20,C-D50 repeated-cross-fit B at native R=30
CS-15,conversion_rate,inoculation,tau,0.0273830332163359,0.02713169592072168,0.027373247073988374,0.02761353618710369,30,30,100,1000,20,C-D50 repeated-cross-fit B at native R=30
CS-15,conversion_rate,seeding_regime,B_total,0.0001122708594992,0.00011124515412128569,0.00011223068698250693,0.00011323843625286214,30,30,100,1000,20,C-D50 repeated-cross-fit B at native R=30
CS-15,conversion_rate,seeding_regime,B_factor,3.049418528558798e-05,3.0037389628177494e-05,3.0470315472541063e-05,3.094391599999769e-05,30,30,100,1000,20,C-D50 repeated-cross-fit B at native R=30
CS-15,conversion_rate,seeding_regime,q,0.0074375781240572,0.007322842765296106,0.007431655743685948,0.007545529571479889,30,30,100,1000,20,C-D50 repeated-cross-fit B at native R=30
CS-15,conversion_rate,seeding_regime,rho,0.0089919627537697,0.008853980269334776,0.008984270588982568,0.009122484921425167,30,30,100,1000,20,C-D50 repeated-cross-fit B at native R=30
CS-15,conversion_rate,seeding_regime,tau,0.0273830332163359,0.02713169592072168,0.027373247073988374,0.02761353618710369,30,30,100,1000,20,C-D50 repeated-cross-fit B at native R=30
CS-30,conversion_rate,topology,B_total,0.0002186284309244,0.00021722201165757382,0.0002186395218205918,0.00021992033108612008,30,30,100,1000,20,C-D50 repeated-cross-fit B at native R=30
CS-30,conversion_rate,topology,B_factor,1.2647473170016138e-07,4.460995627207477e-08,1.1417037265210885e-07,1.8475420824287643e-07,30,30,100,1000,20,C-D50 repeated-cross-fit B at native R=30
CS-30,conversion_rate,topology,q,3.084737922753097e-05,1.0884355939989088e-05,2.783380211926982e-05,4.5030129644202696e-05,30,30,100,1000,20,C-D50 repeated-cross-fit B at native R=30
CS-30,conversion_rate,topology,rho,0.0443524524390893,0.01551466095467412,0.03990854279023142,0.06557308832384393,30,30,100,1000,20,C-D50 repeated-cross-fit B at native R=30
CS-30,conversion_rate,topology,tau,0.0533238064867689,0.052972937773620866,0.05332803821247931,0.053635466429153275,30,30,100,1000,20,C-D50 repeated-cross-fit B at native R=30
CS-30,conversion_rate,message_condition,B_total,0.0002186284309244,0.00021722201165757382,0.0002186395218205918,0.00021992033108612008,30,30,100,1000,20,C-D50 repeated-cross-fit B at native R=30
CS-30,conversion_rate,message_condition,B_factor,8.833771860507615e-05,8.774161309118592e-05,8.835548753052615e-05,8.890914739215368e-05,30,30,100,1000,20,C-D50 repeated-cross-fit B at native R=30
CS-30,conversion_rate,message_condition,q,0.0215457037882154,0.02140250003846638,0.021553048623219224,0.021696922122329997,30,30,100,1000,20,C-D50 repeated-cross-fit B at native R=30
CS-30,conversion_rate,message_condition,rho,0.125711688404746,0.12487144000486822,0.12573936312189005,0.1266688217150307,30,30,100,1000,20,C-D50 repeated-cross-fit B at native R=30
CS-30,conversion_rate,message_condition,tau,0.0533238064867689,0.052972937773620866,0.05332803821247931,0.053635466429153275,30,30,100,1000,20,C-D50 repeated-cross-fit B at native R=30
CS-30,conversion_rate,inoculation,B_total,0.0002186284309244,0.00021722201165757382,0.0002186395218205918,0.00021992033108612008,30,30,100,1000,20,C-D50 repeated-cross-fit B at native R=30
CS-30,conversion_rate,inoculation,B_factor,4.284269555529981e-07,3.4136674338071133e-07,4.271654037002996e-07,5.120113789110538e-07,30,30,100,1000,20,C-D50 repeated-cross-fit B at native R=30
CS-30,conversion_rate,inoculation,q,0.0001044939854118,8.326266102372522e-05,0.00010424671030320442,0.00012500384954732102,30,30,100,1000,20,C-D50 repeated-cross-fit B at native R=30
CS-30,conversion_rate,inoculation,rho,0.1342336249813464,0.10690721405742001,0.13507398647885735,0.1642441467995928,30,30,100,1000,20,C-D50 repeated-cross-fit B at native R=30
CS-30,conversion_rate,inoculation,tau,0.0533238064867689,0.052972937773620866,0.05332803821247931,0.053635466429153275,30,30,100,1000,20,C-D50 repeated-cross-fit B at native R=30
CS-30,conversion_rate,seeding_regime,B_total,0.0002186284309244,0.00021722201165757382,0.0002186395218205918,0.00021992033108612008,30,30,100,1000,20,C-D50 repeated-cross-fit B at native R=30
CS-30,conversion_rate,seeding_regime,B_factor,0.000129735810632,0.00012874021631951405,0.00012975457846138442,0.00013071044995433874,30,30,100,1000,20,C-D50 repeated-cross-fit B at native R=30
CS-30,conversion_rate,seeding_regime,q,0.031642761333914,0.031411426263913675,0.0316432668680002,0.031870326497287736,30,30,100,1000,20,C-D50 repeated-cross-fit B at native R=30
CS-30,conversion_rate,seeding_regime,rho,0.0382558040527537,0.03796753463002918,0.038255443118011725,0.03853536495367078,30,30,100,1000,20,C-D50 repeated-cross-fit B at native R=30
CS-30,conversion_rate,seeding_regime,tau,0.0533238064867689,0.052972937773620866,0.05332803821247931,0.053635466429153275,30,30,100,1000,20,C-D50 repeated-cross-fit B at native R=30
CS-45,conversion_rate,topology,B_total,0.0004082209069773,0.0004062942389329753,0.0004081109203605681,0.0004100980534351571,30,30,100,1000,20,C-D50 repeated-cross-fit B at native R=30
CS-45,conversion_rate,topology,B_factor,1.0911134188339114e-07,2.8535631625213653e-08,1.0701727927417323e-07,1.7640824839815813e-07,30,30,100,1000,20,C-D50 repeated-cross-fit B at native R=30
CS-45,conversion_rate,topology,q,2.661242206926504e-05,6.961535516471961e-06,2.611867529141887e-05,4.2963501560997706e-05,30,30,100,1000,20,C-D50 repeated-cross-fit B at native R=30
CS-45,conversion_rate,topology,rho,0.0382634186006512,0.010501800697176537,0.03788906800288787,0.06220116220029328,30,30,100,1000,20,C-D50 repeated-cross-fit B at native R=30
CS-45,conversion_rate,topology,tau,0.0995656994631106,0.09913619850785046,0.09954395953777312,0.09998715790938699,30,30,100,1000,20,C-D50 repeated-cross-fit B at native R=30
CS-45,conversion_rate,message_condition,B_total,0.0004082209069773,0.0004062942389329753,0.0004081109203605681,0.0004100980534351571,30,30,100,1000,20,C-D50 repeated-cross-fit B at native R=30
CS-45,conversion_rate,message_condition,B_factor,9.912304443753328e-05,9.844276052738403e-05,9.908660908091889e-05,9.974219262396147e-05,30,30,100,1000,20,C-D50 repeated-cross-fit B at native R=30
CS-45,conversion_rate,message_condition,q,0.0241762611459889,0.024014331949647288,0.024166244017328288,0.024322884771050584,30,30,100,1000,20,C-D50 repeated-cross-fit B at native R=30
CS-45,conversion_rate,message_condition,rho,0.1410600757278888,0.14009710198582653,0.14101150444308796,0.14197562718181025,30,30,100,1000,20,C-D50 repeated-cross-fit B at native R=30
CS-45,conversion_rate,message_condition,tau,0.0995656994631106,0.09913619850785046,0.09954395953777312,0.09998715790938699,30,30,100,1000,20,C-D50 repeated-cross-fit B at native R=30
CS-45,conversion_rate,inoculation,B_total,0.0004082209069773,0.0004062942389329753,0.0004081109203605681,0.0004100980534351571,30,30,100,1000,20,C-D50 repeated-cross-fit B at native R=30
CS-45,conversion_rate,inoculation,B_factor,3.79123508847839e-07,2.804277522287783e-07,3.595948916308508e-07,4.4058098019611714e-07,30,30,100,1000,20,C-D50 repeated-cross-fit B at native R=30
CS-45,conversion_rate,inoculation,q,9.24687998487097e-05,6.82721682174046e-05,8.769875006314083e-05,0.00010760779704162072,30,30,100,1000,20,C-D50 repeated-cross-fit B at native R=30
CS-45,conversion_rate,inoculation,rho,0.1187859966528123,0.0873160829780897,0.11352605091988843,0.1412302704629111,30,30,100,1000,20,C-D50 repeated-cross-fit B at native R=30
CS-45,conversion_rate,inoculation,tau,0.0995656994631106,0.09913619850785046,0.09954395953777312,0.09998715790938699,30,30,100,1000,20,C-D50 repeated-cross-fit B at native R=30
CS-45,conversion_rate,seeding_regime,B_total,0.0004082209069773,0.0004062942389329753,0.0004081109203605681,0.0004100980534351571,30,30,100,1000,20,C-D50 repeated-cross-fit B at native R=30
CS-45,conversion_rate,seeding_regime,B_factor,0.000308609627689,0.0003070049576509092,0.00030858262675503183,0.0003101702915651772,30,30,100,1000,20,C-D50 repeated-cross-fit B at native R=30
CS-45,conversion_rate,seeding_regime,q,0.0752703570952037,0.07491226361221176,0.07526427955798842,0.07561607172249786,30,30,100,1000,20,C-D50 repeated-cross-fit B at native R=30
CS-45,conversion_rate,seeding_regime,rho,0.0910011614229348,0.09057092552026878,0.09099210067213945,0.09141515827831316,30,30,100,1000,20,C-D50 repeated-cross-fit B at native R=30
CS-45,conversion_rate,seeding_regime,tau,0.0995656994631106,0.09913619850785046,0.09954395953777312,0.09998715790938699,30,30,100,1000,20,C-D50 repeated-cross-fit B at native R=30
CS-45-R,conversion_rate,topology,B_total,0.0004632972187296,0.0004614774261424869,0.00046332193920782733,0.0004649418650028241,30,30,100,1000,20,C-D50 repeated-cross-fit B at native R=30
CS-45-R,conversion_rate,topology,B_factor,4.4522089666961357e-07,3.3983259857373464e-07,4.2157560908031254e-07,5.072302742167406e-07,30,30,100,1000,20,C-D50 repeated-cross-fit B at native R=30
CS-45-R,conversion_rate,topology,q,0.0001085900531668,8.276550421217386e-05,0.0001027926817457618,0.00012366036875285114,30,30,100,1000,20,C-D50 repeated-cross-fit B at native R=30
CS-45-R,conversion_rate,topology,rho,0.1561310973265544,0.11319785109023411,0.14826699634736606,0.18729919234484732,30,30,100,1000,20,C-D50 repeated-cross-fit B at native R=30
CS-45-R,conversion_rate,topology,tau,0.1129988955825323,0.11239039933243897,0.11299703017506617,0.113578026558237,30,30,100,1000,20,C-D50 repeated-cross-fit B at native R=30
CS-45-R,conversion_rate,message_condition,B_total,0.0004632972187296,0.0004614774261424869,0.00046332193920782733,0.0004649418650028241,30,30,100,1000,20,C-D50 repeated-cross-fit B at native R=30
CS-45-R,conversion_rate,message_condition,B_factor,0.000110689565129,0.00010986973087151961,0.0001107069685941449,0.00011152730910913243,30,30,100,1000,20,C-D50 repeated-cross-fit B at native R=30
CS-45-R,conversion_rate,message_condition,q,0.0269973531168399,0.02678450325181805,0.027002283541285095,0.027223897745289896,30,30,100,1000,20,C-D50 repeated-cross-fit B at native R=30
CS-45-R,conversion_rate,message_condition,rho,0.1575201662539045,0.1561105858153077,0.15756117345884585,0.15906684941051866,30,30,100,1000,20,C-D50 repeated-cross-fit B at native R=30
CS-45-R,conversion_rate,message_condition,tau,0.1129988955825323,0.11239039933243897,0.11299703017506617,0.113578026558237,30,30,100,1000,20,C-D50 repeated-cross-fit B at native R=30
CS-45-R,conversion_rate,inoculation,B_total,0.0004632972187296,0.0004614774261424869,0.00046332193920782733,0.0004649418650028241,30,30,100,1000,20,C-D50 repeated-cross-fit B at native R=30
CS-45-R,conversion_rate,inoculation,B_factor,8.999050394742896e-07,7.830534771770077e-07,8.926168842888674e-07,9.991335620614047e-07,30,30,100,1000,20,C-D50 repeated-cross-fit B at native R=30
CS-45-R,conversion_rate,inoculation,q,0.0002194882064445,0.0001908645601386421,0.00021776508313605037,0.00024350289262919407,30,30,100,1000,20,C-D50 repeated-cross-fit B at native R=30
CS-45-R,conversion_rate,inoculation,rho,0.2819559180903883,0.2371143216418921,0.28277627229169755,0.33186684016581275,30,30,100,1000,20,C-D50 repeated-cross-fit B at native R=30
CS-45-R,conversion_rate,inoculation,tau,0.1129988955825323,0.11239039933243897,0.11299703017506617,0.113578026558237,30,30,100,1000,20,C-D50 repeated-cross-fit B at native R=30
CS-45-R,conversion_rate,seeding_regime,B_total,0.0004632972187296,0.0004614774261424869,0.00046332193920782733,0.0004649418650028241,30,30,100,1000,20,C-D50 repeated-cross-fit B at native R=30
CS-45-R,conversion_rate,seeding_regime,B_factor,0.0003512625276644,0.0003498017892181837,0.00035130273344620937,0.0003525912869450655,30,30,100,1000,20,C-D50 repeated-cross-fit B at native R=30
CS-45-R,conversion_rate,seeding_regime,q,0.0856734642060809,0.08521753395289469,0.08568303051672854,0.0861314427326207,30,30,100,1000,20,C-D50 repeated-cross-fit B at native R=30
CS-45-R,conversion_rate,seeding_regime,rho,0.1035784211308915,0.10302278346173957,0.10358706881487634,0.10411427578692169,30,30,100,1000,20,C-D50 repeated-cross-fit B at native R=30
CS-45-R,conversion_rate,seeding_regime,tau,0.1129988955825323,0.11239039933243897,0.11299703017506617,0.113578026558237,30,30,100,1000,20,C-D50 repeated-cross-fit B at native R=30
D-A95,conversion_rate,topology,B_total,0.0003058855519995,0.00030461758692009957,0.00030587630227047857,0.00030710827042573774,30,30,100,1000,20,C-D50 repeated-cross-fit B at native R=30
D-A95,conversion_rate,topology,B_factor,8.664440932098824e-07,7.171311027239214e-07,8.525425237396487e-07,9.774937462714755e-07,30,30,100,1000,20,C-D50 repeated-cross-fit B at native R=30
D-A95,conversion_rate,topology,q,0.0002113270308101,0.00017484074555314098,0.0002081372038396561,0.00023844347706669056,30,30,100,1000,20,C-D50 repeated-cross-fit B at native R=30
D-A95,conversion_rate,topology,rho,0.3038466254771441,0.24832356075919032,0.3000246697612268,0.35707610312092186,30,30,100,1000,20,C-D50 repeated-cross-fit B at native R=30
D-A95,conversion_rate,topology,tau,0.0746059508955691,0.07423805027859855,0.07460738833078637,0.07497348195675464,30,30,100,1000,20,C-D50 repeated-cross-fit B at native R=30
D-A95,conversion_rate,message_condition,B_total,0.0003058855519995,0.00030461758692009957,0.00030587630227047857,0.00030710827042573774,30,30,100,1000,20,C-D50 repeated-cross-fit B at native R=30
D-A95,conversion_rate,message_condition,B_factor,0.0003016319368159,0.00030030276447790715,0.0003016331253411637,0.00030292946800701434,30,30,100,1000,20,C-D50 repeated-cross-fit B at native R=30
D-A95,conversion_rate,message_condition,q,0.0735684876893355,0.07320643761069584,0.07357509620904502,0.07395053966837763,30,30,100,1000,20,C-D50 repeated-cross-fit B at native R=30
D-A95,conversion_rate,message_condition,rho,0.4292465399003866,0.42658042826819326,0.4293224723972727,0.43199308910721795,30,30,100,1000,20,C-D50 repeated-cross-fit B at native R=30
D-A95,conversion_rate,message_condition,tau,0.0746059508955691,0.07423805027859855,0.07460738833078637,0.07497348195675464,30,30,100,1000,20,C-D50 repeated-cross-fit B at native R=30
D-A95,conversion_rate,inoculation,B_total,0.0003058855519995,0.00030461758692009957,0.00030587630227047857,0.00030710827042573774,30,30,100,1000,20,C-D50 repeated-cross-fit B at native R=30
D-A95,conversion_rate,inoculation,B_factor,1.7370301547635703e-06,1.5661559440124558e-06,1.7254353109319556e-06,1.8679024425968413e-06,30,30,100,1000,20,C-D50 repeated-cross-fit B at native R=30
D-A95,conversion_rate,inoculation,q,0.0004236642939925,0.00038212737056978954,0.0004208735206442652,0.00045619651702523666,30,30,100,1000,20,C-D50 repeated-cross-fit B at native R=30
D-A95,conversion_rate,inoculation,rho,0.5442417928042333,0.47263294834792113,0.5439358383808914,0.6216957717293856,30,30,100,1000,20,C-D50 repeated-cross-fit B at native R=30
D-A95,conversion_rate,inoculation,tau,0.0746059508955691,0.07423805027859855,0.07460738833078637,0.07497348195675464,30,30,100,1000,20,C-D50 repeated-cross-fit B at native R=30
D-A95,conversion_rate,seeding_regime,B_total,0.0003058855519995,0.00030461758692009957,0.00030587630227047857,0.00030710827042573774,30,30,100,1000,20,C-D50 repeated-cross-fit B at native R=30
D-A95,conversion_rate,seeding_regime,B_factor,1.6501409356489105e-06,1.500660510994056e-06,1.6782397358238506e-06,1.8451255465180198e-06,30,30,100,1000,20,C-D50 repeated-cross-fit B at native R=30
D-A95,conversion_rate,seeding_regime,q,0.0004024718814309,0.00036608625786772794,0.00040933937517175195,0.00045053967937826883,30,30,100,1000,20,C-D50 repeated-cross-fit B at native R=30
D-A95,conversion_rate,seeding_regime,rho,0.0004865847601063,0.00044232536010000985,0.0004948738167698376,0.0005449097492412844,30,30,100,1000,20,C-D50 repeated-cross-fit B at native R=30
D-A95,conversion_rate,seeding_regime,tau,0.0746059508955691,0.07423805027859855,0.07460738833078637,0.07497348195675464,30,30,100,1000,20,C-D50 repeated-cross-fit B at native R=30
E-S,conversion_rate,topology,B_total,0.0031647307632276,0.0031572456206313965,0.003164332465015727,0.0031721569243059857,30,30,100,1000,20,C-D50 repeated-cross-fit B at native R=30
E-S,conversion_rate,topology,B_factor,1.3222257973304749e-06,1.0579363824202733e-06,1.2724336908833062e-06,1.4953163073598438e-06,30,30,100,1000,20,C-D50 repeated-cross-fit B at native R=30
E-S,conversion_rate,topology,q,0.0003224928809603,0.00025814750235454194,0.00031022666828648424,0.00036426353271550726,30,30,100,1000,20,C-D50 repeated-cross-fit B at native R=30
E-S,conversion_rate,topology,rho,0.463681211270457,0.3781794744601534,0.450040861559845,0.5214645036383716,30,30,100,1000,20,C-D50 repeated-cross-fit B at native R=30
E-S,conversion_rate,topology,tau,0.7718826416470108,0.7699570528020683,0.7718069680515801,0.7739074831140708,30,30,100,1000,20,C-D50 repeated-cross-fit B at native R=30
E-S,conversion_rate,message_condition,B_total,0.0031647307632276,0.0031572456206313965,0.003164332465015727,0.0031721569243059857,30,30,100,1000,20,C-D50 repeated-cross-fit B at native R=30
E-S,conversion_rate,message_condition,B_factor,0.0001101722960106,0.00010886162724113818,0.00011009047798092093,0.00011151566885727484,30,30,100,1000,20,C-D50 repeated-cross-fit B at native R=30
E-S,conversion_rate,message_condition,q,0.0268711903929146,0.02653200002397228,0.02685330601248312,0.027208255645396216,30,30,100,1000,20,C-D50 repeated-cross-fit B at native R=30
E-S,conversion_rate,message_condition,rho,0.1567840506368751,0.154790585995537,0.15669621467977718,0.15867803555642732,30,30,100,1000,20,C-D50 repeated-cross-fit B at native R=30
E-S,conversion_rate,message_condition,tau,0.7718826416470108,0.7699570528020683,0.7718069680515801,0.7739074831140708,30,30,100,1000,20,C-D50 repeated-cross-fit B at native R=30
E-S,conversion_rate,inoculation,B_total,0.0031647307632276,0.0031572456206313965,0.003164332465015727,0.0031721569243059857,30,30,100,1000,20,C-D50 repeated-cross-fit B at native R=30
E-S,conversion_rate,inoculation,B_factor,3.8238437928225615e-06,3.4542388759484384e-06,3.7608320650547194e-06,4.074477698237647e-06,30,30,100,1000,20,C-D50 repeated-cross-fit B at native R=30
E-S,conversion_rate,inoculation,q,0.0009326413110223,0.000841361775291895,0.0009171112792378498,0.0009950446531785922,30,30,100,1000,20,C-D50 repeated-cross-fit B at native R=30
E-S,conversion_rate,inoculation,rho,1.1980768413846856,1.0942745848486903,1.1870118043017284,1.2869554334284259,30,30,100,1000,20,C-D50 repeated-cross-fit B at native R=30
E-S,conversion_rate,inoculation,tau,0.7718826416470108,0.7699570528020683,0.7718069680515801,0.7739074831140708,30,30,100,1000,20,C-D50 repeated-cross-fit B at native R=30
E-S,conversion_rate,seeding_regime,B_total,0.0031647307632276,0.0031572456206313965,0.003164332465015727,0.0031721569243059857,30,30,100,1000,20,C-D50 repeated-cross-fit B at native R=30
E-S,conversion_rate,seeding_regime,B_factor,0.0030494123976268,0.0030421269654045693,0.0030491880069905154,0.0030569412091830434,30,30,100,1000,20,C-D50 repeated-cross-fit B at native R=30
E-S,conversion_rate,seeding_regime,q,0.7437563170621138,0.7419432120468297,0.7437161569702042,0.7456125034871226,30,30,100,1000,20,C-D50 repeated-cross-fit B at native R=30
E-S,conversion_rate,seeding_regime,rho,0.8991944675204644,0.8970995724558686,0.8991739843789657,0.9012140903024634,30,30,100,1000,20,C-D50 repeated-cross-fit B at native R=30
E-S,conversion_rate,seeding_regime,tau,0.7718826416470108,0.7699570528020683,0.7718069680515801,0.7739074831140708,30,30,100,1000,20,C-D50 repeated-cross-fit B at native R=30
E-SD,conversion_rate,topology,B_total,5.21141956985358e-08,4.1526796659949885e-08,5.416604461696857e-08,6.65013074950096e-08,60,30,100,1000,20,C-D50 repeated-cross-fit B at native R=30
E-SD,conversion_rate,topology,B_factor,-1.1000135556876148e-09,-4.3560688180540505e-09,-5.556688709076216e-10,3.3006046416625366e-09,60,30,100,1000,20,C-D50 repeated-cross-fit B at native R=30
E-SD,conversion_rate,topology,q,-2.682949775941475e-07,-1.0594143502381365e-06,-1.3564111955987586e-07,8.04126577450273e-07,60,30,100,1000,20,C-D50 repeated-cross-fit B at native R=30
E-SD,conversion_rate,topology,rho,-0.000385755306654,-0.0015636754249416286,-0.00019458550815641126,0.0011661352869427584,60,30,100,1000,20,C-D50 repeated-cross-fit B at native R=30
E-SD,conversion_rate,topology,tau,1.2710731513245393e-05,1.0134264701457645e-05,1.3217708274737627e-05,1.6231423596956554e-05,60,30,100,1000,20,C-D50 repeated-cross-fit B at native R=30
E-SD,conversion_rate,message_condition,B_total,5.21141956985358e-08,4.1526796659949885e-08,5.416604461696857e-08,6.65013074950096e-08,60,30,100,1000,20,C-D50 repeated-cross-fit B at native R=30
E-SD,conversion_rate,message_condition,B_factor,5.5876607669085104e-08,4.9257624101994926e-08,5.5806741651108845e-08,6.279169004171294e-08,60,30,100,1000,20,C-D50 repeated-cross-fit B at native R=30
E-SD,conversion_rate,message_condition,q,1.3628389509475704e-05,1.2007047451197008e-05,1.3614670188338785e-05,1.532580590668608e-05,60,30,100,1000,20,C-D50 repeated-cross-fit B at native R=30
E-SD,conversion_rate,message_condition,rho,7.951691308458388e-05,7.014065034702796e-05,7.946169737499585e-05,8.949939324262479e-05,60,30,100,1000,20,C-D50 repeated-cross-fit B at native R=30
E-SD,conversion_rate,message_condition,tau,1.2710731513245393e-05,1.0134264701457645e-05,1.3217708274737627e-05,1.6231423596956554e-05,60,30,100,1000,20,C-D50 repeated-cross-fit B at native R=30
E-SD,conversion_rate,inoculation,B_total,5.21141956985358e-08,4.1526796659949885e-08,5.416604461696857e-08,6.65013074950096e-08,60,30,100,1000,20,C-D50 repeated-cross-fit B at native R=30
E-SD,conversion_rate,inoculation,B_factor,-8.129500574036674e-10,-2.779432518521511e-09,4.812686644666634e-10,3.913149625312205e-09,60,30,100,1000,20,C-D50 repeated-cross-fit B at native R=30
E-SD,conversion_rate,inoculation,q,-1.982797541980633e-07,-6.762839669709854e-07,1.1748244416276489e-07,9.537718166337504e-07,60,30,100,1000,20,C-D50 repeated-cross-fit B at native R=30
E-SD,conversion_rate,inoculation,rho,-0.0002547114081401,-0.0009005628890208814,0.00014937615164379138,0.0012013499948541851,60,30,100,1000,20,C-D50 repeated-cross-fit B at native R=30
E-SD,conversion_rate,inoculation,tau,1.2710731513245393e-05,1.0134264701457645e-05,1.3217708274737627e-05,1.6231423596956554e-05,60,30,100,1000,20,C-D50 repeated-cross-fit B at native R=30
E-SD,conversion_rate,seeding_regime,B_total,5.21141956985358e-08,4.1526796659949885e-08,5.416604461696857e-08,6.65013074950096e-08,60,30,100,1000,20,C-D50 repeated-cross-fit B at native R=30
E-SD,conversion_rate,seeding_regime,B_factor,-1.849448357458019e-09,-4.5863056264952165e-09,-1.5518325892427684e-09,1.715149866106428e-09,60,30,100,1000,20,C-D50 repeated-cross-fit B at native R=30
E-SD,conversion_rate,seeding_regime,q,-4.5108326443810097e-07,-1.117565426597706e-06,-3.7882738839225165e-07,4.1756081151775314e-07,60,30,100,1000,20,C-D50 repeated-cross-fit B at native R=30
E-SD,conversion_rate,seeding_regime,rho,-5.453554698883142e-07,-1.3510343580208611e-06,-4.5781759050538623e-07,5.048493257870113e-07,60,30,100,1000,20,C-D50 repeated-cross-fit B at native R=30
E-SD,conversion_rate,seeding_regime,tau,1.2710731513245393e-05,1.0134264701457645e-05,1.3217708274737627e-05,1.6231423596956554e-05,60,30,100,1000,20,C-D50 repeated-cross-fit B at native R=30
J-S06-D05,conversion_rate,topology,B_total,7.271304007803804e-09,3.454556919478608e-09,8.06225483898569e-09,1.2828659896424842e-08,60,30,100,1000,20,C-D50 repeated-cross-fit B at native R=30
J-S06-D05,conversion_rate,topology,B_factor,2.063054175437836e-10,-8.936750357364551e-10,5.912421542784948e-10,2.1873343554114783e-09,60,30,100,1000,20,C-D50 repeated-cross-fit B at native R=30
J-S06-D05,conversion_rate,topology,q,5.0318204799631865e-08,-2.181218597367617e-07,1.440549736681037e-07,5.343034312865582e-07,60,30,100,1000,20,C-D50 repeated-cross-fit B at native R=30
J-S06-D05,conversion_rate,topology,rho,7.234766262426045e-05,-0.0003095606625566354,0.00020838828493564574,0.0007739933155653207,60,30,100,1000,20,C-D50 repeated-cross-fit B at native R=30
J-S06-D05,conversion_rate,topology,tau,1.7734820955315263e-06,8.422982204507483e-07,1.965067716049123e-06,3.124211931746474e-06,60,30,100,1000,20,C-D50 repeated-cross-fit B at native R=30
J-S06-D05,conversion_rate,message_condition,B_total,7.271304007803804e-09,3.454556919478608e-09,8.06225483898569e-09,1.2828659896424842e-08,60,30,100,1000,20,C-D50 repeated-cross-fit B at native R=30
J-S06-D05,conversion_rate,message_condition,B_factor,9.420149464373696e-09,7.438234506519538e-09,9.360787136391973e-09,1.1418059211021706e-08,60,30,100,1000,20,C-D50 repeated-cross-fit B at native R=30
J-S06-D05,conversion_rate,message_condition,q,2.2975887673473308e-06,1.8117178871702957e-06,2.283680482538431e-06,2.784246086283687e-06,60,30,100,1000,20,C-D50 repeated-cross-fit B at native R=30
J-S06-D05,conversion_rate,message_condition,rho,1.3405631398357534e-05,1.0564748736318662e-05,1.3325994076126088e-05,1.6236676156181282e-05,60,30,100,1000,20,C-D50 repeated-cross-fit B at native R=30
J-S06-D05,conversion_rate,message_condition,tau,1.7734820955315263e-06,8.422982204507483e-07,1.965067716049123e-06,3.124211931746474e-06,60,30,100,1000,20,C-D50 repeated-cross-fit B at native R=30
J-S06-D05,conversion_rate,inoculation,B_total,7.271304007803804e-09,3.454556919478608e-09,8.06225483898569e-09,1.2828659896424842e-08,60,30,100,1000,20,C-D50 repeated-cross-fit B at native R=30
J-S06-D05,conversion_rate,inoculation,B_factor,-1.0364829995739344e-09,-1.8836446930595135e-09,-6.651026190068876e-10,5.115325246994666e-10,60,30,100,1000,20,C-D50 repeated-cross-fit B at native R=30
J-S06-D05,conversion_rate,inoculation,q,-2.527997784296164e-07,-4.600651677906227e-07,-1.6201516689632548e-07,1.2478413200129484e-07,60,30,100,1000,20,C-D50 repeated-cross-fit B at native R=30
J-S06-D05,conversion_rate,inoculation,rho,-0.0003247481710966,-0.0006025577134540149,-0.0002129327505821054,0.00015917612688829083,60,30,100,1000,20,C-D50 repeated-cross-fit B at native R=30
J-S06-D05,conversion_rate,inoculation,tau,1.7734820955315263e-06,8.422982204507483e-07,1.965067716049123e-06,3.124211931746474e-06,60,30,100,1000,20,C-D50 repeated-cross-fit B at native R=30
J-S06-D05,conversion_rate,seeding_regime,B_total,7.271304007803804e-09,3.454556919478608e-09,8.06225483898569e-09,1.2828659896424842e-08,60,30,100,1000,20,C-D50 repeated-cross-fit B at native R=30
J-S06-D05,conversion_rate,seeding_regime,B_factor,-1.318667874539741e-09,-2.5425809552062946e-09,-1.2129912565930174e-09,1.9067326379264314e-10,60,30,100,1000,20,C-D50 repeated-cross-fit B at native R=30
J-S06-D05,conversion_rate,seeding_regime,q,-3.216250981858198e-07,-6.19899413678673e-07,-2.9589186297125733e-07,4.657233243922224e-08,60,30,100,1000,20,C-D50 repeated-cross-fit B at native R=30
J-S06-D05,conversion_rate,seeding_regime,rho,-3.888417513504802e-07,-7.490887084481697e-07,-3.577267231153081e-07,5.629756423125659e-08,60,30,100,1000,20,C-D50 repeated-cross-fit B at native R=30
J-S06-D05,conversion_rate,seeding_regime,tau,1.7734820955315263e-06,8.422982204507483e-07,1.965067716049123e-06,3.124211931746474e-06,60,30,100,1000,20,C-D50 repeated-cross-fit B at native R=30
J-S06-D50,conversion_rate,topology,B_total,9.076466197758616e-07,8.029545261526499e-07,9.004540075756903e-07,1.0078901789865146e-06,30,30,100,1000,20,C-D50 repeated-cross-fit B at native R=30
J-S06-D50,conversion_rate,topology,B_factor,-5.2232559152535095e-09,-3.28722184119218e-08,-8.831272334366152e-09,1.533010862422061e-08,30,30,100,1000,20,C-D50 repeated-cross-fit B at native R=30
J-S06-D50,conversion_rate,topology,q,-1.2739600539517392e-06,-8.050724156410358e-06,-2.1530730317238285e-06,3.7391582840998597e-06,30,30,100,1000,20,C-D50 repeated-cross-fit B at native R=30
J-S06-D50,conversion_rate,topology,rho,-0.0018317035066552,-0.011732827521699104,-0.0031118766407278653,0.00551925480102328,30,30,100,1000,20,C-D50 repeated-cross-fit B at native R=30
J-S06-D50,conversion_rate,topology,tau,0.0002213763896427,0.0001955503087519475,0.00021958570501054913,0.0002458796489243953,30,30,100,1000,20,C-D50 repeated-cross-fit B at native R=30
J-S06-D50,conversion_rate,message_condition,B_total,9.076466197758616e-07,8.029545261526499e-07,9.004540075756903e-07,1.0078901789865146e-06,30,30,100,1000,20,C-D50 repeated-cross-fit B at native R=30
J-S06-D50,conversion_rate,message_condition,B_factor,9.830963854099649e-07,9.216846735269537e-07,9.8936141110685e-07,1.063676716289131e-06,30,30,100,1000,20,C-D50 repeated-cross-fit B at native R=30
J-S06-D50,conversion_rate,message_condition,q,0.0002397787021193,0.00022468360080863577,0.00024123318951791824,0.0002596646962727509,30,30,100,1000,20,C-D50 repeated-cross-fit B at native R=30
J-S06-D50,conversion_rate,message_condition,rho,0.0013990253362439,0.001309278479174075,0.001406988412807425,0.0015180692860787422,30,30,100,1000,20,C-D50 repeated-cross-fit B at native R=30
J-S06-D50,conversion_rate,message_condition,tau,0.0002213763896427,0.0001955503087519475,0.00021958570501054913,0.0002458796489243953,30,30,100,1000,20,C-D50 repeated-cross-fit B at native R=30
J-S06-D50,conversion_rate,inoculation,B_total,9.076466197758616e-07,8.029545261526499e-07,9.004540075756903e-07,1.0078901789865146e-06,30,30,100,1000,20,C-D50 repeated-cross-fit B at native R=30
J-S06-D50,conversion_rate,inoculation,B_factor,-4.1609467787895065e-08,-6.223683132388769e-08,-4.158536552480827e-08,-2.0187043208036567e-08,30,30,100,1000,20,C-D50 repeated-cross-fit B at native R=30
J-S06-D50,conversion_rate,inoculation,q,-1.0148612414943717e-05,-1.51682467812211e-05,-1.0144324646457754e-05,-4.938175803654949e-06,30,30,100,1000,20,C-D50 repeated-cross-fit B at native R=30
J-S06-D50,conversion_rate,inoculation,rho,-0.0130369707655399,-0.020247968081128068,-0.013125872833619451,-0.006150731727688698,30,30,100,1000,20,C-D50 repeated-cross-fit B at native R=30
J-S06-D50,conversion_rate,inoculation,tau,0.0002213763896427,0.0001955503087519475,0.00021958570501054913,0.0002458796489243953,30,30,100,1000,20,C-D50 repeated-cross-fit B at native R=30
J-S06-D50,conversion_rate,seeding_regime,B_total,9.076466197758616e-07,8.029545261526499e-07,9.004540075756903e-07,1.0078901789865146e-06,30,30,100,1000,20,C-D50 repeated-cross-fit B at native R=30
J-S06-D50,conversion_rate,seeding_regime,B_factor,-2.861704193095443e-08,-6.004744891974664e-08,-3.856897108817071e-08,-1.5728151903372184e-08,30,30,100,1000,20,C-D50 repeated-cross-fit B at native R=30
J-S06-D50,conversion_rate,seeding_regime,q,-6.9797400077282e-06,-1.4634764730475553e-05,-9.409572968305303e-06,-3.830518678680673e-06,30,30,100,1000,20,C-D50 repeated-cross-fit B at native R=30
J-S06-D50,conversion_rate,seeding_regime,rho,-8.43844073079153e-06,-1.769710624550274e-05,-1.137404711198165e-05,-4.631473266777128e-06,30,30,100,1000,20,C-D50 repeated-cross-fit B at native R=30
J-S06-D50,conversion_rate,seeding_regime,tau,0.0002213763896427,0.0001955503087519475,0.00021958570501054913,0.0002458796489243953,30,30,100,1000,20,C-D50 repeated-cross-fit B at native R=30
J-S06-D95,conversion_rate,topology,B_total,4.4236630994581065e-06,4.251049546131399e-06,4.42885446588624e-06,4.628385142650591e-06,30,30,100,1000,20,C-D50 repeated-cross-fit B at native R=30
J-S06-D95,conversion_rate,topology,B_factor,3.5234256178881505e-08,-6.453386150455633e-09,3.4802166658671444e-08,7.548310446043894e-08,30,30,100,1000,20,C-D50 repeated-cross-fit B at native R=30
J-S06-D95,conversion_rate,topology,q,8.593688617001012e-06,-1.5756412083083365e-06,8.501725807110711e-06,1.8420209010947896e-05,30,30,100,1000,20,C-D50 repeated-cross-fit B at native R=30
J-S06-D95,conversion_rate,topology,rho,0.0123560307295638,-0.0022378615962179603,0.012379032221400074,0.026781781869985533,30,30,100,1000,20,C-D50 repeated-cross-fit B at native R=30
J-S06-D95,conversion_rate,topology,tau,0.0010789381512769,0.001037382615181558,0.0010802857654046902,0.001126932562716637,30,30,100,1000,20,C-D50 repeated-cross-fit B at native R=30
J-S06-D95,conversion_rate,message_condition,B_total,4.4236630994581065e-06,4.251049546131399e-06,4.42885446588624e-06,4.628385142650591e-06,30,30,100,1000,20,C-D50 repeated-cross-fit B at native R=30
J-S06-D95,conversion_rate,message_condition,B_factor,4.186167045886535e-06,4.071133437210817e-06,4.203831200102046e-06,4.341519930101541e-06,30,30,100,1000,20,C-D50 repeated-cross-fit B at native R=30
J-S06-D95,conversion_rate,message_condition,q,0.001021012502959,0.0009934844898212775,0.0010254539799947273,0.001058553890609133,30,30,100,1000,20,C-D50 repeated-cross-fit B at native R=30
J-S06-D95,conversion_rate,message_condition,rho,0.0059572528653967,0.005797915420370558,0.00598359825180058,0.0061736212954559685,30,30,100,1000,20,C-D50 repeated-cross-fit B at native R=30
J-S06-D95,conversion_rate,message_condition,tau,0.0010789381512769,0.001037382615181558,0.0010802857654046902,0.001126932562716637,30,30,100,1000,20,C-D50 repeated-cross-fit B at native R=30
J-S06-D95,conversion_rate,inoculation,B_total,4.4236630994581065e-06,4.251049546131399e-06,4.42885446588624e-06,4.628385142650591e-06,30,30,100,1000,20,C-D50 repeated-cross-fit B at native R=30
J-S06-D95,conversion_rate,inoculation,B_factor,5.2964557369909994e-08,-1.0099470030991634e-08,3.908160567028899e-08,9.031556839784336e-08,30,30,100,1000,20,C-D50 repeated-cross-fit B at native R=30
J-S06-D95,conversion_rate,inoculation,q,1.2918136016934116e-05,-2.458027436814985e-06,9.54266796232903e-06,2.1949935766699245e-05,30,30,100,1000,20,C-D50 repeated-cross-fit B at native R=30
J-S06-D95,conversion_rate,inoculation,rho,0.0165947180473708,-0.00308719296479403,0.012244900670954018,0.028608893084489377,30,30,100,1000,20,C-D50 repeated-cross-fit B at native R=30
J-S06-D95,conversion_rate,inoculation,tau,0.0010789381512769,0.001037382615181558,0.0010802857654046902,0.001126932562716637,30,30,100,1000,20,C-D50 repeated-cross-fit B at native R=30
J-S06-D95,conversion_rate,seeding_regime,B_total,4.4236630994581065e-06,4.251049546131399e-06,4.42885446588624e-06,4.628385142650591e-06,30,30,100,1000,20,C-D50 repeated-cross-fit B at native R=30
J-S06-D95,conversion_rate,seeding_regime,B_factor,1.4929724002278025e-07,1.1175279976730308e-07,1.5150365192313363e-07,1.9135005043938352e-07,30,30,100,1000,20,C-D50 repeated-cross-fit B at native R=30
J-S06-D95,conversion_rate,seeding_regime,q,3.6413823683964695e-05,2.728145380925526e-05,3.693072399873165e-05,4.663565628848686e-05,30,30,100,1000,20,C-D50 repeated-cross-fit B at native R=30
J-S06-D95,conversion_rate,seeding_regime,rho,4.402397404464965e-05,3.296992386476023e-05,4.463742622161605e-05,5.638397428669103e-05,30,30,100,1000,20,C-D50 repeated-cross-fit B at native R=30
J-S06-D95,conversion_rate,seeding_regime,tau,0.0010789381512769,0.001037382615181558,0.0010802857654046902,0.001126932562716637,30,30,100,1000,20,C-D50 repeated-cross-fit B at native R=30
J-S14-D50,conversion_rate,topology,B_total,7.108233727619523e-06,6.824676673032198e-06,7.092134239639814e-06,7.348208452590625e-06,30,30,100,1000,20,C-D50 repeated-cross-fit B at native R=30
J-S14-D50,conversion_rate,topology,B_factor,4.53013405917211e-08,-1.8317978173905044e-08,4.040017629884399e-08,9.503276961782866e-08,30,30,100,1000,20,C-D50 repeated-cross-fit B at native R=30
J-S14-D50,conversion_rate,topology,q,1.1049065801232929e-05,-4.462364554200457e-06,9.845250094205443e-06,2.314745489586178e-05,30,30,100,1000,20,C-D50 repeated-cross-fit B at native R=30
J-S14-D50,conversion_rate,topology,rho,0.0158863792554598,-0.006614506349787026,0.014260505447467072,0.0346605728386502,30,30,100,1000,20,C-D50 repeated-cross-fit B at native R=30
J-S14-D50,conversion_rate,topology,tau,0.0017337090064253,0.0016641272228062832,0.0017298557170188425,0.001792966471094245,30,30,100,1000,20,C-D50 repeated-cross-fit B at native R=30
J-S14-D50,conversion_rate,message_condition,B_total,7.108233727619523e-06,6.824676673032198e-06,7.092134239639814e-06,7.348208452590625e-06,30,30,100,1000,20,C-D50 repeated-cross-fit B at native R=30
J-S14-D50,conversion_rate,message_condition,B_factor,6.698234630946662e-06,6.470607637246237e-06,6.699128143789588e-06,6.933046403693814e-06,30,30,100,1000,20,C-D50 repeated-cross-fit B at native R=30
J-S14-D50,conversion_rate,message_condition,q,0.0016337096037937,0.0015785721905707878,0.0016339474175802325,0.0016890183396130395,30,30,100,1000,20,C-D50 repeated-cross-fit B at native R=30
J-S14-D50,conversion_rate,message_condition,rho,0.0095321273639849,0.009195345232706514,0.009535070586815762,0.00988463908885254,30,30,100,1000,20,C-D50 repeated-cross-fit B at native R=30
J-S14-D50,conversion_rate,message_condition,tau,0.0017337090064253,0.0016641272228062832,0.0017298557170188425,0.001792966471094245,30,30,100,1000,20,C-D50 repeated-cross-fit B at native R=30
J-S14-D50,conversion_rate,inoculation,B_total,7.108233727619523e-06,6.824676673032198e-06,7.092134239639814e-06,7.348208452590625e-06,30,30,100,1000,20,C-D50 repeated-cross-fit B at native R=30
J-S14-D50,conversion_rate,inoculation,B_factor,2.188733208834307e-07,1.5549809695128318e-07,2.2277767509959543e-07,2.954800205394016e-07,30,30,100,1000,20,C-D50 repeated-cross-fit B at native R=30
J-S14-D50,conversion_rate,inoculation,q,5.338353551985946e-05,3.796923108782782e-05,5.433405846359351e-05,7.20584266141104e-05,30,30,100,1000,20,C-D50 repeated-cross-fit B at native R=30
J-S14-D50,conversion_rate,inoculation,rho,0.0685768224736594,0.04853430906235884,0.07035939573798372,0.09414208136706713,30,30,100,1000,20,C-D50 repeated-cross-fit B at native R=30
J-S14-D50,conversion_rate,inoculation,tau,0.0017337090064253,0.0016641272228062832,0.0017298557170188425,0.001792966471094245,30,30,100,1000,20,C-D50 repeated-cross-fit B at native R=30
J-S14-D50,conversion_rate,seeding_regime,B_total,7.108233727619523e-06,6.824676673032198e-06,7.092134239639814e-06,7.348208452590625e-06,30,30,100,1000,20,C-D50 repeated-cross-fit B at native R=30
J-S14-D50,conversion_rate,seeding_regime,B_factor,1.458244351977086e-07,7.119463928816308e-08,1.3290052497540008e-07,1.9896117414552248e-07,30,30,100,1000,20,C-D50 repeated-cross-fit B at native R=30
J-S14-D50,conversion_rate,seeding_regime,q,3.556680131054583e-05,1.7365032211565027e-05,3.244280366483871e-05,4.848127144307158e-05,30,30,100,1000,20,C-D50 repeated-cross-fit B at native R=30
J-S14-D50,conversion_rate,seeding_regime,rho,4.299993187576722e-05,2.0998481422402805e-05,3.921914627059984e-05,5.8644989559574266e-05,30,30,100,1000,20,C-D50 repeated-cross-fit B at native R=30
J-S14-D50,conversion_rate,seeding_regime,tau,0.0017337090064253,0.0016641272228062832,0.0017298557170188425,0.001792966471094245,30,30,100,1000,20,C-D50 repeated-cross-fit B at native R=30
J-S14-D95,conversion_rate,topology,B_total,3.501578835774607e-05,3.45608484167286e-05,3.5070530346292444e-05,3.5525699900853626e-05,30,30,100,1000,20,C-D50 repeated-cross-fit B at native R=30
J-S14-D95,conversion_rate,topology,B_factor,6.177400194291039e-07,5.132528073701656e-07,6.361262482933572e-07,7.523494070141439e-07,30,30,100,1000,20,C-D50 repeated-cross-fit B at native R=30
J-S14-D95,conversion_rate,topology,q,0.0001506677293336,0.00012514370046452975,0.0001551706151978196,0.0001837278163093049,30,30,100,1000,20,C-D50 repeated-cross-fit B at native R=30
J-S14-D95,conversion_rate,topology,rho,0.2166305036835789,0.17502999528299892,0.22293099056972504,0.27812158471287696,30,30,100,1000,20,C-D50 repeated-cross-fit B at native R=30
J-S14-D95,conversion_rate,topology,tau,0.0085404039834858,0.008424406726952311,0.00855525910154271,0.00866709831796672,30,30,100,1000,20,C-D50 repeated-cross-fit B at native R=30
J-S14-D95,conversion_rate,message_condition,B_total,3.501578835774607e-05,3.45608484167286e-05,3.5070530346292444e-05,3.5525699900853626e-05,30,30,100,1000,20,C-D50 repeated-cross-fit B at native R=30
J-S14-D95,conversion_rate,message_condition,B_factor,3.144324122012365e-05,3.112183250177949e-05,3.146815099637389e-05,3.181094242240518e-05,30,30,100,1000,20,C-D50 repeated-cross-fit B at native R=30
J-S14-D95,conversion_rate,message_condition,q,0.0076690543084872,0.00758617911658914,0.007675729771017143,0.007767089683388706,30,30,100,1000,20,C-D50 repeated-cross-fit B at native R=30
J-S14-D95,conversion_rate,message_condition,rho,0.0447462647339899,0.04423961610569297,0.04479859321332365,0.04537911473606486,30,30,100,1000,20,C-D50 repeated-cross-fit B at native R=30
J-S14-D95,conversion_rate,message_condition,tau,0.0085404039834858,0.008424406726952311,0.00855525910154271,0.00866709831796672,30,30,100,1000,20,C-D50 repeated-cross-fit B at native R=30
J-S14-D95,conversion_rate,inoculation,B_total,3.501578835774607e-05,3.45608484167286e-05,3.5070530346292444e-05,3.5525699900853626e-05,30,30,100,1000,20,C-D50 repeated-cross-fit B at native R=30
J-S14-D95,conversion_rate,inoculation,B_factor,1.6783058293304588e-06,1.5051708212071721e-06,1.6756149019973862e-06,1.840410688965743e-06,30,30,100,1000,20,C-D50 repeated-cross-fit B at native R=30
J-S14-D95,conversion_rate,inoculation,q,0.0004093413417936,0.000366662790419806,0.00040866480686597767,0.00044796345826187886,30,30,100,1000,20,C-D50 repeated-cross-fit B at native R=30
J-S14-D95,conversion_rate,inoculation,rho,0.5258424391330899,0.4568583487889117,0.5302644270830064,0.6123313180899819,30,30,100,1000,20,C-D50 repeated-cross-fit B at native R=30
J-S14-D95,conversion_rate,inoculation,tau,0.0085404039834858,0.008424406726952311,0.00855525910154271,0.00866709831796672,30,30,100,1000,20,C-D50 repeated-cross-fit B at native R=30
J-S14-D95,conversion_rate,seeding_regime,B_total,3.501578835774607e-05,3.45608484167286e-05,3.5070530346292444e-05,3.5525699900853626e-05,30,30,100,1000,20,C-D50 repeated-cross-fit B at native R=30
J-S14-D95,conversion_rate,seeding_regime,B_factor,1.2765012888628572e-06,1.1112425305902324e-06,1.2923233310499291e-06,1.4868268773487348e-06,30,30,100,1000,20,C-D50 repeated-cross-fit B at native R=30
J-S14-D95,conversion_rate,seeding_regime,q,0.0003113406038712,0.00027091024574648617,0.0003152997936107086,0.0003627897824068447,30,30,100,1000,20,C-D50 repeated-cross-fit B at native R=30
J-S14-D95,conversion_rate,seeding_regime,rho,0.0003764078934097,0.00032759623968523876,0.0003811231265564408,0.0004386542187969417,30,30,100,1000,20,C-D50 repeated-cross-fit B at native R=30
J-S14-D95,conversion_rate,seeding_regime,tau,0.0085404039834858,0.008424406726952311,0.00855525910154271,0.00866709831796672,30,30,100,1000,20,C-D50 repeated-cross-fit B at native R=30
J-S18-D05,conversion_rate,topology,B_total,5.6172234353162026e-08,3.920116076654533e-08,5.461299429228426e-08,6.866470342144517e-08,60,30,100,1000,20,C-D50 repeated-cross-fit B at native R=30
J-S18-D05,conversion_rate,topology,B_factor,-3.4414313630960093e-09,-8.187197660674063e-09,-3.821447176010164e-09,6.11652442964727e-10,60,30,100,1000,20,C-D50 repeated-cross-fit B at native R=30
J-S18-D05,conversion_rate,topology,q,-8.393703383741274e-07,-2.0019993117108887e-06,-9.325401723840238e-07,1.48929988698396e-07,60,30,100,1000,20,C-D50 repeated-cross-fit B at native R=30
J-S18-D05,conversion_rate,topology,rho,-0.001206849137391,-0.0029709212845219694,-0.0013383471768629192,0.00021395587210759309,60,30,100,1000,20,C-D50 repeated-cross-fit B at native R=30
J-S18-D05,conversion_rate,topology,tau,1.3700493306897607e-05,9.563568100078357e-06,1.3315202095422839e-05,1.6766026279357795e-05,60,30,100,1000,20,C-D50 repeated-cross-fit B at native R=30
J-S18-D05,conversion_rate,message_condition,B_total,5.6172234353162026e-08,3.920116076654533e-08,5.461299429228426e-08,6.866470342144517e-08,60,30,100,1000,20,C-D50 repeated-cross-fit B at native R=30
J-S18-D05,conversion_rate,message_condition,B_factor,7.263595169060446e-08,6.498727122283799e-08,7.31096675394928e-08,8.002864148190459e-08,60,30,100,1000,20,C-D50 repeated-cross-fit B at native R=30
J-S18-D05,conversion_rate,message_condition,q,1.771601898049202e-05,1.586740136806498e-05,1.7839090873512453e-05,1.950388136471031e-05,60,30,100,1000,20,C-D50 repeated-cross-fit B at native R=30
J-S18-D05,conversion_rate,message_condition,rho,0.0001033668094456,9.241257776175539e-05,0.00010409287139687978,0.00011385634837496497,60,30,100,1000,20,C-D50 repeated-cross-fit B at native R=30
J-S18-D05,conversion_rate,message_condition,tau,1.3700493306897607e-05,9.563568100078357e-06,1.3315202095422839e-05,1.6766026279357795e-05,60,30,100,1000,20,C-D50 repeated-cross-fit B at native R=30
J-S18-D05,conversion_rate,inoculation,B_total,5.6172234353162026e-08,3.920116076654533e-08,5.461299429228426e-08,6.866470342144517e-08,60,30,100,1000,20,C-D50 repeated-cross-fit B at native R=30
J-S18-D05,conversion_rate,inoculation,B_factor,-6.201353376878173e-09,-1.1254858162812569e-08,-6.838900946355814e-09,-2.618218864071273e-09,60,30,100,1000,20,C-D50 repeated-cross-fit B at native R=30
J-S18-D05,conversion_rate,inoculation,q,-1.512519510964471e-06,-2.7460575955791756e-06,-1.6674318515909365e-06,-6.390416959048227e-07,60,30,100,1000,20,C-D50 repeated-cross-fit B at native R=30
J-S18-D05,conversion_rate,inoculation,rho,-0.0019429919914684,-0.003584013405513817,-0.0021360843478064996,-0.0008395015212009961,60,30,100,1000,20,C-D50 repeated-cross-fit B at native R=30
J-S18-D05,conversion_rate,inoculation,tau,1.3700493306897607e-05,9.563568100078357e-06,1.3315202095422839e-05,1.6766026279357795e-05,60,30,100,1000,20,C-D50 repeated-cross-fit B at native R=30
J-S18-D05,conversion_rate,seeding_regime,B_total,5.6172234353162026e-08,3.920116076654533e-08,5.461299429228426e-08,6.866470342144517e-08,60,30,100,1000,20,C-D50 repeated-cross-fit B at native R=30
J-S18-D05,conversion_rate,seeding_regime,B_factor,-6.82093259746826e-09,-1.1512532058636428e-08,-7.656796883909451e-09,-3.6071635458364613e-09,60,30,100,1000,20,C-D50 repeated-cross-fit B at native R=30
J-S18-D05,conversion_rate,seeding_regime,q,-1.6636358242558168e-06,-2.810577083206907e-06,-1.8688783348509022e-06,-8.804035652941016e-07,60,30,100,1000,20,C-D50 repeated-cross-fit B at native R=30
J-S18-D05,conversion_rate,seeding_regime,rho,-2.0113202332838104e-06,-3.397011680493254e-06,-2.25964619410453e-06,-1.0647543670808371e-06,60,30,100,1000,20,C-D50 repeated-cross-fit B at native R=30
J-S18-D05,conversion_rate,seeding_regime,tau,1.3700493306897607e-05,9.563568100078357e-06,1.3315202095422839e-05,1.6766026279357795e-05,60,30,100,1000,20,C-D50 repeated-cross-fit B at native R=30
J-S18-D50,conversion_rate,topology,B_total,1.4629937439804536e-05,1.4186164556961598e-05,1.4613691889324585e-05,1.501524284999261e-05,30,30,100,1000,20,C-D50 repeated-cross-fit B at native R=30
J-S18-D50,conversion_rate,topology,B_factor,1.9752141170449723e-07,1.2213339584861452e-07,1.9555248067896263e-07,2.692168491541305e-07,30,30,100,1000,20,C-D50 repeated-cross-fit B at native R=30
J-S18-D50,conversion_rate,topology,q,4.817577242900072e-05,2.976885998652243e-05,4.769926626893138e-05,6.56448595893365e-05,30,30,100,1000,20,C-D50 repeated-cross-fit B at native R=30
J-S18-D50,conversion_rate,topology,rho,0.0692672670703465,0.04128389959672766,0.06876277639640321,0.09816163914894185,30,30,100,1000,20,C-D50 repeated-cross-fit B at native R=30
J-S18-D50,conversion_rate,topology,tau,0.0035682639703131,0.0034619978431182576,0.0035645069691989666,0.0036617796276785975,30,30,100,1000,20,C-D50 repeated-cross-fit B at native R=30
J-S18-D50,conversion_rate,message_condition,B_total,1.4629937439804536e-05,1.4186164556961598e-05,1.4613691889324585e-05,1.501524284999261e-05,30,30,100,1000,20,C-D50 repeated-cross-fit B at native R=30
J-S18-D50,conversion_rate,message_condition,B_factor,1.3332224696843651e-05,1.2972844490955086e-05,1.3336296821491572e-05,1.3689811305433849e-05,30,30,100,1000,20,C-D50 repeated-cross-fit B at native R=30
J-S18-D50,conversion_rate,message_condition,q,0.0032517498605586,0.003164542730337814,0.0032523720718287104,0.0033377530680000675,30,30,100,1000,20,C-D50 repeated-cross-fit B at native R=30
J-S18-D50,conversion_rate,message_condition,rho,0.0189728295375669,0.018451502073313492,0.018971685198604114,0.01951089871276215,30,30,100,1000,20,C-D50 repeated-cross-fit B at native R=30
J-S18-D50,conversion_rate,message_condition,tau,0.0035682639703131,0.0034619978431182576,0.0035645069691989666,0.0036617796276785975,30,30,100,1000,20,C-D50 repeated-cross-fit B at native R=30
J-S18-D50,conversion_rate,inoculation,B_total,1.4629937439804536e-05,1.4186164556961598e-05,1.4613691889324585e-05,1.501524284999261e-05,30,30,100,1000,20,C-D50 repeated-cross-fit B at native R=30
J-S18-D50,conversion_rate,inoculation,B_factor,8.010715241883267e-07,6.968431992144665e-07,7.959523337151106e-07,8.919081768999818e-07,30,30,100,1000,20,C-D50 repeated-cross-fit B at native R=30
J-S18-D50,conversion_rate,inoculation,q,0.0001953825618985,0.00016970029279593255,0.00019425505713999554,0.00021764219968766055,30,30,100,1000,20,C-D50 repeated-cross-fit B at native R=30
J-S18-D50,conversion_rate,inoculation,rho,0.2509896568537211,0.21696763579438857,0.25175561284806597,0.288292565185365,30,30,100,1000,20,C-D50 repeated-cross-fit B at native R=30
J-S18-D50,conversion_rate,inoculation,tau,0.0035682639703131,0.0034619978431182576,0.0035645069691989666,0.0036617796276785975,30,30,100,1000,20,C-D50 repeated-cross-fit B at native R=30
J-S18-D50,conversion_rate,seeding_regime,B_total,1.4629937439804536e-05,1.4186164556961598e-05,1.4613691889324585e-05,1.501524284999261e-05,30,30,100,1000,20,C-D50 repeated-cross-fit B at native R=30
J-S18-D50,conversion_rate,seeding_regime,B_factor,2.991198070680604e-07,1.900304850000335e-07,2.864808809045014e-07,3.835982845148592e-07,30,30,100,1000,20,C-D50 repeated-cross-fit B at native R=30
J-S18-D50,conversion_rate,seeding_regime,q,7.295577542689962e-05,4.634458366409948e-05,6.988477173492852e-05,9.369220723464628e-05,30,30,100,1000,20,C-D50 repeated-cross-fit B at native R=30
J-S18-D50,conversion_rate,seeding_regime,rho,8.820285372050826e-05,5.6034069326959e-05,8.447695000414761e-05,0.00011324482589056482,30,30,100,1000,20,C-D50 repeated-cross-fit B at native R=30
J-S18-D50,conversion_rate,seeding_regime,tau,0.0035682639703131,0.0034619978431182576,0.0035645069691989666,0.0036617796276785975,30,30,100,1000,20,C-D50 repeated-cross-fit B at native R=30
J-S18-D95,conversion_rate,topology,B_total,7.728687980549475e-05,7.610510225467199e-05,7.725232421935437e-05,7.836809018028874e-05,30,30,100,1000,20,C-D50 repeated-cross-fit B at native R=30
J-S18-D95,conversion_rate,topology,B_factor,1.3376742263765532e-06,1.1483419388569555e-06,1.3442452618965373e-06,1.5277687899645668e-06,30,30,100,1000,20,C-D50 repeated-cross-fit B at native R=30
J-S18-D95,conversion_rate,topology,q,0.000326260776277,0.00027969793941269344,0.00032799493817510305,0.0003726592069986266,30,30,100,1000,20,C-D50 repeated-cross-fit B at native R=30
J-S18-D95,conversion_rate,topology,rho,0.4690987022215287,0.39565761281265416,0.4727828334469094,0.5572672496583311,30,30,100,1000,20,C-D50 repeated-cross-fit B at native R=30
J-S18-D95,conversion_rate,topology,tau,0.0188503874143396,0.01856707056589909,0.018844929600591302,0.0191188491602926,30,30,100,1000,20,C-D50 repeated-cross-fit B at native R=30
J-S18-D95,conversion_rate,message_condition,B_total,7.728687980549475e-05,7.610510225467199e-05,7.725232421935437e-05,7.836809018028874e-05,30,30,100,1000,20,C-D50 repeated-cross-fit B at native R=30
J-S18-D95,conversion_rate,message_condition,B_factor,6.985115226955449e-05,6.875297894612572e-05,6.984612330709391e-05,7.081644709065346e-05,30,30,100,1000,20,C-D50 repeated-cross-fit B at native R=30
J-S18-D95,conversion_rate,message_condition,q,0.0170368021704702,0.01677798144494362,0.01703685700997142,0.017269257968320226,30,30,100,1000,20,C-D50 repeated-cross-fit B at native R=30
J-S18-D95,conversion_rate,message_condition,rho,0.0994038155782541,0.0977165342955264,0.09940893817777526,0.10088554660503136,30,30,100,1000,20,C-D50 repeated-cross-fit B at native R=30
J-S18-D95,conversion_rate,message_condition,tau,0.0188503874143396,0.01856707056589909,0.018844929600591302,0.0191188491602926,30,30,100,1000,20,C-D50 repeated-cross-fit B at native R=30
J-S18-D95,conversion_rate,inoculation,B_total,7.728687980549475e-05,7.610510225467199e-05,7.725232421935437e-05,7.836809018028874e-05,30,30,100,1000,20,C-D50 repeated-cross-fit B at native R=30
J-S18-D95,conversion_rate,inoculation,B_factor,3.537300738086617e-06,3.251353035721482e-06,3.5058818654364366e-06,3.753206520533396e-06,30,30,100,1000,20,C-D50 repeated-cross-fit B at native R=30
J-S18-D95,conversion_rate,inoculation,q,0.0008627530245983,0.0007924215898518176,0.0008553036281808569,0.000916284802437892,30,30,100,1000,20,C-D50 repeated-cross-fit B at native R=30
J-S18-D95,conversion_rate,inoculation,rho,1.108297913023872,0.985263250876414,1.1077488134774143,1.2408557898826655,30,30,100,1000,20,C-D50 repeated-cross-fit B at native R=30
J-S18-D95,conversion_rate,inoculation,tau,0.0188503874143396,0.01856707056589909,0.018844929600591302,0.0191188491602926,30,30,100,1000,20,C-D50 repeated-cross-fit B at native R=30
J-S18-D95,conversion_rate,seeding_regime,B_total,7.728687980549475e-05,7.610510225467199e-05,7.725232421935437e-05,7.836809018028874e-05,30,30,100,1000,20,C-D50 repeated-cross-fit B at native R=30
J-S18-D95,conversion_rate,seeding_regime,B_factor,2.5607525714770897e-06,2.3538561650196865e-06,2.5811659868850012e-06,2.8130552390752785e-06,30,30,100,1000,20,C-D50 repeated-cross-fit B at native R=30
J-S18-D95,conversion_rate,seeding_regime,q,0.0006245714429938,0.0005734896439591253,0.0006293450364622854,0.0006864781350543503,30,30,100,1000,20,C-D50 repeated-cross-fit B at native R=30
J-S18-D95,conversion_rate,seeding_regime,rho,0.0007551010636517,0.0006931696444237609,0.0007606860830370832,0.0008300142178351536,30,30,100,1000,20,C-D50 repeated-cross-fit B at native R=30
J-S18-D95,conversion_rate,seeding_regime,tau,0.0188503874143396,0.01856707056589909,0.018844929600591302,0.0191188491602926,30,30,100,1000,20,C-D50 repeated-cross-fit B at native R=30
NC-NoOp,conversion_rate,topology,B_total,0.0041000154589237,0.004088912060754803,0.004099890117634411,0.004111190166499048,30,30,100,1000,20,C-D50 repeated-cross-fit B at native R=30
NC-NoOp,conversion_rate,topology,B_factor,2.85158372863041e-06,2.5348036700796387e-06,2.8455323424899856e-06,3.1177823251123536e-06,30,30,100,1000,20,C-D50 repeated-cross-fit B at native R=30
NC-NoOp,conversion_rate,topology,q,0.0006955056041127,0.000618330065673877,0.0006936963362639686,0.0007620233094863338,30,30,100,1000,20,C-D50 repeated-cross-fit B at native R=30
NC-NoOp,conversion_rate,topology,rho,1.0,1.0,1.0,1.0,30,30,100,1000,20,C-D50 repeated-cross-fit B at native R=30
NC-NoOp,conversion_rate,topology,tau,1.0,1.0,1.0,1.0,30,30,100,1000,20,C-D50 repeated-cross-fit B at native R=30
NC-NoOp,conversion_rate,message_condition,B_total,0.0041000154589237,0.004088912060754803,0.004099890117634411,0.004111190166499048,30,30,100,1000,20,C-D50 repeated-cross-fit B at native R=30
NC-NoOp,conversion_rate,message_condition,B_factor,0.0007027009160887,0.0006991409358605465,0.0007025962413415696,0.0007061180524828031,30,30,100,1000,20,C-D50 repeated-cross-fit B at native R=30
NC-NoOp,conversion_rate,message_condition,q,0.1713898211186705,0.1708016130107458,0.171374037105498,0.1719190454609593,30,30,100,1000,20,C-D50 repeated-cross-fit B at native R=30
NC-NoOp,conversion_rate,message_condition,rho,1.0,1.0,1.0,1.0,30,30,100,1000,20,C-D50 repeated-cross-fit B at native R=30
NC-NoOp,conversion_rate,message_condition,tau,1.0,1.0,1.0,1.0,30,30,100,1000,20,C-D50 repeated-cross-fit B at native R=30
NC-NoOp,conversion_rate,inoculation,B_total,0.0041000154589237,0.004088912060754803,0.004099890117634411,0.004111190166499048,30,30,100,1000,20,C-D50 repeated-cross-fit B at native R=30
NC-NoOp,conversion_rate,inoculation,B_factor,3.191651537478286e-06,2.9033345427313845e-06,3.1654818137632178e-06,3.4290112840217395e-06,30,30,100,1000,20,C-D50 repeated-cross-fit B at native R=30
NC-NoOp,conversion_rate,inoculation,q,0.0007784486593901,0.000707695727180852,0.0007723261994692849,0.0008365423555213153,30,30,100,1000,20,C-D50 repeated-cross-fit B at native R=30
NC-NoOp,conversion_rate,inoculation,rho,1.0,1.0,1.0,1.0,30,30,100,1000,20,C-D50 repeated-cross-fit B at native R=30
NC-NoOp,conversion_rate,inoculation,tau,1.0,1.0,1.0,1.0,30,30,100,1000,20,C-D50 repeated-cross-fit B at native R=30
NC-NoOp,conversion_rate,seeding_regime,B_total,0.0041000154589237,0.004088912060754803,0.004099890117634411,0.004111190166499048,30,30,100,1000,20,C-D50 repeated-cross-fit B at native R=30
NC-NoOp,conversion_rate,seeding_regime,B_factor,0.0033912713075689,0.003382687712789146,0.003391377897788559,0.003399815529205923,30,30,100,1000,20,C-D50 repeated-cross-fit B at native R=30
NC-NoOp,conversion_rate,seeding_regime,q,0.8271362246178265,0.8266189636872664,0.827155063822298,0.8277496069346342,30,30,100,1000,20,C-D50 repeated-cross-fit B at native R=30
NC-NoOp,conversion_rate,seeding_regime,rho,1.0,1.0,1.0,1.0,30,30,100,1000,20,C-D50 repeated-cross-fit B at native R=30
NC-NoOp,conversion_rate,seeding_regime,tau,1.0,1.0,1.0,1.0,30,30,100,1000,20,C-D50 repeated-cross-fit B at native R=30
PC-M01,conversion_rate,topology,B_total,3.886110191094731e-05,3.8424262272270515e-05,3.885096657523876e-05,3.926416899522317e-05,30,30,100,1000,20,C-D50 repeated-cross-fit B at native R=30
PC-M01,conversion_rate,topology,B_factor,7.107333281236774e-08,2.0706302222967302e-08,6.471985835383809e-08,1.0666041308886896e-07,30,30,100,1000,20,C-D50 repeated-cross-fit B at native R=30
PC-M01,conversion_rate,topology,q,1.7334893861845056e-05,5.053443935807848e-06,1.5776928755289973e-05,2.603432814006322e-05,30,30,100,1000,20,C-D50 repeated-cross-fit B at native R=30
PC-M01,conversion_rate,topology,rho,0.0249241612998344,0.0072817238526974954,0.02293585337369962,0.038535552951552685,30,30,100,1000,20,C-D50 repeated-cross-fit B at native R=30
PC-M01,conversion_rate,topology,tau,0.0094782818016856,0.009380239401864611,0.009474553418551336,0.009573775175881573,30,30,100,1000,20,C-D50 repeated-cross-fit B at native R=30
PC-M01,conversion_rate,message_condition,B_total,3.886110191094731e-05,3.8424262272270515e-05,3.885096657523876e-05,3.926416899522317e-05,30,30,100,1000,20,C-D50 repeated-cross-fit B at native R=30
PC-M01,conversion_rate,message_condition,B_factor,3.545591318425705e-05,3.51344818903813e-05,3.546481381298096e-05,3.57956097060674e-05,30,30,100,1000,20,C-D50 repeated-cross-fit B at native R=30
PC-M01,conversion_rate,message_condition,q,0.008647751097398,0.008569928466809831,0.008649915251133443,0.008727514011812834,30,30,100,1000,20,C-D50 repeated-cross-fit B at native R=30
PC-M01,conversion_rate,message_condition,rho,0.0504566201245424,0.05000200655483746,0.05045881245206267,0.05096084338022192,30,30,100,1000,20,C-D50 repeated-cross-fit B at native R=30
PC-M01,conversion_rate,message_condition,tau,0.0094782818016856,0.009380239401864611,0.009474553418551336,0.009573775175881573,30,30,100,1000,20,C-D50 repeated-cross-fit B at native R=30
PC-M01,conversion_rate,inoculation,B_total,3.886110191094731e-05,3.8424262272270515e-05,3.885096657523876e-05,3.926416899522317e-05,30,30,100,1000,20,C-D50 repeated-cross-fit B at native R=30
PC-M01,conversion_rate,inoculation,B_factor,1.1370317488693765e-07,6.941044130479658e-08,1.1519245563805258e-07,1.6292117425212005e-07,30,30,100,1000,20,C-D50 repeated-cross-fit B at native R=30
PC-M01,conversion_rate,inoculation,q,2.7732377115666692e-05,1.6931448072990736e-05,2.810256303962564e-05,3.974141900895916e-05,30,30,100,1000,20,C-D50 repeated-cross-fit B at native R=30
PC-M01,conversion_rate,inoculation,rho,0.0356251845014303,0.02156927370773166,0.03645987160671263,0.051227323285797134,30,30,100,1000,20,C-D50 repeated-cross-fit B at native R=30
PC-M01,conversion_rate,inoculation,tau,0.0094782818016856,0.009380239401864611,0.009474553418551336,0.009573775175881573,30,30,100,1000,20,C-D50 repeated-cross-fit B at native R=30
PC-M01,conversion_rate,seeding_regime,B_total,3.886110191094731e-05,3.8424262272270515e-05,3.885096657523876e-05,3.926416899522317e-05,30,30,100,1000,20,C-D50 repeated-cross-fit B at native R=30
PC-M01,conversion_rate,seeding_regime,B_factor,3.2204122189909614e-06,3.035896164925584e-06,3.2031536421600853e-06,3.3829618638420163e-06,30,30,100,1000,20,C-D50 repeated-cross-fit B at native R=30
PC-M01,conversion_rate,seeding_regime,q,0.0007854634333101,0.0007412544563504056,0.0007812854215953848,0.0008238550324131192,30,30,100,1000,20,C-D50 repeated-cross-fit B at native R=30
PC-M01,conversion_rate,seeding_regime,rho,0.000949617983027,0.0008962046868758318,0.000944619712930365,0.0009960761633344148,30,30,100,1000,20,C-D50 repeated-cross-fit B at native R=30
PC-M01,conversion_rate,seeding_regime,tau,0.0094782818016856,0.009380239401864611,0.009474553418551336,0.009573775175881573,30,30,100,1000,20,C-D50 repeated-cross-fit B at native R=30
PC-M05,conversion_rate,topology,B_total,1.3667786477312629e-05,1.3493316911345705e-05,1.3670411466640436e-05,1.384805538372669e-05,30,30,100,1000,20,C-D50 repeated-cross-fit B at native R=30
PC-M05,conversion_rate,topology,B_factor,1.3031031914147718e-08,-1.0314946281055943e-09,1.394903289750253e-08,3.0334078680205365e-08,30,30,100,1000,20,C-D50 repeated-cross-fit B at native R=30
PC-M05,conversion_rate,topology,q,3.1782884832264127e-06,-2.5214765587846497e-07,3.3989625838522256e-06,7.396789479491681e-06,30,30,100,1000,20,C-D50 repeated-cross-fit B at native R=30
PC-M05,conversion_rate,topology,rho,0.004569752514476,-0.00039390104348817134,0.004899488593636715,0.010836451219648097,30,30,100,1000,20,C-D50 repeated-cross-fit B at native R=30
PC-M05,conversion_rate,topology,tau,0.0033335938886679,0.003292473593284173,0.0033342643476463873,0.0033750114729962735,30,30,100,1000,20,C-D50 repeated-cross-fit B at native R=30
PC-M05,conversion_rate,message_condition,B_total,1.3667786477312629e-05,1.3493316911345705e-05,1.3670411466640436e-05,1.384805538372669e-05,30,30,100,1000,20,C-D50 repeated-cross-fit B at native R=30
PC-M05,conversion_rate,message_condition,B_factor,3.003635004793563e-06,2.9265831246124195e-06,3.0067075711736354e-06,3.086323955865377e-06,30,30,100,1000,20,C-D50 repeated-cross-fit B at native R=30
PC-M05,conversion_rate,message_condition,q,0.0007325911413958,0.0007142163465294998,0.0007334665021872265,0.0007526113335980858,30,30,100,1000,20,C-D50 repeated-cross-fit B at native R=30
PC-M05,conversion_rate,message_condition,rho,0.0042744145283201,0.004173400040042199,0.00428128002020222,0.00438280110910605,30,30,100,1000,20,C-D50 repeated-cross-fit B at native R=30
PC-M05,conversion_rate,message_condition,tau,0.0033335938886679,0.003292473593284173,0.0033342643476463873,0.0033750114729962735,30,30,100,1000,20,C-D50 repeated-cross-fit B at native R=30
PC-M05,conversion_rate,inoculation,B_total,1.3667786477312629e-05,1.3493316911345705e-05,1.3670411466640436e-05,1.384805538372669e-05,30,30,100,1000,20,C-D50 repeated-cross-fit B at native R=30
PC-M05,conversion_rate,inoculation,B_factor,-1.1699801561259499e-09,-1.0622301781822927e-08,1.3488141212503656e-09,1.22982106346103e-08,30,30,100,1000,20,C-D50 repeated-cross-fit B at native R=30
PC-M05,conversion_rate,inoculation,q,-2.853599377483954e-07,-2.58627630257392e-06,3.293389141164914e-07,3.000132357515132e-06,30,30,100,1000,20,C-D50 repeated-cross-fit B at native R=30
PC-M05,conversion_rate,inoculation,rho,-0.0003665751547082,-0.0034706330916731455,0.0004287973631293099,0.0038424080281157357,30,30,100,1000,20,C-D50 repeated-cross-fit B at native R=30
PC-M05,conversion_rate,inoculation,tau,0.0033335938886679,0.003292473593284173,0.0033342643476463873,0.0033750114729962735,30,30,100,1000,20,C-D50 repeated-cross-fit B at native R=30
PC-M05,conversion_rate,seeding_regime,B_total,1.3667786477312629e-05,1.3493316911345705e-05,1.3670411466640436e-05,1.384805538372669e-05,30,30,100,1000,20,C-D50 repeated-cross-fit B at native R=30
PC-M05,conversion_rate,seeding_regime,B_factor,1.065229042076104e-05,1.0523530324146338e-05,1.0648975718560435e-05,1.0777339434094757e-05,30,30,100,1000,20,C-D50 repeated-cross-fit B at native R=30
PC-M05,conversion_rate,seeding_regime,q,0.0025981098187266,0.0025677199957441386,0.0025965918729237017,0.002628417233963122,30,30,100,1000,20,C-D50 repeated-cross-fit B at native R=30
PC-M05,conversion_rate,seeding_regime,rho,0.0031410905983801,0.0031039391008197393,0.003139362212757787,0.003177064950296326,30,30,100,1000,20,C-D50 repeated-cross-fit B at native R=30
PC-M05,conversion_rate,seeding_regime,tau,0.0033335938886679,0.003292473593284173,0.0033342643476463873,0.0033750114729962735,30,30,100,1000,20,C-D50 repeated-cross-fit B at native R=30
S-A06,conversion_rate,topology,B_total,0.0003270311065208,0.00032559004400368004,0.000327099781538689,0.000328618923129556,30,30,100,1000,20,C-D50 repeated-cross-fit B at native R=30
S-A06,conversion_rate,topology,B_factor,2.7289846847662123e-08,-9.87201638974136e-09,4.334814892515462e-08,9.392331384522374e-08,30,30,100,1000,20,C-D50 repeated-cross-fit B at native R=30
S-A06,conversion_rate,topology,q,6.656035110371377e-06,-2.407433692906633e-06,1.0562745279571125e-05,2.2971460067055322e-05,30,30,100,1000,20,C-D50 repeated-cross-fit B at native R=30
S-A06,conversion_rate,topology,rho,0.0095700668276604,-0.003450050388869524,0.015117129807722111,0.033029361174019466,30,30,100,1000,20,C-D50 repeated-cross-fit B at native R=30
S-A06,conversion_rate,topology,tau,0.0797633837718964,0.07943152172106496,0.07977878833135772,0.08012183302029616,30,30,100,1000,20,C-D50 repeated-cross-fit B at native R=30
S-A06,conversion_rate,message_condition,B_total,0.0003270311065208,0.00032559004400368004,0.000327099781538689,0.000328618923129556,30,30,100,1000,20,C-D50 repeated-cross-fit B at native R=30
S-A06,conversion_rate,message_condition,B_factor,7.402070655867123e-06,7.2033623098236785e-06,7.408518841286138e-06,7.639730391234562e-06,30,30,100,1000,20,C-D50 repeated-cross-fit B at native R=30
S-A06,conversion_rate,message_condition,q,0.0018053762796811,0.0017550017170487446,0.0018068447293201704,0.001865848658168252,30,30,100,1000,20,C-D50 repeated-cross-fit B at native R=30
S-A06,conversion_rate,message_condition,rho,0.0105337427152755,0.01023214761610964,0.010542363979056137,0.010881837420605226,30,30,100,1000,20,C-D50 repeated-cross-fit B at native R=30
S-A06,conversion_rate,message_condition,tau,0.0797633837718964,0.07943152172106496,0.07977878833135772,0.08012183302029616,30,30,100,1000,20,C-D50 repeated-cross-fit B at native R=30
S-A06,conversion_rate,inoculation,B_total,0.0003270311065208,0.00032559004400368004,0.000327099781538689,0.000328618923129556,30,30,100,1000,20,C-D50 repeated-cross-fit B at native R=30
S-A06,conversion_rate,inoculation,B_factor,2.0485094020712026e-07,1.4493069960484683e-07,2.0883410674485056e-07,2.7400826536624017e-07,30,30,100,1000,20,C-D50 repeated-cross-fit B at native R=30
S-A06,conversion_rate,inoculation,q,4.996345556728504e-05,3.5330130998121166e-05,5.091412435219088e-05,6.683848414480724e-05,30,30,100,1000,20,C-D50 repeated-cross-fit B at native R=30
S-A06,conversion_rate,inoculation,rho,0.0641833664488863,0.047665310061656446,0.0662136040088098,0.08676606565703555,30,30,100,1000,20,C-D50 repeated-cross-fit B at native R=30
S-A06,conversion_rate,inoculation,tau,0.0797633837718964,0.07943152172106496,0.07977878833135772,0.08012183302029616,30,30,100,1000,20,C-D50 repeated-cross-fit B at native R=30
S-A06,conversion_rate,seeding_regime,B_total,0.0003270311065208,0.00032559004400368004,0.000327099781538689,0.000328618923129556,30,30,100,1000,20,C-D50 repeated-cross-fit B at native R=30
S-A06,conversion_rate,seeding_regime,B_factor,0.0003193968950779,0.00031796622751846494,0.00031941850573179506,0.00032091646199714836,30,30,100,1000,20,C-D50 repeated-cross-fit B at native R=30
S-A06,conversion_rate,seeding_regime,q,0.0779013880015376,0.07757820105270705,0.07791056557607107,0.07822591013088624,30,30,100,1000,20,C-D50 repeated-cross-fit B at native R=30
S-A06,conversion_rate,seeding_regime,rho,0.0941820533099387,0.09381014172917852,0.09418521848107722,0.09454322262301676,30,30,100,1000,20,C-D50 repeated-cross-fit B at native R=30
S-A06,conversion_rate,seeding_regime,tau,0.0797633837718964,0.07943152172106496,0.07977878833135772,0.08012183302029616,30,30,100,1000,20,C-D50 repeated-cross-fit B at native R=30
S-A18,conversion_rate,topology,B_total,0.006773769533051,0.006758328331576752,0.006773690016545475,0.006788612539994317,30,30,100,1000,20,C-D50 repeated-cross-fit B at native R=30
S-A18,conversion_rate,topology,B_factor,6.037917104435536e-06,5.581748006032656e-06,6.043845554250271e-06,6.509006923124044e-06,30,30,100,1000,20,C-D50 repeated-cross-fit B at native R=30
S-A18,conversion_rate,topology,q,0.0014726571557904,0.001360541901522546,0.0014745006963900512,0.0015869846292815761,30,30,100,1000,20,C-D50 repeated-cross-fit B at native R=30
S-A18,conversion_rate,topology,rho,2.1173907831685845,1.9626398258499822,2.133537472966916,2.3276491964580885,30,30,100,1000,20,C-D50 repeated-cross-fit B at native R=30
S-A18,conversion_rate,topology,tau,1.652132681184849,1.6497391597989646,1.6521564263515627,1.6547151139963798,30,30,100,1000,20,C-D50 repeated-cross-fit B at native R=30
S-A18,conversion_rate,message_condition,B_total,0.006773769533051,0.006758328331576752,0.006773690016545475,0.006788612539994317,30,30,100,1000,20,C-D50 repeated-cross-fit B at native R=30
S-A18,conversion_rate,message_condition,B_factor,0.0002493242966899,0.00024648445600035455,0.00024929885836517127,0.0002520636262951109,30,30,100,1000,20,C-D50 repeated-cross-fit B at native R=30
S-A18,conversion_rate,message_condition,q,0.0608105747863214,0.06011155692958758,0.06080243357043046,0.06147857091722532,30,30,100,1000,20,C-D50 repeated-cross-fit B at native R=30
S-A18,conversion_rate,message_condition,rho,0.3548085550787528,0.35090339942476906,0.3547753121482012,0.3588032117474163,30,30,100,1000,20,C-D50 repeated-cross-fit B at native R=30
S-A18,conversion_rate,message_condition,tau,1.652132681184849,1.6497391597989646,1.6521564263515627,1.6547151139963798,30,30,100,1000,20,C-D50 repeated-cross-fit B at native R=30
S-A18,conversion_rate,inoculation,B_total,0.006773769533051,0.006758328331576752,0.006773690016545475,0.006788612539994317,30,30,100,1000,20,C-D50 repeated-cross-fit B at native R=30
S-A18,conversion_rate,inoculation,B_factor,5.408675620766838e-06,5.027875667122363e-06,5.3860877228216475e-06,5.787332896534927e-06,30,30,100,1000,20,C-D50 repeated-cross-fit B at native R=30
S-A18,conversion_rate,inoculation,q,0.0013191842018533,0.0012262443924533823,0.0013135802130821933,0.0014088088124590617,30,30,100,1000,20,C-D50 repeated-cross-fit B at native R=30
S-A18,conversion_rate,inoculation,rho,1.6946322483062215,1.5903414224971584,1.7022174042784919,1.8155058752273698,30,30,100,1000,20,C-D50 repeated-cross-fit B at native R=30
S-A18,conversion_rate,inoculation,tau,1.652132681184849,1.6497391597989646,1.6521564263515627,1.6547151139963798,30,30,100,1000,20,C-D50 repeated-cross-fit B at native R=30
S-A18,conversion_rate,seeding_regime,B_total,0.006773769533051,0.006758328331576752,0.006773690016545475,0.006788612539994317,30,30,100,1000,20,C-D50 repeated-cross-fit B at native R=30
S-A18,conversion_rate,seeding_regime,B_factor,0.0065129986436359,0.006498892128579152,0.006513077602133547,0.006526499683845611,30,30,100,1000,20,C-D50 repeated-cross-fit B at native R=30
S-A18,conversion_rate,seeding_regime,q,1.588530265040884,1.586294428924618,1.5885596735317855,1.590971064993933,30,30,100,1000,20,C-D50 repeated-cross-fit B at native R=30
S-A18,conversion_rate,seeding_regime,rho,1.9205183109648656,1.9180708740437695,1.9205414641387812,1.922981700927504,30,30,100,1000,20,C-D50 repeated-cross-fit B at native R=30
S-A18,conversion_rate,seeding_regime,tau,1.652132681184849,1.6497391597989646,1.6521564263515627,1.6547151139963798,30,30,100,1000,20,C-D50 repeated-cross-fit B at native R=30
